{
"type": "FeatureCollection",
"name": "admin_boundary",
"crs": { "type": "name", "properties": { "name": "urn:ogc:def:crs:EPSG::5234" } },
"features": [
{ "type": "Feature", "properties": { "PROVINCE_N": "Western Province", "Area": 1382.1571166900001, "District": "Gampaha", "Sinhalese": 1877545.0, "SL_Tamils": 65302.0, "Ind_Tamils": 7621.0, "Moor": 78705.0, "Burgher": 11093.0, "Malay": 13683.0, "Other": 9735.0, "Male": 1007702.0, "Female": 1055982.0, "Pop1963": 900000.0, "Pop1971": 1100000.0, "Pop1981_": 1390862, "Pop2001_": 2063684, "Pop2012": 2296341, "Sin_2012": 2080472, "In_Tam2012": 9571, "Sl_Tam2012": 80084, "Mus_2012": 96948, "Other_2012": 29266 }, "geometry": { "type": "MultiPolygon", "coordinates": [ [ [ [ 96043.828125, 221225.09375 ], [ 96048.2734375, 221221.796875 ], [ 96064.09375, 221209.796875 ], [ 96074.1796875, 221194.5 ], [ 96077.859375, 221166.59375 ], [ 96079.0234375, 221145.0 ], [ 96081.453125, 221122.203125 ], [ 96083.9296875, 221110.703125 ], [ 96095.2890625, 221094.203125 ], [ 96109.3671875, 221111.90625 ], [ 96112.0078125, 221132.203125 ], [ 96113.390625, 221155.0 ], [ 96114.75, 221172.796875 ], [ 96118.6328125, 221184.203125 ], [ 96125.0390625, 221195.59375 ], [ 96145.4296875, 221206.90625 ], [ 96160.703125, 221210.703125 ], [ 96170.9375, 221223.296875 ], [ 96177.3828125, 221239.796875 ], [ 96177.453125, 221253.703125 ], [ 96177.546875, 221275.296875 ], [ 96177.640625, 221291.796875 ], [ 96176.453125, 221307.0 ], [ 96184.1484375, 221322.296875 ], [ 96200.7265625, 221332.296875 ], [ 96219.84375, 221341.09375 ], [ 96235.09375, 221342.296875 ], [ 96246.546875, 221343.5 ], [ 96259.15625, 221323.203125 ], [ 96259.078125, 221307.90625 ], [ 96256.46875, 221295.296875 ], [ 96260.1796875, 221273.703125 ], [ 96262.6328125, 221254.59375 ], [ 96262.5625, 221241.90625 ], [ 96258.671875, 221226.703125 ], [ 96247.1328125, 221205.203125 ], [ 96247.0, 221181.09375 ], [ 96243.0703125, 221157.0 ], [ 96233.9921875, 221121.5 ], [ 96227.4375, 221082.203125 ], [ 96223.40625, 221040.296875 ], [ 96215.59375, 220999.703125 ], [ 96214.03125, 220943.90625 ], [ 96211.2578125, 220896.90625 ], [ 96204.75, 220866.5 ], [ 96191.8984375, 220839.90625 ], [ 96182.921875, 220823.5 ], [ 96171.40625, 220808.296875 ], [ 96152.296875, 220800.796875 ], [ 96123.0234375, 220792.0 ], [ 96102.6796875, 220792.09375 ], [ 96086.109375, 220785.0 ], [ 96051.7890625, 220784.703125 ], [ 96044.21875, 220796.203125 ], [ 96043.0390625, 220813.90625 ], [ 96036.7734375, 220831.703125 ], [ 96029.2734375, 220855.90625 ], [ 96023.0, 220873.703125 ], [ 96020.5625, 220895.296875 ], [ 96019.3671875, 220909.203125 ], [ 96020.8515625, 220952.40625 ], [ 96025.0, 221019.59375 ], [ 96026.34375, 221033.59375 ], [ 96034.2421875, 221088.09375 ], [ 96038.21875, 221121.09375 ], [ 96038.3828125, 221151.59375 ], [ 96037.21875, 221174.40625 ], [ 96034.78125, 221196.0 ], [ 96034.8515625, 221209.5 ], [ 96034.859375, 221211.203125 ], [ 96043.828125, 221225.09375 ] ] ], [ [ [ 95888.6171875, 220439.0 ], [ 95870.890625, 220453.0 ], [ 95863.3203125, 220464.40625 ], [ 95850.6875, 220481.0 ], [ 95841.8828125, 220498.796875 ], [ 95821.7578125, 220542.0 ], [ 95796.5234375, 220580.203125 ], [ 95786.5078125, 220610.796875 ], [ 95793.0390625, 220646.296875 ], [ 95798.3203125, 220685.59375 ], [ 95795.8984375, 220708.40625 ], [ 95792.25, 220741.5 ], [ 95796.1796875, 220765.5 ], [ 95821.59375, 220762.90625 ], [ 95832.8828125, 220731.09375 ], [ 95858.078125, 220686.59375 ], [ 95875.7421875, 220661.09375 ], [ 95881.9765625, 220637.0 ], [ 95891.9609375, 220598.796875 ], [ 95894.3125, 220560.796875 ], [ 95903.0234375, 220522.59375 ], [ 95911.75, 220489.59375 ], [ 95912.8828125, 220461.703125 ], [ 95888.6171875, 220439.0 ] ] ], [ [ [ 95803.7265625, 221260.59375 ], [ 95801.3203125, 221283.40625 ], [ 95801.453125, 221310.0 ], [ 95801.546875, 221330.296875 ], [ 95802.8984375, 221345.5 ], [ 95810.6328125, 221367.09375 ], [ 95823.4296875, 221383.5 ], [ 95833.65625, 221394.90625 ], [ 95850.2578125, 221410.0 ], [ 95874.4375, 221415.0 ], [ 95885.8671875, 221413.703125 ], [ 95897.2890625, 221409.796875 ], [ 95911.1796875, 221390.703125 ], [ 95906.0, 221371.703125 ], [ 95898.2421875, 221346.40625 ], [ 95891.8125, 221331.203125 ], [ 95894.2734375, 221313.40625 ], [ 95903.09375, 221296.90625 ], [ 95911.921875, 221285.40625 ], [ 95915.6484375, 221267.59375 ], [ 95916.6875, 221263.0 ], [ 95917.25, 221260.5 ], [ 95919.3828125, 221251.09375 ], [ 95918.03125, 221235.90625 ], [ 95910.28125, 221211.796875 ], [ 95906.3828125, 221194.0 ], [ 95896.1328125, 221177.59375 ], [ 95884.6328125, 221164.90625 ], [ 95875.65625, 221151.0 ], [ 95870.4609375, 221129.5 ], [ 95866.5390625, 221107.90625 ], [ 95862.6171875, 221086.40625 ], [ 95861.8203125, 221081.703125 ], [ 95798.7890625, 221032.09375 ], [ 95795.0625, 221049.796875 ], [ 95797.671875, 221063.796875 ], [ 95800.296875, 221079.0 ], [ 95802.921875, 221095.5 ], [ 95805.546875, 221112.0 ], [ 95801.796875, 221126.0 ], [ 95795.5234375, 221140.0 ], [ 95786.6875, 221154.0 ], [ 95775.3828125, 221179.40625 ], [ 95776.7265625, 221197.203125 ], [ 95783.15625, 221212.40625 ], [ 95796.0390625, 221245.296875 ], [ 95801.6484375, 221256.5 ], [ 95803.7265625, 221260.59375 ] ] ], [ [ [ 95748.9765625, 221259.5 ], [ 95699.4921875, 221258.40625 ], [ 95677.90625, 221262.296875 ], [ 95666.46875, 221263.703125 ], [ 95651.25, 221270.09375 ], [ 95637.34375, 221284.09375 ], [ 95631.078125, 221304.40625 ], [ 95629.9609375, 221334.90625 ], [ 95623.703125, 221352.703125 ], [ 95611.0625, 221368.0 ], [ 95595.859375, 221379.5 ], [ 95599.78125, 221399.796875 ], [ 95617.65625, 221416.203125 ], [ 95639.3203125, 221427.5 ], [ 95658.421875, 221433.796875 ], [ 95673.7734375, 221452.703125 ], [ 95685.28125, 221465.40625 ], [ 95701.8515625, 221475.5 ], [ 95717.171875, 221488.09375 ], [ 95731.203125, 221496.90625 ], [ 95738.921875, 221515.90625 ], [ 95738.9765625, 221528.59375 ], [ 95741.59375, 221540.0 ], [ 95758.1328125, 221542.5 ], [ 95769.5703125, 221543.703125 ], [ 95792.3671875, 221527.09375 ], [ 95810.09375, 221513.0 ], [ 95822.7265625, 221496.5 ], [ 95827.7265625, 221481.203125 ], [ 95828.953125, 221469.796875 ], [ 95828.8828125, 221455.796875 ], [ 95822.4609375, 221443.203125 ], [ 95810.9609375, 221431.796875 ], [ 95798.15625, 221415.40625 ], [ 95785.3828125, 221400.203125 ], [ 95776.3671875, 221378.703125 ], [ 95771.203125, 221362.203125 ], [ 95771.09375, 221340.59375 ], [ 95777.2890625, 221308.796875 ], [ 95774.65625, 221291.09375 ], [ 95763.1171875, 221270.796875 ], [ 95748.9765625, 221259.5 ] ] ], [ [ [ 95770.6484375, 222226.40625 ], [ 95772.90625, 222210.0 ], [ 95741.09375, 222202.5 ], [ 95713.15625, 222211.5 ], [ 95677.546875, 222206.59375 ], [ 95653.4375, 222215.59375 ], [ 95640.859375, 222241.0 ], [ 95640.9296875, 222255.0 ], [ 95637.2265625, 222279.09375 ], [ 95656.453125, 222309.5 ], [ 95681.9375, 222322.09375 ], [ 95720.0390625, 222314.296875 ], [ 95744.109375, 222297.703125 ], [ 95757.953125, 222268.5 ], [ 95769.2265625, 222236.703125 ], [ 95770.6484375, 222226.40625 ] ] ], [ [ [ 96495.9765625, 222413.59375 ], [ 96454.046875, 222417.59375 ], [ 96419.7734375, 222427.90625 ], [ 96408.4609375, 222453.40625 ], [ 96408.6328125, 222487.59375 ], [ 96413.8828125, 222519.296875 ], [ 96435.75, 222571.296875 ], [ 96446.1328125, 222614.40625 ], [ 96446.296875, 222647.40625 ], [ 96440.1171875, 222681.703125 ], [ 96440.2578125, 222710.90625 ], [ 96445.4609375, 222733.703125 ], [ 96457.09375, 222771.703125 ], [ 96456.0, 222808.5 ], [ 96463.7734375, 222836.40625 ], [ 96488.09375, 222868.0 ], [ 96517.2265625, 222848.90625 ], [ 96531.046875, 222818.296875 ], [ 96547.3671875, 222776.40625 ], [ 96561.1328125, 222730.59375 ], [ 96561.0, 222705.203125 ], [ 96553.203125, 222669.703125 ], [ 96542.8515625, 222635.5 ], [ 96549.0078125, 222596.09375 ], [ 96551.40625, 222566.90625 ], [ 96562.6015625, 222518.703125 ], [ 96563.7578125, 222494.5 ], [ 96557.2890625, 222471.703125 ], [ 96545.7265625, 222447.703125 ], [ 96526.5, 222417.296875 ], [ 96495.9765625, 222413.59375 ] ] ], [ [ [ 95934.4609375, 222301.90625 ], [ 95952.7890625, 222337.40625 ], [ 95970.59375, 222338.59375 ], [ 95976.9609375, 222341.09375 ], [ 95980.84375, 222353.796875 ], [ 95983.40625, 222361.296875 ], [ 95978.4765625, 222391.796875 ], [ 95971.0234375, 222424.90625 ], [ 95958.4765625, 222457.90625 ], [ 95940.84375, 222489.703125 ], [ 95919.34375, 222513.90625 ], [ 95891.46875, 222531.796875 ], [ 95857.2421875, 222551.0 ], [ 95814.203125, 222586.796875 ], [ 95807.9765625, 222612.203125 ], [ 95803.03125, 222640.09375 ], [ 95786.6484375, 222669.40625 ], [ 95780.4609375, 222703.703125 ], [ 95780.59375, 222727.796875 ], [ 95790.90625, 222758.203125 ], [ 95803.7734375, 222787.296875 ], [ 95848.40625, 222816.296875 ], [ 95877.6875, 222825.09375 ], [ 95900.5703125, 222826.296875 ], [ 95927.2578125, 222824.90625 ], [ 95952.6171875, 222812.0 ], [ 95981.78125, 222796.703125 ], [ 96029.953125, 222769.796875 ], [ 96056.59375, 222759.5 ], [ 96094.6875, 222750.5 ], [ 96129.0703125, 222763.0 ], [ 96162.34375, 222807.296875 ], [ 96180.2734375, 222831.296875 ], [ 96204.546875, 222859.203125 ], [ 96240.203125, 222867.90625 ], [ 96278.2734375, 222855.0 ], [ 96304.8828125, 222837.09375 ], [ 96307.296875, 222813.0 ], [ 96275.3828125, 222786.5 ], [ 96253.609375, 222754.90625 ], [ 96254.71875, 222721.796875 ], [ 96243.1328125, 222692.703125 ], [ 96242.8984375, 222647.0 ], [ 96242.7890625, 222624.203125 ], [ 96233.6796875, 222582.296875 ], [ 96228.3515625, 222534.09375 ], [ 96223.140625, 222508.796875 ], [ 96225.5, 222472.0 ], [ 96236.8203125, 222447.796875 ], [ 96265.8828125, 222412.09375 ], [ 96277.1796875, 222384.09375 ], [ 96288.3828125, 222335.90625 ], [ 96294.5078125, 222290.09375 ], [ 96291.78125, 222253.296875 ], [ 96290.3203125, 222215.296875 ], [ 96287.59375, 222178.5 ], [ 96283.6328125, 222149.296875 ], [ 96279.671875, 222120.09375 ], [ 96279.546875, 222094.796875 ], [ 96280.671875, 222066.796875 ], [ 96277.9609375, 222032.59375 ], [ 96253.7734375, 222026.296875 ], [ 96214.4375, 222040.5 ], [ 96189.0234375, 222041.90625 ], [ 96166.1328125, 222038.203125 ], [ 96133.0390625, 222032.0 ], [ 96091.078125, 222029.59375 ], [ 96054.21875, 222031.0 ], [ 96019.9921875, 222050.203125 ], [ 96001.0625, 222078.203125 ], [ 95997.40625, 222110.0 ], [ 96002.7734375, 222165.796875 ], [ 96008.078125, 222208.90625 ], [ 95998.0703125, 222242.0 ], [ 95982.953125, 222268.703125 ], [ 95934.4609375, 222301.90625 ] ] ], [ [ [ 96447.15625, 220788.0 ], [ 96429.453125, 220807.09375 ], [ 96421.90625, 220822.40625 ], [ 96416.90625, 220840.203125 ], [ 96403.0234375, 220858.0 ], [ 96396.7109375, 220869.5 ], [ 96387.890625, 220884.703125 ], [ 96381.6171875, 220901.296875 ], [ 96374.109375, 220925.40625 ], [ 96371.703125, 220952.09375 ], [ 96369.3515625, 220990.203125 ], [ 96366.9609375, 221020.59375 ], [ 96368.3828125, 221048.5 ], [ 96366.0078125, 221084.09375 ], [ 96358.59375, 221126.0 ], [ 96352.3984375, 221157.796875 ], [ 96346.1875, 221187.0 ], [ 96341.2578125, 221218.703125 ], [ 96341.3828125, 221241.59375 ], [ 96341.46875, 221260.59375 ], [ 96342.84375, 221280.90625 ], [ 96348.0078125, 221297.40625 ], [ 96355.703125, 221311.296875 ], [ 96362.15625, 221331.59375 ], [ 96371.1328125, 221344.296875 ], [ 96388.9765625, 221354.296875 ], [ 96400.40625, 221354.296875 ], [ 96411.84375, 221350.40625 ], [ 96425.75, 221336.40625 ], [ 96442.171875, 221316.0 ], [ 96456.09375, 221303.296875 ], [ 96476.34375, 221285.40625 ], [ 96509.25, 221257.296875 ], [ 96530.7578125, 221235.59375 ], [ 96556.0625, 221212.703125 ], [ 96568.6875, 221194.90625 ], [ 96580.03125, 221175.796875 ], [ 96579.921875, 221154.203125 ], [ 96577.2734375, 221132.59375 ], [ 96578.40625, 221106.0 ], [ 96598.65625, 221086.796875 ], [ 96617.75, 221091.796875 ], [ 96629.1875, 221091.796875 ], [ 96643.0703125, 221071.40625 ], [ 96646.8203125, 221058.703125 ], [ 96648.0, 221040.90625 ], [ 96647.953125, 221029.5 ], [ 96645.328125, 221014.296875 ], [ 96640.1875, 221002.90625 ], [ 96627.3828125, 220985.203125 ], [ 96615.8515625, 220967.5 ], [ 96604.3125, 220947.203125 ], [ 96590.2421875, 220929.5 ], [ 96578.703125, 220910.5 ], [ 96559.6015625, 220903.0 ], [ 96543.03125, 220895.5 ], [ 96530.28125, 220887.90625 ], [ 96516.2265625, 220872.703125 ], [ 96505.953125, 220852.5 ], [ 96498.25, 220837.296875 ], [ 96490.546875, 220822.09375 ], [ 96485.390625, 220808.09375 ], [ 96478.9765625, 220796.703125 ], [ 96466.2265625, 220790.5 ], [ 96447.15625, 220788.0 ] ] ], [ [ [ 96097.4296875, 221266.796875 ], [ 96060.6015625, 221265.5 ], [ 96035.203125, 221278.5 ], [ 96012.40625, 221298.90625 ], [ 96003.6875, 221333.203125 ], [ 96006.3828125, 221361.09375 ], [ 96006.53125, 221392.796875 ], [ 96001.640625, 221431.0 ], [ 95991.59375, 221455.09375 ], [ 95968.84375, 221480.59375 ], [ 95963.8671875, 221503.5 ], [ 95960.203125, 221533.90625 ], [ 95964.1875, 221568.203125 ], [ 95966.8984375, 221602.5 ], [ 95971.0, 221659.5 ], [ 95967.328125, 221687.5 ], [ 95972.8203125, 221768.703125 ], [ 95972.9765625, 221801.703125 ], [ 95979.53125, 221839.703125 ], [ 95979.65625, 221865.09375 ], [ 95979.796875, 221894.296875 ], [ 95979.9609375, 221926.0 ], [ 95985.2265625, 221961.5 ], [ 96003.171875, 221990.703125 ], [ 96033.7109375, 221996.90625 ], [ 96057.828125, 221990.40625 ], [ 96080.65625, 221981.40625 ], [ 96123.8515625, 221973.59375 ], [ 96155.640625, 221976.0 ], [ 96181.1015625, 221983.5 ], [ 96216.7265625, 221989.703125 ], [ 96258.640625, 221981.90625 ], [ 96283.890625, 221947.5 ], [ 96290.046875, 221909.40625 ], [ 96282.1015625, 221844.703125 ], [ 96278.109375, 221807.90625 ], [ 96275.3515625, 221764.796875 ], [ 96268.7265625, 221711.5 ], [ 96252.0390625, 221679.796875 ], [ 96237.859375, 221640.59375 ], [ 96231.3671875, 221612.703125 ], [ 96219.6484375, 221556.90625 ], [ 96205.4296875, 221511.296875 ], [ 96195.109375, 221480.796875 ], [ 96192.421875, 221451.703125 ], [ 96179.5078125, 221411.09375 ], [ 96166.6328125, 221378.203125 ], [ 96158.859375, 221349.0 ], [ 96147.2265625, 221312.296875 ], [ 96125.46875, 221281.90625 ], [ 96097.4296875, 221266.796875 ] ] ], [ [ [ 95521.2265625, 220693.203125 ], [ 95488.2109375, 220698.40625 ], [ 95468.03125, 220730.203125 ], [ 95465.6875, 220769.59375 ], [ 95470.8984375, 220794.90625 ], [ 95472.3203125, 220825.40625 ], [ 95477.6015625, 220864.703125 ], [ 95482.796875, 220887.5 ], [ 95472.8671875, 220934.5 ], [ 95467.9765625, 220973.90625 ], [ 95458.0703125, 221026.0 ], [ 95454.453125, 221062.796875 ], [ 95462.2890625, 221107.203125 ], [ 95475.15625, 221137.59375 ], [ 95476.59375, 221169.296875 ], [ 95489.4921875, 221207.296875 ], [ 95503.609375, 221233.90625 ], [ 95527.7265625, 221227.5 ], [ 95550.421875, 221190.59375 ], [ 95582.0703125, 221163.796875 ], [ 95594.6328125, 221132.0 ], [ 95598.296875, 221105.296875 ], [ 95600.65625, 221069.796875 ], [ 95601.609375, 221003.796875 ], [ 95598.8203125, 220955.5 ], [ 95596.0234375, 220903.5 ], [ 95594.59375, 220873.09375 ], [ 95591.828125, 220827.40625 ], [ 95594.2265625, 220800.703125 ], [ 95594.1015625, 220774.09375 ], [ 95581.2109375, 220738.59375 ], [ 95556.890625, 220705.703125 ], [ 95521.2265625, 220693.203125 ] ] ], [ [ [ 96561.90625, 221363.703125 ], [ 96550.4609375, 221363.796875 ], [ 96531.4375, 221371.5 ], [ 96520.0078125, 221374.0 ], [ 96498.421875, 221379.203125 ], [ 96480.6484375, 221383.09375 ], [ 96452.65625, 221379.40625 ], [ 96428.5234375, 221382.09375 ], [ 96413.28125, 221384.703125 ], [ 96396.78125, 221391.09375 ], [ 96384.1015625, 221396.203125 ], [ 96367.6328125, 221409.0 ], [ 96362.609375, 221420.40625 ], [ 96362.703125, 221438.203125 ], [ 96356.4375, 221457.296875 ], [ 96366.6796875, 221472.5 ], [ 96378.1484375, 221477.5 ], [ 96389.59375, 221477.40625 ], [ 96404.828125, 221473.5 ], [ 96421.3125, 221465.90625 ], [ 96439.0703125, 221458.203125 ], [ 96450.5, 221455.59375 ], [ 96467.0234375, 221454.203125 ], [ 96484.796875, 221450.296875 ], [ 96503.8515625, 221447.703125 ], [ 96524.1796875, 221446.40625 ], [ 96538.15625, 221446.296875 ], [ 96553.3984375, 221441.203125 ], [ 96566.0703125, 221433.5 ], [ 96576.1796875, 221422.0 ], [ 96596.4921875, 221416.796875 ], [ 96615.546875, 221413.0 ], [ 96619.2734375, 221396.40625 ], [ 96614.109375, 221381.203125 ], [ 96596.25, 221367.296875 ], [ 96573.3515625, 221364.90625 ], [ 96561.90625, 221363.703125 ] ] ], [ [ [ 101650.703125, 197105.296875 ], [ 101650.3984375, 197109.0 ], [ 101649.1015625, 197135.59375 ], [ 101647.8984375, 197167.296875 ], [ 101640.296875, 197194.0 ], [ 101628.8984375, 197221.90625 ], [ 101618.703125, 197246.0 ], [ 101608.6015625, 197267.5 ], [ 101601.0, 197298.0 ], [ 101594.703125, 197322.09375 ], [ 101590.8984375, 197348.703125 ], [ 101583.296875, 197371.5 ], [ 101566.796875, 197395.703125 ], [ 101550.296875, 197414.703125 ], [ 101535.1015625, 197436.296875 ], [ 101522.3984375, 197460.40625 ], [ 101499.6015625, 197479.40625 ], [ 101474.296875, 197502.296875 ], [ 101450.1015625, 197522.5 ], [ 101429.8984375, 197536.5 ], [ 101408.296875, 197551.703125 ], [ 101389.296875, 197568.203125 ], [ 101367.703125, 197587.296875 ], [ 101343.6015625, 197607.59375 ], [ 101323.296875, 197622.796875 ], [ 101296.703125, 197636.796875 ], [ 101267.5, 197646.90625 ], [ 101239.6015625, 197654.5 ], [ 101209.1015625, 197658.40625 ], [ 101173.6015625, 197664.703125 ], [ 101144.3984375, 197669.796875 ], [ 101115.296875, 197676.203125 ], [ 101084.796875, 197681.296875 ], [ 101060.703125, 197685.09375 ], [ 101035.296875, 197688.90625 ], [ 101007.3984375, 197692.703125 ], [ 100979.5, 197695.203125 ], [ 100952.796875, 197695.296875 ], [ 100927.5, 197696.5 ], [ 100903.3984375, 197697.796875 ], [ 100878.0, 197701.59375 ], [ 100848.796875, 197701.59375 ], [ 100823.3984375, 197702.90625 ], [ 100799.296875, 197701.59375 ], [ 100770.1015625, 197702.90625 ], [ 100744.703125, 197702.90625 ], [ 100719.3984375, 197702.90625 ], [ 100695.296875, 197703.0 ], [ 100671.1015625, 197704.203125 ], [ 100647.0, 197705.5 ], [ 100622.8984375, 197705.5 ], [ 100597.5, 197706.796875 ], [ 100568.3984375, 197705.5 ], [ 100544.296875, 197706.796875 ], [ 100520.1015625, 197704.296875 ], [ 100496.0, 197690.296875 ], [ 100473.203125, 197684.0 ], [ 100445.296875, 197677.703125 ], [ 100398.296875, 197671.296875 ], [ 100367.796875, 197661.203125 ], [ 100346.296875, 197651.09375 ], [ 100322.1015625, 197634.59375 ], [ 100299.296875, 197620.59375 ], [ 100271.3984375, 197606.703125 ], [ 100244.703125, 197591.5 ], [ 100216.796875, 197572.5 ], [ 100191.3984375, 197558.5 ], [ 100153.296875, 197538.296875 ], [ 100122.796875, 197519.203125 ], [ 100048.6015625, 197472.796875 ], [ 100066.296875, 197506.09375 ], [ 100096.703125, 197557.0 ], [ 100108.5, 197578.5 ], [ 100117.0, 197593.90625 ], [ 100129.6015625, 197625.59375 ], [ 100125.796875, 197670.09375 ], [ 100121.8984375, 197668.796875 ], [ 100105.3984375, 197673.90625 ], [ 100087.6015625, 197685.296875 ], [ 100064.703125, 197706.90625 ], [ 100053.203125, 197729.796875 ], [ 100043.0, 197764.09375 ], [ 100028.8984375, 197826.40625 ], [ 100018.6015625, 197878.5 ], [ 100008.296875, 197930.5 ], [ 100005.796875, 197962.296875 ], [ 100009.5, 197999.203125 ], [ 100013.203125, 198050.0 ], [ 100024.6015625, 198109.796875 ], [ 100027.0, 198150.40625 ], [ 100032.0, 198192.40625 ], [ 100030.703125, 198222.90625 ], [ 100019.203125, 198261.0 ], [ 100005.203125, 198299.09375 ], [ 99996.203125, 198334.703125 ], [ 99991.078125, 198357.5 ], [ 99987.2265625, 198383.0 ], [ 99984.640625, 198404.59375 ], [ 99982.03125, 198446.5 ], [ 99975.546875, 198515.09375 ], [ 99970.390625, 198562.09375 ], [ 99972.796875, 198637.09375 ], [ 99973.8828125, 198751.5 ], [ 99962.296875, 198823.90625 ], [ 99953.25, 198918.0 ], [ 99932.78125, 198992.90625 ], [ 99913.578125, 199070.40625 ], [ 99903.28125, 199144.09375 ], [ 99890.4375, 199219.09375 ], [ 99878.8828125, 199285.203125 ], [ 99872.4296875, 199341.09375 ], [ 99872.3515625, 199388.09375 ], [ 99874.8125, 199431.296875 ], [ 99884.890625, 199486.0 ], [ 99889.90625, 199525.40625 ], [ 99884.78125, 199548.296875 ], [ 99877.1171875, 199568.59375 ], [ 99869.453125, 199591.5 ], [ 99864.3203125, 199618.09375 ], [ 99864.2734375, 199649.90625 ], [ 99868.0234375, 199683.0 ], [ 99870.5, 199721.09375 ], [ 99878.046875, 199763.0 ], [ 99881.796875, 199799.90625 ], [ 99883.0234375, 199832.90625 ], [ 99880.4375, 199855.796875 ], [ 99877.84375, 199885.0 ], [ 99857.40625, 199937.09375 ], [ 99846.453125, 199990.90625 ], [ 99837.65625, 200012.5 ], [ 99827.5625, 200026.5 ], [ 99817.5, 200046.796875 ], [ 99815.046875, 200065.90625 ], [ 99813.890625, 200088.703125 ], [ 99807.6875, 200119.203125 ], [ 99792.6328125, 200158.59375 ], [ 99786.40625, 200184.0 ], [ 99762.421875, 200218.40625 ], [ 99752.3203125, 200232.40625 ], [ 99752.3984375, 200247.703125 ], [ 99752.5078125, 200269.203125 ], [ 99753.9296875, 200299.703125 ], [ 99754.1171875, 200336.5 ], [ 99746.7734375, 200393.59375 ], [ 99741.953125, 200445.703125 ], [ 99725.890625, 200538.40625 ], [ 99709.7109375, 200607.0 ], [ 99697.109375, 200629.90625 ], [ 99663.1328125, 200697.40625 ], [ 99637.953125, 200748.203125 ], [ 99610.2734375, 200805.5 ], [ 99578.84375, 200874.203125 ], [ 99562.5, 200911.0 ], [ 99550.03125, 200960.59375 ], [ 99538.953125, 201031.703125 ], [ 99511.5703125, 201148.59375 ], [ 99496.6015625, 201205.796875 ], [ 99490.4765625, 201252.796875 ], [ 99488.21875, 201308.59375 ], [ 99479.546875, 201355.59375 ], [ 99465.8984375, 201421.703125 ], [ 99448.453125, 201491.59375 ], [ 99446.046875, 201518.203125 ], [ 99435.953125, 201532.203125 ], [ 99418.25, 201552.59375 ], [ 99414.5234375, 201567.90625 ], [ 99417.1171875, 201580.59375 ], [ 99417.1796875, 201593.296875 ], [ 99413.4296875, 201604.703125 ], [ 99407.1328125, 201614.90625 ], [ 99399.5234375, 201618.703125 ], [ 99388.1015625, 201625.09375 ], [ 99381.796875, 201634.0 ], [ 99385.65625, 201645.40625 ], [ 99389.5390625, 201658.09375 ], [ 99394.75, 201682.203125 ], [ 99402.5234375, 201712.59375 ], [ 99391.28125, 201752.0 ], [ 99381.3125, 201791.40625 ], [ 99361.203125, 201835.90625 ], [ 99346.1875, 201885.5 ], [ 99333.796875, 201951.5 ], [ 99325.1875, 202007.40625 ], [ 99317.859375, 202067.09375 ], [ 99297.7734375, 202118.0 ], [ 99290.34375, 202157.296875 ], [ 99280.4921875, 202220.796875 ], [ 99264.296875, 202288.203125 ], [ 99227.03125, 202461.0 ], [ 99202.1484375, 202569.0 ], [ 99182.34375, 202674.40625 ], [ 99169.8828125, 202724.0 ], [ 99163.7890625, 202777.296875 ], [ 99150.3203125, 202880.09375 ], [ 99139.15625, 202937.296875 ], [ 99125.421875, 202985.59375 ], [ 99101.5, 203031.40625 ], [ 99081.453125, 203089.90625 ], [ 99072.71875, 203122.90625 ], [ 99065.3203125, 203168.59375 ], [ 99060.53125, 203228.296875 ], [ 99047.0234375, 203322.296875 ], [ 99032.2265625, 203416.296875 ], [ 99018.703125, 203506.5 ], [ 99008.7265625, 203545.796875 ], [ 98991.2265625, 203603.0 ], [ 98973.78125, 203674.203125 ], [ 98962.65625, 203736.40625 ], [ 98940.1796875, 203817.796875 ], [ 98927.8515625, 203894.0 ], [ 98919.2265625, 203949.796875 ], [ 98906.6796875, 203981.59375 ], [ 98881.4921875, 204028.703125 ], [ 98861.40625, 204079.59375 ], [ 98857.796875, 204120.203125 ], [ 98859.2109375, 204149.40625 ], [ 98863.1796875, 204179.796875 ], [ 98860.7421875, 204201.40625 ], [ 98850.6875, 204224.296875 ], [ 98843.171875, 204247.203125 ], [ 98839.4921875, 204272.59375 ], [ 98829.546875, 204318.296875 ], [ 98820.84375, 204357.703125 ], [ 98803.3515625, 204417.40625 ], [ 98776.9765625, 204483.5 ], [ 98758.1171875, 204524.296875 ], [ 98748.1015625, 204554.796875 ], [ 98735.5390625, 204584.0 ], [ 98728.046875, 204610.703125 ], [ 98729.5234375, 204650.0 ], [ 98732.3125, 204700.796875 ], [ 98721.2265625, 204773.203125 ], [ 98702.59375, 204857.0 ], [ 98699.109375, 204925.59375 ], [ 98684.109375, 204976.40625 ], [ 98657.78125, 205048.90625 ], [ 98645.40625, 205117.5 ], [ 98610.34375, 205221.703125 ], [ 98584.0, 205292.90625 ], [ 98563.9375, 205347.59375 ], [ 98548.90625, 205393.296875 ], [ 98542.7265625, 205427.59375 ], [ 98529.0390625, 205487.296875 ], [ 98521.703125, 205544.5 ], [ 98504.1875, 205601.703125 ], [ 98489.1328125, 205641.09375 ], [ 98470.2265625, 205675.40625 ], [ 98461.4765625, 205704.703125 ], [ 98456.5390625, 205732.59375 ], [ 98445.2890625, 205770.796875 ], [ 98441.671875, 205810.09375 ], [ 98432.953125, 205844.40625 ], [ 98428.0, 205872.40625 ], [ 98425.6328125, 205906.59375 ], [ 98418.2421875, 205954.90625 ], [ 98401.921875, 205995.59375 ], [ 98390.65625, 206032.40625 ], [ 98369.203125, 206061.703125 ], [ 98357.8828125, 206085.90625 ], [ 98346.59375, 206115.09375 ], [ 98337.8671875, 206150.703125 ], [ 98336.796875, 206192.59375 ], [ 98333.296875, 206254.796875 ], [ 98329.7734375, 206309.40625 ], [ 98324.9609375, 206365.296875 ], [ 98312.4921875, 206413.59375 ], [ 98291.15625, 206470.796875 ], [ 98267.3125, 206530.5 ], [ 98256.1015625, 206576.296875 ], [ 98247.4296875, 206622.0 ], [ 98242.6015625, 206672.796875 ], [ 98235.4921875, 206776.90625 ], [ 98230.8515625, 206865.796875 ], [ 98220.9296875, 206915.296875 ], [ 98205.9609375, 206972.5 ], [ 98184.59375, 207020.796875 ], [ 98170.9296875, 207084.296875 ], [ 98139.421875, 207139.0 ], [ 98104.09375, 207191.296875 ], [ 98095.3671875, 207225.5 ], [ 98077.84375, 207280.203125 ], [ 98059.1328125, 207351.40625 ], [ 98042.9765625, 207425.0 ], [ 98024.53125, 207550.796875 ], [ 98018.4609375, 207607.90625 ], [ 98013.5234375, 207635.90625 ], [ 98004.7265625, 207656.203125 ], [ 97990.8828125, 207684.203125 ], [ 97985.8984375, 207704.5 ], [ 97982.203125, 207727.40625 ], [ 97979.8125, 207759.09375 ], [ 97980.0, 207795.90625 ], [ 97982.7421875, 207836.5 ], [ 97984.140625, 207861.90625 ], [ 97981.703125, 207882.203125 ], [ 97964.0390625, 207909.0 ], [ 97957.8515625, 207943.296875 ], [ 97949.15625, 207985.203125 ], [ 97944.4765625, 208063.90625 ], [ 97943.34375, 208091.796875 ], [ 97938.3203125, 208104.5 ], [ 97923.15625, 208122.40625 ], [ 97911.7890625, 208136.40625 ], [ 97911.8828125, 208155.40625 ], [ 97913.296875, 208183.296875 ], [ 97915.9921875, 208215.09375 ], [ 97911.0078125, 208234.09375 ], [ 97900.90625, 208249.40625 ], [ 97889.5703125, 208268.5 ], [ 97884.6328125, 208296.40625 ], [ 97878.4296875, 208329.5 ], [ 97862.2578125, 208399.296875 ], [ 97844.7265625, 208454.0 ], [ 97834.828125, 208507.296875 ], [ 97826.1015625, 208541.703125 ], [ 97803.453125, 208586.203125 ], [ 97788.390625, 208625.59375 ], [ 97769.5625, 208673.90625 ], [ 97759.65625, 208727.296875 ], [ 97750.921875, 208760.296875 ], [ 97751.1015625, 208795.796875 ], [ 97747.6171875, 208861.796875 ], [ 97740.421875, 208946.90625 ], [ 97729.2890625, 209009.203125 ], [ 97720.6328125, 209057.40625 ], [ 97704.4609375, 209127.296875 ], [ 97686.90625, 209175.59375 ], [ 97684.5078125, 209204.796875 ], [ 97682.1171875, 209235.296875 ], [ 97680.9609375, 209258.09375 ], [ 97674.6875, 209274.703125 ], [ 97659.5625, 209300.09375 ], [ 97648.2421875, 209325.5 ], [ 97638.28125, 209366.203125 ], [ 97627.09375, 209415.796875 ], [ 97618.296875, 209437.40625 ], [ 97606.96875, 209460.296875 ], [ 97595.6171875, 209478.09375 ], [ 97589.40625, 209508.59375 ], [ 97589.6171875, 209549.203125 ], [ 97583.5390625, 209605.09375 ], [ 97578.6484375, 209643.203125 ], [ 97568.6328125, 209672.40625 ], [ 97557.296875, 209696.59375 ], [ 97552.3671875, 209725.796875 ], [ 97553.8515625, 209767.703125 ], [ 97551.4765625, 209801.90625 ], [ 97545.2890625, 209835.0 ], [ 97534.0078125, 209866.703125 ], [ 97529.078125, 209898.5 ], [ 97528.109375, 209959.40625 ], [ 97514.5078125, 210035.59375 ], [ 97508.40625, 210085.203125 ], [ 97503.5390625, 210129.59375 ], [ 97487.28125, 210183.0 ], [ 97469.8125, 210247.796875 ], [ 97459.796875, 210279.59375 ], [ 97460.0, 210318.90625 ], [ 97454.0234375, 210393.796875 ], [ 97439.1171875, 210465.0 ], [ 97417.84375, 210532.296875 ], [ 97416.703125, 210559.0 ], [ 97425.703125, 210576.703125 ], [ 97425.7578125, 210589.40625 ], [ 97418.2421875, 210612.296875 ], [ 97408.25, 210647.90625 ], [ 97398.296875, 210689.796875 ], [ 97389.546875, 210720.296875 ], [ 97376.953125, 210741.90625 ], [ 97371.9765625, 210766.09375 ], [ 97364.5234375, 210799.09375 ], [ 97357.0234375, 210824.5 ], [ 97349.546875, 210857.5 ], [ 97347.109375, 210876.59375 ], [ 97351.09375, 210909.59375 ], [ 97352.5234375, 210941.296875 ], [ 97344.9765625, 210960.40625 ], [ 97328.65625, 211001.09375 ], [ 97317.4296875, 211041.703125 ], [ 97314.9921875, 211063.296875 ], [ 97313.953125, 211107.703125 ], [ 97312.9375, 211161.0 ], [ 97287.84375, 211227.203125 ], [ 97269.046875, 211280.5 ], [ 97250.21875, 211328.90625 ], [ 97235.1796875, 211372.09375 ], [ 97220.28125, 211442.0 ], [ 97210.34375, 211489.0 ], [ 97195.34375, 211538.5 ], [ 97173.90625, 211576.703125 ], [ 97172.8515625, 211617.296875 ], [ 97154.3515625, 211731.59375 ], [ 97143.1796875, 211785.0 ], [ 97138.3125, 211828.203125 ], [ 97141.09375, 211876.40625 ], [ 97139.96875, 211905.59375 ], [ 97132.5390625, 211945.0 ], [ 97111.21875, 212002.203125 ], [ 97091.2109375, 212069.5 ], [ 97065.09375, 212183.90625 ], [ 97050.1171875, 212239.796875 ], [ 97017.46875, 212319.90625 ], [ 96981.046875, 212410.203125 ], [ 96975.65625, 212426.0 ], [ 96970.3828125, 212441.59375 ], [ 96943.46875, 212520.796875 ], [ 96905.8203125, 212617.40625 ], [ 96869.453125, 212716.5 ], [ 96838.0234375, 212785.203125 ], [ 96813.0, 212867.796875 ], [ 96781.7421875, 212970.796875 ], [ 96755.453125, 213050.90625 ], [ 96730.3984375, 213125.796875 ], [ 96700.390625, 213226.296875 ], [ 96671.6328125, 213321.59375 ], [ 96660.34375, 213353.296875 ], [ 96635.2265625, 213415.703125 ], [ 96606.3125, 213479.296875 ], [ 96586.2109375, 213526.296875 ], [ 96564.828125, 213572.09375 ], [ 96539.671875, 213625.5 ], [ 96518.390625, 213690.296875 ], [ 96506.0234375, 213760.203125 ], [ 96488.7421875, 213863.09375 ], [ 96472.7265625, 213966.0 ], [ 96448.921875, 214034.59375 ], [ 96432.6484375, 214084.203125 ], [ 96396.3515625, 214198.59375 ], [ 96370.0625, 214278.59375 ], [ 96356.203125, 214302.796875 ], [ 96319.59375, 214353.796875 ], [ 96265.3828125, 214444.09375 ], [ 96214.0, 214591.59375 ], [ 96184.2890625, 214751.59375 ], [ 96153.1015625, 214869.796875 ], [ 96138.046875, 214910.5 ], [ 96110.453125, 214982.90625 ], [ 96085.34375, 215046.5 ], [ 96058.953125, 215107.5 ], [ 96052.7890625, 215146.90625 ], [ 96047.953125, 215193.90625 ], [ 96029.1015625, 215239.703125 ], [ 96010.25, 215282.90625 ], [ 95982.890625, 215403.59375 ], [ 95956.671875, 215498.90625 ], [ 95924.0, 215575.203125 ], [ 95896.328125, 215633.703125 ], [ 95887.65625, 215678.203125 ], [ 95864.0625, 215790.0 ], [ 95849.109375, 215851.0 ], [ 95834.046875, 215890.40625 ], [ 95820.2734375, 215931.09375 ], [ 95801.5625, 216002.203125 ], [ 95789.25, 216082.203125 ], [ 95749.2265625, 216214.40625 ], [ 95715.4609375, 216325.0 ], [ 95686.65625, 216412.703125 ], [ 95665.421875, 216486.40625 ], [ 95630.203125, 216560.203125 ], [ 95619.0625, 216621.09375 ], [ 95607.921875, 216680.796875 ], [ 95598.046875, 216740.5 ], [ 95564.1484375, 216824.5 ], [ 95535.2734375, 216894.40625 ], [ 95507.7734375, 216988.5 ], [ 95490.2734375, 217049.5 ], [ 95460.171875, 217130.796875 ], [ 95433.9296875, 217221.0 ], [ 95417.90625, 217321.40625 ], [ 95396.921875, 217445.90625 ], [ 95371.8828125, 217522.09375 ], [ 95344.5234375, 217644.09375 ], [ 95315.703125, 217728.0 ], [ 95288.1015625, 217800.5 ], [ 95279.3828125, 217836.0 ], [ 95254.5078125, 217946.59375 ], [ 95231.0078125, 218077.40625 ], [ 95217.3828125, 218148.5 ], [ 95192.34375, 218224.796875 ], [ 95164.796875, 218311.203125 ], [ 95133.40625, 218387.5 ], [ 95098.3515625, 218494.296875 ], [ 95067.0234375, 218584.5 ], [ 95055.8203125, 218632.796875 ], [ 95049.71875, 218682.296875 ], [ 95009.6328125, 218800.59375 ], [ 94980.8984375, 218902.203125 ], [ 94976.046875, 218949.203125 ], [ 94958.546875, 219008.90625 ], [ 94924.8828125, 219139.796875 ], [ 94893.546875, 219227.5 ], [ 94873.6171875, 219310.09375 ], [ 94853.71875, 219397.796875 ], [ 94822.46875, 219503.296875 ], [ 94801.296875, 219593.5 ], [ 94781.546875, 219709.09375 ], [ 94765.4296875, 219790.40625 ], [ 94752.8828125, 219823.40625 ], [ 94736.6171875, 219875.5 ], [ 94719.328125, 219977.203125 ], [ 94684.4765625, 220124.5 ], [ 94649.65625, 220279.5 ], [ 94629.8203125, 220379.90625 ], [ 94612.5234375, 220480.203125 ], [ 94593.9375, 220576.796875 ], [ 94581.6328125, 220656.796875 ], [ 94575.4765625, 220697.40625 ], [ 94569.328125, 220739.296875 ], [ 94562.09375, 220816.796875 ], [ 94556.1328125, 220895.5 ], [ 94545.09375, 220976.796875 ], [ 94530.3671875, 221082.203125 ], [ 94515.3671875, 221133.0 ], [ 94515.59375, 221176.203125 ], [ 94512.078125, 221237.09375 ], [ 94509.6796875, 221266.296875 ], [ 94489.703125, 221337.5 ], [ 94479.7265625, 221378.203125 ], [ 94473.6328125, 221429.0 ], [ 94466.2265625, 221474.703125 ], [ 94457.4296875, 221493.796875 ], [ 94437.25, 221526.796875 ], [ 94410.7734375, 221570.09375 ], [ 94397.046875, 221622.203125 ], [ 94383.59375, 221727.59375 ], [ 94361.546875, 221895.296875 ], [ 94354.34375, 221977.796875 ], [ 94352.109375, 222040.0 ], [ 94339.5390625, 222068.0 ], [ 94329.53125, 222099.703125 ], [ 94304.7890625, 222236.90625 ], [ 94301.2734375, 222296.59375 ], [ 94287.453125, 222328.40625 ], [ 94281.2265625, 222353.796875 ], [ 94278.8671875, 222390.59375 ], [ 94274.046875, 222445.203125 ], [ 94272.8984375, 222468.09375 ], [ 94280.5390625, 222470.59375 ], [ 94295.7890625, 222470.5 ], [ 94307.2734375, 222476.796875 ], [ 94314.9296875, 222484.40625 ], [ 94325.1875, 222502.09375 ], [ 94321.5390625, 222535.09375 ], [ 94325.390625, 222542.703125 ], [ 94331.7890625, 222551.59375 ], [ 94340.7421875, 222561.703125 ], [ 94343.34375, 222573.09375 ], [ 94347.2578125, 222594.59375 ], [ 94360.09375, 222618.703125 ], [ 94369.0625, 222632.59375 ], [ 94390.7734375, 222651.59375 ], [ 94413.7265625, 222669.203125 ], [ 94435.4375, 222686.90625 ], [ 94460.953125, 222704.5 ], [ 94494.1171875, 222727.296875 ], [ 94506.8828125, 222738.59375 ], [ 94517.1328125, 222753.796875 ], [ 94526.109375, 222770.296875 ], [ 94529.9765625, 222781.703125 ], [ 94531.3828125, 222805.796875 ], [ 94531.453125, 222819.703125 ], [ 94532.7734375, 222829.90625 ], [ 94544.25, 222838.703125 ], [ 94559.546875, 222847.5 ], [ 94577.3828125, 222855.09375 ], [ 94587.6171875, 222867.703125 ], [ 94600.3828125, 222877.796875 ], [ 94610.609375, 222890.5 ], [ 94639.9296875, 222905.5 ], [ 94667.890625, 222905.40625 ], [ 94693.296875, 222902.796875 ], [ 94707.2890625, 222902.703125 ], [ 94718.7265625, 222903.90625 ], [ 94728.9375, 222911.5 ], [ 94744.2734375, 222926.703125 ], [ 94757.046875, 222939.296875 ], [ 94767.2265625, 222941.796875 ], [ 94774.859375, 222941.796875 ], [ 94787.5625, 222940.40625 ], [ 94799.0078125, 222941.59375 ], [ 94804.109375, 222944.203125 ], [ 94811.78125, 222954.296875 ], [ 94820.7109375, 222960.59375 ], [ 94829.6328125, 222964.296875 ], [ 94839.796875, 222964.296875 ], [ 94855.0390625, 222960.40625 ], [ 94870.296875, 222961.59375 ], [ 94884.3203125, 222969.203125 ], [ 94912.34375, 222979.203125 ], [ 94933.9375, 222977.796875 ], [ 94961.8984375, 222976.40625 ], [ 94991.09375, 222966.203125 ], [ 95013.9296875, 222958.40625 ], [ 95030.46875, 222962.203125 ], [ 95059.7265625, 222967.09375 ], [ 95082.640625, 222972.09375 ], [ 95113.171875, 222975.796875 ], [ 95148.7734375, 222976.90625 ], [ 95181.828125, 222979.296875 ], [ 95213.6328125, 222981.703125 ], [ 95241.59375, 222981.5 ], [ 95260.65625, 222981.40625 ], [ 95270.796875, 222977.59375 ], [ 95278.3984375, 222969.90625 ], [ 95288.5234375, 222961.0 ], [ 95292.2890625, 222952.09375 ], [ 95294.7734375, 222939.40625 ], [ 95295.9609375, 222922.90625 ], [ 95295.8203125, 222895.0 ], [ 95299.5703125, 222882.296875 ], [ 95312.203125, 222865.703125 ], [ 95329.921875, 222851.703125 ], [ 95345.09375, 222835.09375 ], [ 95356.4765625, 222824.90625 ], [ 95365.296875, 222809.59375 ], [ 95375.40625, 222795.59375 ], [ 95385.5078125, 222781.59375 ], [ 95390.46875, 222757.5 ], [ 95394.1328125, 222727.0 ], [ 95399.1328125, 222707.90625 ], [ 95405.3984375, 222691.40625 ], [ 95414.15625, 222664.703125 ], [ 95408.9921875, 222648.203125 ], [ 95402.546875, 222630.5 ], [ 95398.65625, 222615.296875 ], [ 95399.8828125, 222603.90625 ], [ 95401.0703125, 222589.90625 ], [ 95404.8203125, 222575.90625 ], [ 95414.90625, 222560.59375 ], [ 95430.078125, 222542.796875 ], [ 95445.2734375, 222530.0 ], [ 95459.2109375, 222522.40625 ], [ 95471.90625, 222521.0 ], [ 95487.1484375, 222517.203125 ], [ 95507.4609375, 222510.703125 ], [ 95537.921875, 222501.703125 ], [ 95572.21875, 222496.5 ], [ 95593.7734375, 222483.703125 ], [ 95617.8515625, 222470.90625 ], [ 95634.3203125, 222459.40625 ], [ 95640.65625, 222456.796875 ], [ 95645.703125, 222445.40625 ], [ 95650.7265625, 222435.203125 ], [ 95659.546875, 222421.203125 ], [ 95661.90625, 222383.09375 ], [ 95659.296875, 222369.203125 ], [ 95651.6328125, 222361.59375 ], [ 95641.40625, 222350.203125 ], [ 95624.84375, 222341.40625 ], [ 95605.7734375, 222341.5 ], [ 95585.453125, 222346.59375 ], [ 95565.1484375, 222354.296875 ], [ 95543.5625, 222358.296875 ], [ 95530.8515625, 222358.296875 ], [ 95510.5078125, 222358.40625 ], [ 95501.6328125, 222361.0 ], [ 95486.3984375, 222366.09375 ], [ 95461.03125, 222378.90625 ], [ 95447.1328125, 222393.0 ], [ 95431.953125, 222410.796875 ], [ 95419.3125, 222424.796875 ], [ 95404.09375, 222431.203125 ], [ 95379.9765625, 222440.203125 ], [ 95341.8984375, 222450.5 ], [ 95313.96875, 222458.296875 ], [ 95293.65625, 222464.703125 ], [ 95277.21875, 222480.0 ], [ 95258.2265625, 222497.90625 ], [ 95211.3671875, 222531.09375 ], [ 95196.1796875, 222545.09375 ], [ 95184.7734375, 222550.296875 ], [ 95172.09375, 222557.90625 ], [ 95156.859375, 222561.796875 ], [ 95142.8984375, 222565.703125 ], [ 95137.84375, 222572.0 ], [ 95129.0, 222583.5 ], [ 95118.8984375, 222597.5 ], [ 95105.03125, 222620.40625 ], [ 95087.34375, 222640.796875 ], [ 95074.6796875, 222651.0 ], [ 95064.546875, 222658.703125 ], [ 95050.6015625, 222666.40625 ], [ 95037.90625, 222671.5 ], [ 95029.046875, 222677.90625 ], [ 95027.796875, 222683.0 ], [ 95031.640625, 222688.0 ], [ 95039.296875, 222693.09375 ], [ 95046.90625, 222691.796875 ], [ 95055.796875, 222687.90625 ], [ 95067.1875, 222679.0 ], [ 95078.59375, 222670.0 ], [ 95095.09375, 222666.203125 ], [ 95117.96875, 222664.796875 ], [ 95135.796875, 222672.296875 ], [ 95147.2734375, 222677.296875 ], [ 95163.828125, 222683.59375 ], [ 95180.3671875, 222686.09375 ], [ 95196.8671875, 222680.90625 ], [ 95212.078125, 222673.203125 ], [ 95222.203125, 222664.296875 ], [ 95231.0234375, 222649.0 ], [ 95239.8671875, 222637.59375 ], [ 95249.9765625, 222624.796875 ], [ 95256.2890625, 222617.203125 ], [ 95267.71875, 222614.59375 ], [ 95284.2265625, 222612.0 ], [ 95298.2109375, 222610.703125 ], [ 95305.8203125, 222606.796875 ], [ 95312.1328125, 222597.90625 ], [ 95314.6328125, 222590.296875 ], [ 95318.3984375, 222580.09375 ], [ 95324.703125, 222568.703125 ], [ 95329.7265625, 222558.5 ], [ 95342.3828125, 222547.0 ], [ 95352.546875, 222545.703125 ], [ 95365.2734375, 222546.90625 ], [ 95372.90625, 222549.40625 ], [ 95371.6796875, 222558.296875 ], [ 95367.8828125, 222562.09375 ], [ 95366.6328125, 222564.703125 ], [ 95362.84375, 222571.0 ], [ 95357.78125, 222576.09375 ], [ 95347.65625, 222586.296875 ], [ 95342.6328125, 222596.5 ], [ 95342.65625, 222602.796875 ], [ 95344.0, 222615.5 ], [ 95345.328125, 222627.0 ], [ 95345.3671875, 222635.796875 ], [ 95341.59375, 222642.203125 ], [ 95336.5390625, 222649.796875 ], [ 95331.4921875, 222657.5 ], [ 95315.0234375, 222666.40625 ], [ 95306.1328125, 222669.0 ], [ 95295.9765625, 222674.09375 ], [ 95292.2265625, 222686.796875 ], [ 95288.5, 222702.09375 ], [ 95280.90625, 222711.0 ], [ 95273.3203125, 222717.40625 ], [ 95261.90625, 222725.0 ], [ 95250.5078125, 222731.5 ], [ 95245.4609375, 222739.09375 ], [ 95242.9765625, 222751.796875 ], [ 95241.796875, 222768.296875 ], [ 95240.609375, 222786.09375 ], [ 95239.4296875, 222803.796875 ], [ 95231.8828125, 222817.796875 ], [ 95224.296875, 222828.0 ], [ 95217.96875, 222834.40625 ], [ 95207.828125, 222839.5 ], [ 95192.5703125, 222839.59375 ], [ 95186.203125, 222835.796875 ], [ 95178.546875, 222830.796875 ], [ 95169.609375, 222823.203125 ], [ 95165.71875, 222808.0 ], [ 95161.8515625, 222796.59375 ], [ 95159.2265625, 222780.09375 ], [ 95152.796875, 222766.203125 ], [ 95143.8203125, 222751.0 ], [ 95128.5078125, 222738.296875 ], [ 95106.84375, 222727.0 ], [ 95083.9296875, 222722.0 ], [ 95059.7578125, 222718.296875 ], [ 95045.7890625, 222721.0 ], [ 95028.0, 222722.296875 ], [ 95016.5625, 222722.40625 ], [ 95005.09375, 222716.09375 ], [ 94996.171875, 222712.296875 ], [ 94986.0, 222712.296875 ], [ 94972.03125, 222714.90625 ], [ 94955.5, 222715.0 ], [ 94935.15625, 222715.09375 ], [ 94917.390625, 222720.296875 ], [ 94899.6328125, 222726.703125 ], [ 94884.40625, 222733.09375 ], [ 94865.3828125, 222742.09375 ], [ 94841.2265625, 222743.5 ], [ 94822.1796875, 222746.09375 ], [ 94801.8515625, 222747.40625 ], [ 94781.5234375, 222748.796875 ], [ 94763.7265625, 222751.40625 ], [ 94744.703125, 222757.796875 ], [ 94726.953125, 222768.09375 ], [ 94710.46875, 222777.0 ], [ 94687.6171875, 222782.203125 ], [ 94672.359375, 222782.296875 ], [ 94659.6328125, 222778.5 ], [ 94649.40625, 222769.703125 ], [ 94640.453125, 222757.0 ], [ 94626.390625, 222740.59375 ], [ 94611.0625, 222726.703125 ], [ 94596.96875, 222705.203125 ], [ 94586.6875, 222682.40625 ], [ 94577.7109375, 222666.0 ], [ 94576.3671875, 222652.0 ], [ 94577.6015625, 222644.40625 ], [ 94582.609375, 222629.09375 ], [ 94588.90625, 222617.703125 ], [ 94601.59375, 222611.296875 ], [ 94614.3203125, 222615.0 ], [ 94623.2265625, 222618.796875 ], [ 94629.609375, 222622.59375 ], [ 94644.859375, 222621.203125 ], [ 94658.8125, 222614.796875 ], [ 94676.5625, 222605.796875 ], [ 94694.2890625, 222591.796875 ], [ 94712.0, 222575.203125 ], [ 94746.2734375, 222564.90625 ], [ 94788.1171875, 222543.203125 ], [ 94805.890625, 222539.296875 ], [ 94821.1484375, 222540.5 ], [ 94837.65625, 222536.59375 ], [ 94846.5234375, 222530.203125 ], [ 94852.8203125, 222517.5 ], [ 94860.40625, 222511.09375 ], [ 94874.3671875, 222506.0 ], [ 94897.2265625, 222502.0 ], [ 94927.7265625, 222499.40625 ], [ 94956.9609375, 222498.0 ], [ 94979.859375, 222501.703125 ], [ 95002.7890625, 222511.703125 ], [ 95020.6484375, 222523.09375 ], [ 95035.90625, 222525.5 ], [ 95054.9765625, 222526.703125 ], [ 95070.2421875, 222526.703125 ], [ 95088.0234375, 222522.796875 ], [ 95104.4765625, 222510.0 ], [ 95119.671875, 222497.203125 ], [ 95131.0703125, 222488.296875 ], [ 95145.0234375, 222481.90625 ], [ 95161.546875, 222481.796875 ], [ 95202.15625, 222469.0 ], [ 95214.828125, 222461.296875 ], [ 95223.6875, 222452.296875 ], [ 95236.34375, 222442.09375 ], [ 95260.4296875, 222428.09375 ], [ 95287.0625, 222415.296875 ], [ 95317.5234375, 222405.0 ], [ 95342.90625, 222399.796875 ], [ 95358.1484375, 222394.59375 ], [ 95373.3515625, 222385.703125 ], [ 95393.6328125, 222372.90625 ], [ 95415.1875, 222362.59375 ], [ 95430.3984375, 222353.703125 ], [ 95450.6875, 222343.40625 ], [ 95470.953125, 222326.90625 ], [ 95486.1328125, 222311.59375 ], [ 95496.2109375, 222296.296875 ], [ 95507.6171875, 222288.59375 ], [ 95531.703125, 222275.796875 ], [ 95554.5234375, 222261.796875 ], [ 95576.046875, 222246.40625 ], [ 95600.1328125, 222229.796875 ], [ 95615.28125, 222210.703125 ], [ 95635.4921875, 222185.203125 ], [ 95650.6484375, 222166.09375 ], [ 95663.3203125, 222157.203125 ], [ 95679.7890625, 222147.0 ], [ 95701.3515625, 222136.703125 ], [ 95724.15625, 222121.40625 ], [ 95739.3125, 222101.0 ], [ 95751.9296875, 222083.203125 ], [ 95760.7109375, 222059.0 ], [ 95765.65625, 222033.59375 ], [ 95764.25, 222004.40625 ], [ 95753.8984375, 221967.703125 ], [ 95746.140625, 221942.296875 ], [ 95731.953125, 221900.5 ], [ 95713.9296875, 221856.203125 ], [ 95702.3671875, 221832.09375 ], [ 95693.3203125, 221801.703125 ], [ 95679.1875, 221772.5 ], [ 95675.28125, 221753.5 ], [ 95665.0234375, 221734.5 ], [ 95652.25, 221724.40625 ], [ 95638.203125, 221711.796875 ], [ 95624.1796875, 221703.0 ], [ 95611.4375, 221698.0 ], [ 95606.3203125, 221690.40625 ], [ 95596.0625, 221673.90625 ], [ 95587.09375, 221657.5 ], [ 95584.46875, 221643.5 ], [ 95574.2421875, 221630.90625 ], [ 95561.4296875, 221610.59375 ], [ 95538.4765625, 221599.296875 ], [ 95524.5, 221598.09375 ], [ 95513.078125, 221602.0 ], [ 95501.6796875, 221610.90625 ], [ 95483.90625, 221617.296875 ], [ 95471.2265625, 221621.203125 ], [ 95459.7734375, 221620.0 ], [ 95445.78125, 221617.5 ], [ 95435.6015625, 221616.296875 ], [ 95424.15625, 221616.296875 ], [ 95419.09375, 221618.90625 ], [ 95419.1171875, 221624.0 ], [ 95417.890625, 221632.796875 ], [ 95416.671875, 221643.0 ], [ 95411.6328125, 221651.90625 ], [ 95406.546875, 221654.5 ], [ 95400.203125, 221653.203125 ], [ 95393.828125, 221650.703125 ], [ 95382.3125, 221636.796875 ], [ 95372.09375, 221625.40625 ], [ 95364.3984375, 221612.796875 ], [ 95356.703125, 221598.796875 ], [ 95342.5625, 221567.203125 ], [ 95328.5234375, 221555.796875 ], [ 95319.6015625, 221552.09375 ], [ 95308.140625, 221548.296875 ], [ 95296.703125, 221547.09375 ], [ 95285.2734375, 221550.90625 ], [ 95270.046875, 221556.09375 ], [ 95256.0703125, 221557.40625 ], [ 95224.2890625, 221557.59375 ], [ 95202.671875, 221556.40625 ], [ 95183.59375, 221553.90625 ], [ 95169.6171875, 221555.296875 ], [ 95153.1015625, 221557.90625 ], [ 95149.328125, 221565.5 ], [ 95144.296875, 221575.703125 ], [ 95143.09375, 221589.703125 ], [ 95141.8515625, 221596.0 ], [ 95135.5078125, 221598.59375 ], [ 95127.8671875, 221596.09375 ], [ 95117.703125, 221597.40625 ], [ 95105.03125, 221605.09375 ], [ 95097.421875, 221607.59375 ], [ 95091.046875, 221603.90625 ], [ 95088.4765625, 221600.09375 ], [ 95090.96875, 221588.59375 ], [ 95092.1875, 221578.5 ], [ 95097.1875, 221561.90625 ], [ 95097.09375, 221542.90625 ], [ 95095.7421875, 221526.40625 ], [ 95090.59375, 221513.796875 ], [ 95085.4375, 221499.796875 ], [ 95085.3828125, 221489.703125 ], [ 95089.171875, 221484.59375 ], [ 95100.6328125, 221487.0 ], [ 95106.9921875, 221488.296875 ], [ 95114.6171875, 221488.296875 ], [ 95122.2109375, 221481.90625 ], [ 95123.4609375, 221476.796875 ], [ 95122.1328125, 221466.59375 ], [ 95117.0234375, 221459.0 ], [ 95109.3515625, 221451.5 ], [ 95099.140625, 221443.90625 ], [ 95093.9765625, 221430.0 ], [ 95093.9375, 221421.09375 ], [ 95086.2578125, 221409.703125 ], [ 95078.59375, 221402.09375 ], [ 95069.6484375, 221393.296875 ], [ 95060.71875, 221387.0 ], [ 95053.0625, 221380.59375 ], [ 95054.296875, 221374.296875 ], [ 95066.9765625, 221369.203125 ], [ 95091.1015625, 221361.40625 ], [ 95124.1328125, 221356.203125 ], [ 95144.4765625, 221359.90625 ], [ 95172.5, 221370.0 ], [ 95209.453125, 221387.59375 ], [ 95242.59375, 221405.203125 ], [ 95280.84375, 221427.796875 ], [ 95306.390625, 221453.09375 ], [ 95325.59375, 221479.703125 ], [ 95333.2734375, 221489.796875 ], [ 95340.90625, 221492.296875 ], [ 95358.7265625, 221496.0 ], [ 95374.0625, 221511.203125 ], [ 95399.5625, 221526.296875 ], [ 95427.59375, 221537.59375 ], [ 95449.2265625, 221543.90625 ], [ 95463.25, 221552.703125 ], [ 95469.6484375, 221560.296875 ], [ 95486.171875, 221560.203125 ], [ 95500.1875, 221566.5 ], [ 95509.09375, 221566.40625 ], [ 95515.4375, 221565.09375 ], [ 95516.6875, 221561.296875 ], [ 95514.1328125, 221557.5 ], [ 95508.9765625, 221546.09375 ], [ 95502.5703125, 221534.703125 ], [ 95499.9765625, 221524.59375 ], [ 95496.109375, 221513.203125 ], [ 95497.328125, 221503.0 ], [ 95499.796875, 221489.0 ], [ 95499.7265625, 221476.40625 ], [ 95498.390625, 221461.09375 ], [ 95498.34375, 221451.0 ], [ 95484.2421875, 221428.203125 ], [ 95476.53125, 221411.703125 ], [ 95472.6328125, 221395.296875 ], [ 95472.546875, 221378.796875 ], [ 95469.921875, 221361.0 ], [ 95466.0234375, 221344.5 ], [ 95463.3984375, 221328.0 ], [ 95454.4296875, 221314.09375 ], [ 95440.3125, 221287.5 ], [ 95427.4921875, 221266.0 ], [ 95422.296875, 221243.203125 ], [ 95416.9765625, 221197.5 ], [ 95405.328125, 221155.703125 ], [ 95398.7734375, 221115.09375 ], [ 95385.796875, 221063.09375 ], [ 95385.640625, 221031.40625 ], [ 95373.9609375, 220984.5 ], [ 95367.453125, 220954.0 ], [ 95353.34375, 220926.203125 ], [ 95330.3125, 220898.40625 ], [ 95308.6328125, 220884.5 ], [ 95269.15625, 220870.703125 ], [ 95223.3125, 220854.40625 ], [ 95202.8984375, 220840.59375 ], [ 95193.953125, 220830.5 ], [ 95182.40625, 220811.5 ], [ 95172.1328125, 220788.703125 ], [ 95161.84375, 220763.296875 ], [ 95159.1171875, 220729.09375 ], [ 95152.6171875, 220699.90625 ], [ 95146.1171875, 220670.796875 ], [ 95139.65625, 220650.5 ], [ 95122.8828125, 220601.0 ], [ 95104.78125, 220538.90625 ], [ 95089.34375, 220503.5 ], [ 95081.578125, 220475.59375 ], [ 95063.6171875, 220442.703125 ], [ 95052.078125, 220422.40625 ], [ 95041.7109375, 220383.09375 ], [ 95032.640625, 220348.90625 ], [ 95028.65625, 220315.90625 ], [ 95024.7109375, 220289.296875 ], [ 95018.2265625, 220263.90625 ], [ 95011.7421875, 220237.296875 ], [ 95000.15625, 220208.09375 ], [ 94989.859375, 220184.09375 ], [ 94988.46875, 220160.0 ], [ 94987.109375, 220142.203125 ], [ 94988.3203125, 220129.5 ], [ 94990.7578125, 220109.203125 ], [ 94995.7734375, 220095.203125 ], [ 95005.84375, 220073.59375 ], [ 95015.8828125, 220049.40625 ], [ 95030.9765625, 220017.59375 ], [ 95051.15625, 219987.09375 ], [ 95063.796875, 219973.09375 ], [ 95090.390625, 219951.40625 ], [ 95134.703125, 219913.09375 ], [ 95174.0, 219892.59375 ], [ 95196.78125, 219872.203125 ], [ 95205.578125, 219851.796875 ], [ 95214.3828125, 219834.0 ], [ 95223.140625, 219806.09375 ], [ 95225.5390625, 219776.90625 ], [ 95224.1171875, 219746.40625 ], [ 95221.328125, 219698.203125 ], [ 95219.8984375, 219666.5 ], [ 95210.8203125, 219629.703125 ], [ 95211.953125, 219603.09375 ], [ 95213.046875, 219567.5 ], [ 95215.40625, 219532.0 ], [ 95220.2734375, 219486.296875 ], [ 95228.9765625, 219448.09375 ], [ 95231.3671875, 219417.703125 ], [ 95226.1484375, 219391.0 ], [ 95225.9609375, 219353.0 ], [ 95232.0234375, 219293.296875 ], [ 95236.90625, 219253.90625 ], [ 95241.8515625, 219227.203125 ], [ 95251.96875, 219215.796875 ], [ 95273.4765625, 219195.40625 ], [ 95287.34375, 219172.5 ], [ 95293.5703125, 219145.796875 ], [ 95298.4921875, 219114.0 ], [ 95304.6875, 219082.296875 ], [ 95313.3828125, 219039.09375 ], [ 95318.2265625, 218994.59375 ], [ 95307.90625, 218964.203125 ], [ 95329.203125, 218900.703125 ], [ 95368.203125, 218818.0 ], [ 95408.53125, 218749.296875 ], [ 95438.7109375, 218683.09375 ], [ 95468.9609375, 218632.203125 ], [ 95486.59375, 218596.59375 ], [ 95489.0390625, 218580.09375 ], [ 95491.46875, 218557.296875 ], [ 95491.390625, 218540.796875 ], [ 95486.203125, 218519.203125 ], [ 95487.3828125, 218501.40625 ], [ 95489.796875, 218478.59375 ], [ 95496.0234375, 218449.296875 ], [ 95505.9921875, 218411.203125 ], [ 95524.7734375, 218352.796875 ], [ 95547.421875, 218307.0 ], [ 95575.09375, 218248.5 ], [ 95600.3125, 218206.5 ], [ 95614.15625, 218178.5 ], [ 95621.640625, 218150.5 ], [ 95626.5625, 218117.5 ], [ 95632.7265625, 218081.90625 ], [ 95646.5078125, 218040.0 ], [ 95651.453125, 218009.5 ], [ 95661.4765625, 217984.09375 ], [ 95680.3125, 217935.796875 ], [ 95695.3984375, 217902.703125 ], [ 95721.8515625, 217854.296875 ], [ 95757.0625, 217776.796875 ], [ 95801.1328125, 217692.796875 ], [ 95818.7734375, 217661.0 ], [ 95845.2890625, 217626.59375 ], [ 95862.96875, 217602.40625 ], [ 95873.0234375, 217578.296875 ], [ 95885.6171875, 217556.59375 ], [ 95894.390625, 217531.203125 ], [ 95904.3828125, 217495.59375 ], [ 95911.796875, 217453.703125 ], [ 95914.140625, 217413.09375 ], [ 95920.28125, 217371.203125 ], [ 95916.2890625, 217334.40625 ], [ 95911.046875, 217305.203125 ], [ 95907.09375, 217273.5 ], [ 95900.59375, 217245.59375 ], [ 95897.890625, 217213.90625 ], [ 95897.75, 217187.203125 ], [ 95903.9765625, 217160.5 ], [ 95913.9765625, 217126.203125 ], [ 95927.78125, 217091.90625 ], [ 95934.0625, 217076.59375 ], [ 95937.796875, 217061.40625 ], [ 95938.9921875, 217044.90625 ], [ 95940.2109375, 217034.703125 ], [ 95946.5, 217020.703125 ], [ 95960.390625, 217002.90625 ], [ 95970.4921875, 216988.90625 ], [ 95984.3671875, 216967.296875 ], [ 95988.1171875, 216954.5 ], [ 95989.3203125, 216940.59375 ], [ 95984.171875, 216927.90625 ], [ 95979.0390625, 216919.09375 ], [ 95970.1171875, 216914.0 ], [ 95959.921875, 216909.0 ], [ 95939.5625, 216905.296875 ], [ 95930.6796875, 216907.796875 ], [ 95919.2578125, 216913.0 ], [ 95900.2421875, 216923.203125 ], [ 95885.0, 216925.796875 ], [ 95877.3671875, 216924.59375 ], [ 95863.3828125, 216922.09375 ], [ 95851.8671875, 216908.203125 ], [ 95845.3984375, 216886.703125 ], [ 95845.3203125, 216871.40625 ], [ 95856.65625, 216851.09375 ], [ 95864.203125, 216833.296875 ], [ 95875.5703125, 216819.296875 ], [ 95894.5234375, 216795.09375 ], [ 95919.8125, 216769.59375 ], [ 95933.6796875, 216746.703125 ], [ 95938.65625, 216725.0 ], [ 95971.5234375, 216688.09375 ], [ 96005.640625, 216646.09375 ], [ 96048.5703125, 216588.796875 ], [ 96081.4296875, 216549.296875 ], [ 96105.4609375, 216525.0 ], [ 96171.3125, 216475.203125 ], [ 96233.40625, 216435.59375 ], [ 96260.0234375, 216419.0 ], [ 96275.2109375, 216407.5 ], [ 96291.65625, 216392.203125 ], [ 96314.4296875, 216369.296875 ], [ 96343.53125, 216342.5 ], [ 96367.59375, 216322.0 ], [ 96396.7734375, 216311.796875 ], [ 96420.8125, 216290.09375 ], [ 96453.7109375, 216259.5 ], [ 96486.6484375, 216236.5 ], [ 96532.2734375, 216209.59375 ], [ 96579.1796875, 216182.796875 ], [ 96613.40625, 216166.09375 ], [ 96633.6796875, 216150.796875 ], [ 96652.6171875, 216125.296875 ], [ 96660.15625, 216108.796875 ], [ 96667.7265625, 216096.0 ], [ 96670.203125, 216082.09375 ], [ 96670.1328125, 216068.09375 ], [ 96668.7734375, 216050.40625 ], [ 96662.328125, 216032.59375 ], [ 96657.15625, 216017.40625 ], [ 96639.296875, 216003.5 ], [ 96620.1328125, 215984.59375 ], [ 96607.3671875, 215973.203125 ], [ 96594.546875, 215951.703125 ], [ 96585.546875, 215931.40625 ], [ 96584.203125, 215917.5 ], [ 96576.4921875, 215901.0 ], [ 96566.2421875, 215884.5 ], [ 96563.640625, 215873.09375 ], [ 96563.5625, 215856.59375 ], [ 96567.296875, 215842.703125 ], [ 96568.5, 215827.40625 ], [ 96565.859375, 215808.40625 ], [ 96558.171875, 215795.796875 ], [ 96558.09375, 215780.5 ], [ 96559.2890625, 215765.296875 ], [ 96569.3828125, 215748.703125 ], [ 96580.7578125, 215737.296875 ], [ 96597.2265625, 215725.796875 ], [ 96609.8984375, 215716.796875 ], [ 96618.703125, 215697.796875 ], [ 96622.4375, 215682.5 ], [ 96623.59375, 215659.59375 ], [ 96624.7578125, 215638.09375 ], [ 96627.203125, 215617.796875 ], [ 96633.40625, 215588.5 ], [ 96635.7421875, 215547.90625 ], [ 96639.40625, 215517.40625 ], [ 96643.0703125, 215487.0 ], [ 96651.703125, 215434.90625 ], [ 96661.59375, 215377.703125 ], [ 96666.5, 215343.40625 ], [ 96663.828125, 215316.796875 ], [ 96663.7265625, 215296.5 ], [ 96658.53125, 215274.90625 ], [ 96658.421875, 215253.296875 ], [ 96662.140625, 215234.296875 ], [ 96672.1796875, 215208.90625 ], [ 96684.78125, 215186.0 ], [ 96697.34375, 215154.203125 ], [ 96712.4296875, 215122.40625 ], [ 96722.453125, 215093.09375 ], [ 96728.6328125, 215056.296875 ], [ 96733.59375, 215033.40625 ], [ 96735.9921875, 215004.203125 ], [ 96738.3671875, 214971.203125 ], [ 96741.9921875, 214933.09375 ], [ 96745.6875, 214910.296875 ], [ 96745.59375, 214891.203125 ], [ 96745.4921875, 214870.90625 ], [ 96740.2421875, 214838.0 ], [ 96743.7421875, 214775.796875 ], [ 96744.65625, 214705.90625 ], [ 96745.7265625, 214665.296875 ], [ 96739.2265625, 214636.203125 ], [ 96732.7265625, 214607.0 ], [ 96718.59375, 214576.59375 ], [ 96700.6171875, 214541.09375 ], [ 96682.609375, 214498.09375 ], [ 96679.8828125, 214461.296875 ], [ 96679.7734375, 214438.40625 ], [ 96684.7734375, 214423.203125 ], [ 96696.140625, 214407.90625 ], [ 96712.5625, 214387.5 ], [ 96731.5703125, 214376.0 ], [ 96748.0, 214356.90625 ], [ 96766.9765625, 214339.0 ], [ 96788.5, 214321.203125 ], [ 96808.7578125, 214304.59375 ], [ 96821.3984375, 214290.59375 ], [ 96835.3203125, 214277.796875 ], [ 96836.5234375, 214262.59375 ], [ 96841.53125, 214248.59375 ], [ 96855.453125, 214235.796875 ], [ 96871.890625, 214219.296875 ], [ 96895.90625, 214192.5 ], [ 96911.09375, 214175.90625 ], [ 96919.8828125, 214154.296875 ], [ 96924.8515625, 214132.703125 ], [ 96932.34375, 214106.0 ], [ 96939.84375, 214079.296875 ], [ 96940.9765625, 214055.203125 ], [ 96947.25, 214036.203125 ], [ 96957.3125, 214014.5 ], [ 96975.0234375, 213998.0 ], [ 96996.546875, 213982.59375 ], [ 97020.640625, 213968.59375 ], [ 97045.9921875, 213954.5 ], [ 97061.15625, 213936.59375 ], [ 97076.2890625, 213912.5 ], [ 97081.2578125, 213888.296875 ], [ 97082.3671875, 213856.59375 ], [ 97083.4765625, 213823.59375 ], [ 97084.578125, 213790.59375 ], [ 97093.34375, 213763.90625 ], [ 97104.6484375, 213737.203125 ], [ 97117.2265625, 213711.796875 ], [ 97134.953125, 213693.90625 ], [ 97156.46875, 213677.296875 ], [ 97178.0078125, 213662.0 ], [ 97197.0390625, 213655.5 ], [ 97222.3671875, 213635.09375 ], [ 97258.1484375, 213586.796875 ], [ 97328.0703125, 213492.5 ], [ 97378.453125, 213427.40625 ], [ 97444.6171875, 213339.703125 ], [ 97466.1796875, 213330.703125 ], [ 97482.65625, 213321.703125 ], [ 97495.34375, 213314.0 ], [ 97513.046875, 213298.703125 ], [ 97529.4765625, 213279.59375 ], [ 97540.8828125, 213270.703125 ], [ 97554.8515625, 213268.09375 ], [ 97582.7734375, 213257.796875 ], [ 97599.2578125, 213250.09375 ], [ 97610.6796875, 213246.296875 ], [ 97624.6015625, 213234.796875 ], [ 97636.0, 213225.796875 ], [ 97642.28125, 213210.59375 ], [ 97646.0234375, 213195.296875 ], [ 97644.6328125, 213171.203125 ], [ 97641.9765625, 213150.90625 ], [ 97629.1328125, 213121.796875 ], [ 97607.3515625, 213090.203125 ], [ 97592.0, 213069.90625 ], [ 97575.40625, 213056.0 ], [ 97562.65625, 213049.796875 ], [ 97544.84375, 213046.0 ], [ 97534.65625, 213043.5 ], [ 97521.9375, 213041.0 ], [ 97515.546875, 213034.703125 ], [ 97504.0625, 213025.90625 ], [ 97492.5390625, 213009.5 ], [ 97488.6484375, 212994.296875 ], [ 97489.8671875, 212982.796875 ], [ 97492.3515625, 212971.40625 ], [ 97497.3671875, 212957.40625 ], [ 97497.296875, 212946.0 ], [ 97497.2578125, 212935.796875 ], [ 97494.65625, 212924.40625 ], [ 97488.2265625, 212910.5 ], [ 97481.796875, 212896.5 ], [ 97476.640625, 212880.09375 ], [ 97467.6875, 212870.0 ], [ 97461.2734375, 212857.296875 ], [ 97449.78125, 212847.203125 ], [ 97424.296875, 212835.90625 ], [ 97398.8125, 212824.59375 ], [ 97386.046875, 212813.203125 ], [ 97379.65625, 212806.90625 ], [ 97377.0703125, 212798.0 ], [ 97377.0234375, 212786.59375 ], [ 97376.9609375, 212775.203125 ], [ 97375.5703125, 212752.296875 ], [ 97375.46875, 212732.0 ], [ 97374.1328125, 212716.796875 ], [ 97371.5078125, 212702.90625 ], [ 97365.1015625, 212691.5 ], [ 97363.7734375, 212681.296875 ], [ 97364.9765625, 212667.296875 ], [ 97367.4765625, 212658.5 ], [ 97376.328125, 212649.5 ], [ 97386.4609375, 212641.90625 ], [ 97396.5625, 212627.90625 ], [ 97405.3984375, 212616.40625 ], [ 97415.5078125, 212603.703125 ], [ 97419.25, 212589.703125 ], [ 97421.7265625, 212577.0 ], [ 97420.359375, 212558.0 ], [ 97415.1796875, 212538.90625 ], [ 97412.5078125, 212512.296875 ], [ 97413.640625, 212484.40625 ], [ 97409.640625, 212447.59375 ], [ 97401.9765625, 212427.5 ], [ 97401.8125, 212407.0 ], [ 97391.5234375, 212384.203125 ], [ 97379.9921875, 212365.203125 ], [ 97355.7265625, 212345.0 ], [ 97342.9296875, 212326.0 ], [ 97336.5, 212312.09375 ], [ 97332.578125, 212290.5 ], [ 97332.5234375, 212277.90625 ], [ 97332.4375, 212262.59375 ], [ 97337.4765625, 212252.5 ], [ 97341.2265625, 212239.703125 ], [ 97350.0703125, 212229.5 ], [ 97361.4609375, 212219.296875 ], [ 97369.046875, 212210.40625 ], [ 97370.25, 212197.703125 ], [ 97375.28125, 212186.296875 ], [ 97379.0390625, 212176.09375 ], [ 97387.90625, 212171.0 ], [ 97396.8203125, 212172.203125 ], [ 97403.203125, 212177.296875 ], [ 97407.0625, 212187.40625 ], [ 97412.2109375, 212200.09375 ], [ 97414.828125, 212214.0 ], [ 97413.640625, 212230.5 ], [ 97414.9765625, 212244.5 ], [ 97417.546875, 212249.5 ], [ 97421.3828125, 212252.09375 ], [ 97426.46875, 212254.59375 ], [ 97436.640625, 212254.5 ], [ 97442.9765625, 212252.0 ], [ 97448.046875, 212249.40625 ], [ 97451.828125, 212241.796875 ], [ 97455.609375, 212235.40625 ], [ 97460.65625, 212226.5 ], [ 97466.96875, 212218.90625 ], [ 97477.1171875, 212215.0 ], [ 97486.046875, 212220.0 ], [ 97492.40625, 212221.296875 ], [ 97500.0625, 212226.296875 ], [ 97511.5703125, 212240.203125 ], [ 97518.0, 212255.40625 ], [ 97525.6875, 212266.796875 ], [ 97537.203125, 212282.0 ], [ 97547.421875, 212292.09375 ], [ 97560.1796875, 212300.90625 ], [ 97577.9765625, 212300.90625 ], [ 97593.203125, 212293.203125 ], [ 97604.6015625, 212286.796875 ], [ 97608.3671875, 212277.90625 ], [ 97608.3203125, 212267.703125 ], [ 97606.9921875, 212256.296875 ], [ 97606.9375, 212246.203125 ], [ 97606.8671875, 212230.90625 ], [ 97606.7734375, 212213.203125 ], [ 97607.96875, 212197.90625 ], [ 97610.453125, 212185.203125 ], [ 97621.84375, 212176.296875 ], [ 97631.9609375, 212166.09375 ], [ 97635.7265625, 212155.90625 ], [ 97640.7578125, 212145.703125 ], [ 97640.6875, 212131.796875 ], [ 97639.34375, 212116.5 ], [ 97641.8125, 212102.59375 ], [ 97646.828125, 212088.59375 ], [ 97651.84375, 212074.59375 ], [ 97660.703125, 212065.703125 ], [ 97675.90625, 212058.0 ], [ 97684.7734375, 212050.296875 ], [ 97705.0390625, 212035.0 ], [ 97718.9921875, 212029.90625 ], [ 97735.5234375, 212028.5 ], [ 97744.40625, 212028.5 ], [ 97758.421875, 212033.5 ], [ 97767.3515625, 212039.796875 ], [ 97780.09375, 212043.59375 ], [ 97792.7890625, 212042.296875 ], [ 97800.40625, 212042.203125 ], [ 97828.21875, 212009.09375 ], [ 97838.3828125, 212006.5 ], [ 97844.71875, 212005.203125 ], [ 97856.1015625, 211993.703125 ], [ 97872.5703125, 211981.0 ], [ 97878.8984375, 211975.90625 ], [ 97887.7421875, 211965.703125 ], [ 97892.7890625, 211956.796875 ], [ 97901.6484375, 211950.40625 ], [ 97911.7734375, 211941.40625 ], [ 97919.3828125, 211936.296875 ], [ 97929.546875, 211936.296875 ], [ 97942.25, 211935.0 ], [ 97951.1328125, 211929.796875 ], [ 97957.46875, 211927.296875 ], [ 97962.5390625, 211923.5 ], [ 97970.1015625, 211912.0 ], [ 97973.890625, 211905.59375 ], [ 97981.46875, 211896.703125 ], [ 97991.6171875, 211891.59375 ], [ 98005.5703125, 211886.40625 ], [ 98023.3515625, 211882.59375 ], [ 98038.5703125, 211876.09375 ], [ 98055.046875, 211868.5 ], [ 98062.65625, 211864.59375 ], [ 98066.453125, 211858.296875 ], [ 98067.6796875, 211850.59375 ], [ 98071.4375, 211839.203125 ], [ 98072.65625, 211830.296875 ], [ 98075.140625, 211817.59375 ], [ 98076.34375, 211802.40625 ], [ 98081.3125, 211780.796875 ], [ 98091.421875, 211768.0 ], [ 98102.828125, 211761.59375 ], [ 98112.96875, 211755.203125 ], [ 98125.65625, 211752.59375 ], [ 98143.4609375, 211752.59375 ], [ 98161.2734375, 211753.796875 ], [ 98184.1484375, 211753.59375 ], [ 98207.0234375, 211751.0 ], [ 98224.796875, 211749.703125 ], [ 98234.953125, 211745.796875 ], [ 98241.2734375, 211738.203125 ], [ 98248.859375, 211729.203125 ], [ 98256.4296875, 211719.0 ], [ 98269.046875, 211701.203125 ], [ 98275.3828125, 211696.09375 ], [ 98285.5234375, 211688.5 ], [ 98329.59375, 211605.796875 ], [ 98348.5234375, 211576.5 ], [ 98411.53125, 211467.0 ], [ 98430.4609375, 211439.0 ], [ 98446.84375, 211409.796875 ], [ 98453.109375, 211393.296875 ], [ 98458.09375, 211372.90625 ], [ 98464.34375, 211351.296875 ], [ 98476.8671875, 211314.5 ], [ 98501.9765625, 211253.40625 ], [ 98505.6875, 211230.59375 ], [ 98513.203125, 211206.40625 ], [ 98513.1328125, 211192.5 ], [ 98513.03125, 211173.40625 ], [ 98515.46875, 211153.09375 ], [ 98517.8828125, 211127.703125 ], [ 98520.3203125, 211107.40625 ], [ 98529.140625, 211090.796875 ], [ 98535.4375, 211079.40625 ], [ 98546.8203125, 211067.90625 ], [ 98556.953125, 211060.296875 ], [ 98569.640625, 211055.09375 ], [ 98586.1015625, 211042.40625 ], [ 98598.7265625, 211025.796875 ], [ 98612.6328125, 211008.0 ], [ 98625.2890625, 210997.796875 ], [ 98632.890625, 210993.90625 ], [ 98646.8984375, 210998.90625 ], [ 98653.2890625, 211005.296875 ], [ 98654.609375, 211014.09375 ], [ 98653.40625, 211028.09375 ], [ 98649.6484375, 211039.5 ], [ 98643.34375, 211049.703125 ], [ 98633.28125, 211071.296875 ], [ 98614.34375, 211096.796875 ], [ 98609.34375, 211113.296875 ], [ 98605.6171875, 211132.40625 ], [ 98609.5078125, 211146.296875 ], [ 98610.90625, 211174.203125 ], [ 98616.09375, 211193.296875 ], [ 98623.8203125, 211212.296875 ], [ 98631.5625, 211235.09375 ], [ 98632.9765625, 211265.5 ], [ 98633.1328125, 211294.703125 ], [ 98628.1875, 211322.703125 ], [ 98613.2421875, 211384.90625 ], [ 98607.09375, 211426.796875 ], [ 98602.1171875, 211448.40625 ], [ 98604.7734375, 211470.0 ], [ 98607.3671875, 211481.40625 ], [ 98612.5078125, 211491.5 ], [ 98622.703125, 211496.59375 ], [ 98634.15625, 211501.59375 ], [ 98624.046875, 211511.796875 ], [ 98616.4609375, 211520.703125 ], [ 98608.8984375, 211533.40625 ], [ 98593.71875, 211547.5 ], [ 98574.703125, 211559.0 ], [ 98549.3984375, 211581.90625 ], [ 98511.5234375, 211634.09375 ], [ 98463.5703125, 211705.40625 ], [ 98458.5625, 211720.703125 ], [ 98458.6328125, 211733.40625 ], [ 98461.2109375, 211742.203125 ], [ 98467.6015625, 211748.59375 ], [ 98479.078125, 211756.09375 ], [ 98494.359375, 211761.09375 ], [ 98504.5234375, 211758.5 ], [ 98512.1328125, 211754.703125 ], [ 98519.7109375, 211747.09375 ], [ 98529.84375, 211738.09375 ], [ 98542.5078125, 211729.203125 ], [ 98551.3515625, 211719.0 ], [ 98555.1328125, 211710.09375 ], [ 98557.6171875, 211701.203125 ], [ 98560.09375, 211687.203125 ], [ 98567.640625, 211670.703125 ], [ 98577.7578125, 211660.5 ], [ 98585.3671875, 211656.59375 ], [ 98600.59375, 211651.5 ], [ 98617.1015625, 211647.59375 ], [ 98631.140625, 211659.0 ], [ 98634.3984375, 211664.796875 ], [ 98637.546875, 211670.40625 ], [ 98643.9765625, 211684.296875 ], [ 98651.6328125, 211688.09375 ], [ 98661.78125, 211685.5 ], [ 98676.9765625, 211675.296875 ], [ 98690.8984375, 211661.296875 ], [ 98704.8125, 211647.203125 ], [ 98717.4375, 211630.703125 ], [ 98730.078125, 211615.40625 ], [ 98742.7109375, 211600.09375 ], [ 98759.171875, 211587.296875 ], [ 98765.5234375, 211584.796875 ], [ 98764.28125, 211591.09375 ], [ 98764.3515625, 211606.296875 ], [ 98758.046875, 211617.796875 ], [ 98753.046875, 211634.296875 ], [ 98746.796875, 211655.90625 ], [ 98739.21875, 211664.796875 ], [ 98729.1171875, 211677.59375 ], [ 98716.5078125, 211697.90625 ], [ 98702.6484375, 211723.40625 ], [ 98693.84375, 211739.90625 ], [ 98679.96875, 211762.796875 ], [ 98666.1328125, 211792.09375 ], [ 98656.046875, 211811.203125 ], [ 98647.2421875, 211829.0 ], [ 98638.40625, 211843.0 ], [ 98625.7734375, 211857.0 ], [ 98613.1171875, 211868.5 ], [ 98601.7421875, 211881.203125 ], [ 98596.7265625, 211895.203125 ], [ 98601.8984375, 211911.703125 ], [ 98609.6015625, 211926.90625 ], [ 98614.7734375, 211943.40625 ], [ 98614.84375, 211958.59375 ], [ 98612.3828125, 211975.09375 ], [ 98613.703125, 211984.0 ], [ 98620.109375, 211995.40625 ], [ 98627.796875, 212006.796875 ], [ 98634.2734375, 212030.796875 ], [ 98640.7265625, 212051.09375 ], [ 98640.796875, 212066.296875 ], [ 98638.34375, 212080.296875 ], [ 98630.7734375, 212093.0 ], [ 98621.921875, 212103.203125 ], [ 98613.0625, 212110.90625 ], [ 98600.40625, 212121.09375 ], [ 98591.5625, 212132.59375 ], [ 98591.6484375, 212149.09375 ], [ 98584.09375, 212163.09375 ], [ 98584.15625, 212178.296875 ], [ 98577.890625, 212194.796875 ], [ 98566.5390625, 212212.59375 ], [ 98555.15625, 212225.40625 ], [ 98545.046875, 212236.796875 ], [ 98541.2890625, 212247.0 ], [ 98541.3515625, 212259.703125 ], [ 98543.96875, 212274.90625 ], [ 98550.3984375, 212288.90625 ], [ 98554.25, 212297.703125 ], [ 98564.4921875, 212311.59375 ], [ 98568.3515625, 212320.5 ], [ 98568.4296875, 212337.0 ], [ 98571.0390625, 212349.703125 ], [ 98587.65625, 212367.40625 ], [ 98602.9609375, 212377.5 ], [ 98616.953125, 212378.703125 ], [ 98630.921875, 212377.296875 ], [ 98639.78125, 212369.703125 ], [ 98644.8125, 212358.296875 ], [ 98651.1015625, 212345.5 ], [ 98653.578125, 212331.5 ], [ 98658.5625, 212312.5 ], [ 98666.109375, 212296.0 ], [ 98678.78125, 212288.296875 ], [ 98697.8203125, 212281.90625 ], [ 98721.9375, 212275.40625 ], [ 98746.09375, 212275.296875 ], [ 98766.4609375, 212281.5 ], [ 98783.0078125, 212285.296875 ], [ 98798.25, 212282.703125 ], [ 98809.671875, 212278.796875 ], [ 98824.8984375, 212273.703125 ], [ 98845.21875, 212269.796875 ], [ 98871.921875, 212270.90625 ], [ 98889.7265625, 212273.40625 ], [ 98911.421875, 212289.796875 ], [ 98933.1328125, 212310.0 ], [ 98943.390625, 212326.40625 ], [ 98942.2265625, 212349.296875 ], [ 98935.9921875, 212372.203125 ], [ 98925.8671875, 212382.40625 ], [ 98914.4765625, 212393.796875 ], [ 98903.109375, 212406.59375 ], [ 98885.3671875, 212418.09375 ], [ 98872.6875, 212423.203125 ], [ 98856.1875, 212428.40625 ], [ 98849.8828125, 212438.5 ], [ 98842.3125, 212450.0 ], [ 98842.3984375, 212467.796875 ], [ 98848.859375, 212488.0 ], [ 98854.0078125, 212502.0 ], [ 98864.2265625, 212512.09375 ], [ 98878.2734375, 212523.5 ], [ 98896.1328125, 212534.796875 ], [ 98917.796875, 212547.40625 ], [ 98929.3203125, 212563.796875 ], [ 98931.953125, 212581.59375 ], [ 98931.5703125, 212592.09375 ], [ 98923.703125, 212613.09375 ], [ 98916.9921875, 212640.0 ], [ 98901.9375, 212680.703125 ], [ 98891.8828125, 212701.09375 ], [ 98888.859375, 212706.0 ], [ 98879.2734375, 212721.5 ], [ 98862.84375, 212743.09375 ], [ 98851.546875, 212772.296875 ], [ 98841.53125, 212801.59375 ], [ 98837.84375, 212827.0 ], [ 98839.078125, 212838.703125 ], [ 98840.5078125, 212852.296875 ], [ 98852.0625, 212875.09375 ], [ 98866.1328125, 212885.09375 ], [ 98869.9296875, 212887.796875 ], [ 98885.2265625, 212896.59375 ], [ 98910.703125, 212907.90625 ], [ 98952.7265625, 212924.203125 ], [ 98974.421875, 212939.296875 ], [ 98985.90625, 212948.203125 ], [ 98996.203125, 212972.203125 ], [ 99012.90625, 213010.203125 ], [ 99015.6015625, 213039.40625 ], [ 99018.3828125, 213085.09375 ], [ 99018.65625, 213142.203125 ], [ 99015.0, 213172.703125 ], [ 99013.859375, 213198.09375 ], [ 99005.15625, 213237.40625 ], [ 98993.9296875, 213280.59375 ], [ 98992.7890625, 213306.0 ], [ 98995.4296875, 213326.296875 ], [ 98996.7734375, 213340.296875 ], [ 99008.296875, 213358.0 ], [ 99023.609375, 213368.09375 ], [ 99051.609375, 213375.59375 ], [ 99074.546875, 213388.203125 ], [ 99092.390625, 213395.703125 ], [ 99103.8984375, 213408.296875 ], [ 99111.578125, 213419.703125 ], [ 99115.4765625, 213438.796875 ], [ 99122.0234375, 213473.0 ], [ 99128.5078125, 213500.90625 ], [ 99133.671875, 213516.09375 ], [ 99147.75, 213535.09375 ], [ 99161.796875, 213549.0 ], [ 99179.7109375, 213570.5 ], [ 99188.6796875, 213584.40625 ], [ 99193.8671875, 213605.90625 ], [ 99193.96875, 213626.203125 ], [ 99194.1328125, 213659.203125 ], [ 99199.3984375, 213694.796875 ], [ 99203.34375, 213721.40625 ], [ 99203.4375, 213740.40625 ], [ 99207.3125, 213751.796875 ], [ 99218.828125, 213767.0 ], [ 99262.9296875, 213943.203125 ], [ 99264.296875, 213962.296875 ], [ 99273.2578125, 213974.90625 ], [ 99287.2890625, 213983.703125 ], [ 99298.75, 213987.5 ], [ 99308.90625, 213986.203125 ], [ 99319.046875, 213981.0 ], [ 99326.6328125, 213970.90625 ], [ 99339.2734375, 213955.59375 ], [ 99346.7890625, 213935.203125 ], [ 99354.2734375, 213906.0 ], [ 99360.4296875, 213866.59375 ], [ 99361.5234375, 213828.5 ], [ 99361.3828125, 213801.90625 ], [ 99354.84375, 213765.09375 ], [ 99353.453125, 213742.296875 ], [ 99353.3125, 213714.40625 ], [ 99355.7109375, 213685.203125 ], [ 99366.9375, 213643.203125 ], [ 99366.796875, 213616.59375 ], [ 99366.671875, 213589.90625 ], [ 99365.28125, 213565.796875 ], [ 99365.1796875, 213545.5 ], [ 99362.5390625, 213526.5 ], [ 99358.5703125, 213494.796875 ], [ 99354.59375, 213461.796875 ], [ 99359.5703125, 213440.203125 ], [ 99363.2578125, 213414.796875 ], [ 99373.2109375, 213372.90625 ], [ 99379.40625, 213339.796875 ], [ 99380.5390625, 213311.90625 ], [ 99381.703125, 213289.0 ], [ 99382.859375, 213268.703125 ], [ 99375.1484375, 213251.0 ], [ 99363.6484375, 213239.59375 ], [ 99348.3515625, 213230.796875 ], [ 99329.21875, 213218.203125 ], [ 99313.8671875, 213199.296875 ], [ 99304.921875, 213189.09375 ], [ 99304.859375, 213176.40625 ], [ 99307.28125, 213152.296875 ], [ 99310.9609375, 213125.59375 ], [ 99308.296875, 213101.5 ], [ 99303.1171875, 213082.5 ], [ 99295.34375, 213054.59375 ], [ 99288.8671875, 213030.59375 ], [ 99287.5, 213010.296875 ], [ 99287.40625, 212992.5 ], [ 99296.2265625, 212976.0 ], [ 99308.8671875, 212961.90625 ], [ 99317.703125, 212949.203125 ], [ 99326.46875, 212923.796875 ], [ 99336.53125, 212902.203125 ], [ 99337.7265625, 212888.203125 ], [ 99331.296875, 212873.0 ], [ 99324.890625, 212861.59375 ], [ 99324.828125, 212848.90625 ], [ 99326.0234375, 212833.703125 ], [ 99333.59375, 212823.5 ], [ 99348.78125, 212809.40625 ], [ 99366.4765625, 212790.296875 ], [ 99382.8984375, 212768.703125 ], [ 99393.0078125, 212755.90625 ], [ 99403.1015625, 212740.703125 ], [ 99408.0703125, 212717.796875 ], [ 99416.7734375, 212677.09375 ], [ 99421.75, 212656.796875 ], [ 99434.359375, 212636.5 ], [ 99449.5234375, 212618.59375 ], [ 99477.3203125, 212584.203125 ], [ 99495.046875, 212571.5 ], [ 99506.46875, 212566.296875 ], [ 99519.140625, 212558.59375 ], [ 99530.5234375, 212545.90625 ], [ 99534.296875, 212539.5 ], [ 99539.3125, 212525.59375 ], [ 99539.2421875, 212511.59375 ], [ 99545.5234375, 212496.296875 ], [ 99551.84375, 212487.40625 ], [ 99564.5234375, 212483.59375 ], [ 99581.03125, 212479.703125 ], [ 99602.640625, 212478.296875 ], [ 99615.3203125, 212473.203125 ], [ 99622.8671875, 212456.59375 ], [ 99629.1328125, 212437.59375 ], [ 99627.796875, 212424.90625 ], [ 99615.0078125, 212409.703125 ], [ 99600.96875, 212399.59375 ], [ 99594.546875, 212388.203125 ], [ 99593.2265625, 212376.796875 ], [ 99596.9765625, 212364.09375 ], [ 99599.4921875, 212357.796875 ], [ 99605.796875, 212350.09375 ], [ 99618.4765625, 212341.203125 ], [ 99631.140625, 212332.203125 ], [ 99641.2890625, 212327.09375 ], [ 99648.90625, 212325.796875 ], [ 99662.90625, 212329.5 ], [ 99670.546875, 212330.796875 ], [ 99678.1875, 212334.5 ], [ 99692.2265625, 212345.90625 ], [ 99706.2890625, 212361.09375 ], [ 99710.171875, 212375.0 ], [ 99715.296875, 212383.90625 ], [ 99724.2265625, 212390.203125 ], [ 99739.4921875, 212391.40625 ], [ 99750.921875, 212388.796875 ], [ 99759.796875, 212385.0 ], [ 99764.84375, 212374.796875 ], [ 99767.3125, 212362.09375 ], [ 99765.9609375, 212345.59375 ], [ 99765.8515625, 212324.0 ], [ 99761.9375, 212303.703125 ], [ 99761.84375, 212285.90625 ], [ 99765.59375, 212272.0 ], [ 99769.3671875, 212264.296875 ], [ 99776.953125, 212255.40625 ], [ 99787.0703125, 212245.203125 ], [ 99799.75, 212238.796875 ], [ 99820.09375, 212238.703125 ], [ 99832.8515625, 212250.09375 ], [ 99846.9296875, 212267.796875 ], [ 99855.90625, 212285.5 ], [ 99864.90625, 212304.5 ], [ 99867.546875, 212323.5 ], [ 99876.5, 212334.90625 ], [ 99882.8828125, 212340.0 ], [ 99893.1015625, 212350.09375 ], [ 99908.40625, 212361.40625 ], [ 99918.65625, 212375.296875 ], [ 99922.5703125, 212395.59375 ], [ 99925.296875, 212432.40625 ], [ 99930.5078125, 212457.796875 ], [ 99930.546875, 212468.0 ], [ 99925.5234375, 212478.09375 ], [ 99911.6328125, 212496.0 ], [ 99911.671875, 212503.59375 ], [ 99913.0234375, 212518.796875 ], [ 99915.59375, 212526.40625 ], [ 99922.0234375, 212540.296875 ], [ 99928.453125, 212553.0 ], [ 99929.8203125, 212574.59375 ], [ 99929.90625, 212593.59375 ], [ 99931.296875, 212616.40625 ], [ 99933.953125, 212636.703125 ], [ 99936.6484375, 212668.5 ], [ 99939.296875, 212690.0 ], [ 99939.421875, 212714.09375 ], [ 99939.4921875, 212728.09375 ], [ 99949.71875, 212739.5 ], [ 99957.3828125, 212748.296875 ], [ 99967.59375, 212754.59375 ], [ 99976.5078125, 212758.40625 ], [ 99995.546875, 212754.5 ], [ 100015.796875, 212737.90625 ], [ 100033.5, 212725.09375 ], [ 100053.796875, 212707.296875 ], [ 100066.3984375, 212690.703125 ], [ 100085.3984375, 212670.296875 ], [ 100101.8984375, 212657.59375 ], [ 100118.296875, 212646.09375 ], [ 100138.6015625, 212634.5 ], [ 100160.203125, 212630.59375 ], [ 100175.3984375, 212626.796875 ], [ 100186.8984375, 212624.203125 ], [ 100202.1015625, 212621.59375 ], [ 100209.703125, 212615.203125 ], [ 100217.296875, 212602.5 ], [ 100222.296875, 212596.09375 ], [ 100228.6015625, 212589.703125 ], [ 100241.296875, 212584.59375 ], [ 100259.1015625, 212583.203125 ], [ 100270.5, 212580.59375 ], [ 100279.3984375, 212573.0 ], [ 100288.296875, 212567.90625 ], [ 100297.1015625, 212555.09375 ], [ 100306.0, 212545.0 ], [ 100313.6015625, 212539.796875 ], [ 100327.5, 212538.5 ], [ 100342.796875, 212532.09375 ], [ 100350.3984375, 212527.0 ], [ 100355.3984375, 212519.296875 ], [ 100361.703125, 212510.40625 ], [ 100373.1015625, 212496.40625 ], [ 100381.8984375, 212486.203125 ], [ 100394.6015625, 212477.296875 ], [ 100406.0, 212476.0 ], [ 100417.5, 212475.90625 ], [ 100431.5, 212482.203125 ], [ 100463.3984375, 212498.5 ], [ 100474.796875, 212501.0 ], [ 100488.796875, 212501.0 ], [ 100495.1015625, 212497.09375 ], [ 100502.703125, 212493.296875 ], [ 100507.796875, 212486.90625 ], [ 100519.203125, 212481.796875 ], [ 100529.296875, 212476.703125 ], [ 100538.203125, 212475.40625 ], [ 100545.8984375, 212472.796875 ], [ 100549.6015625, 212469.0 ], [ 100556.0, 212462.59375 ], [ 100563.5, 212452.40625 ], [ 100572.3984375, 212440.90625 ], [ 100581.203125, 212429.5 ], [ 100595.203125, 212420.5 ], [ 100609.1015625, 212409.0 ], [ 100619.203125, 212397.59375 ], [ 100624.203125, 212387.40625 ], [ 100631.796875, 212374.703125 ], [ 100634.296875, 212360.703125 ], [ 100636.703125, 212345.5 ], [ 100636.703125, 212332.796875 ], [ 100641.703125, 212322.59375 ], [ 100649.296875, 212313.703125 ], [ 100656.8984375, 212311.09375 ], [ 100662.0, 212311.09375 ], [ 100669.703125, 212325.0 ], [ 100669.796875, 212339.0 ], [ 100669.796875, 212352.90625 ], [ 100672.5, 212372.0 ], [ 100676.3984375, 212388.40625 ], [ 100679.0, 212410.0 ], [ 100675.203125, 212418.90625 ], [ 100667.703125, 212432.90625 ], [ 100662.6015625, 212436.703125 ], [ 100653.703125, 212435.5 ], [ 100641.0, 212435.59375 ], [ 100629.6015625, 212440.703125 ], [ 100624.5, 212444.5 ], [ 100624.6015625, 212454.703125 ], [ 100624.6015625, 212466.09375 ], [ 100628.5, 212480.0 ], [ 100637.5, 212492.703125 ], [ 100640.1015625, 212499.0 ], [ 100637.6015625, 212507.90625 ], [ 100632.5, 212515.5 ], [ 100624.8984375, 212523.203125 ], [ 100599.5, 212527.09375 ], [ 100580.5, 212528.5 ], [ 100565.203125, 212534.90625 ], [ 100555.1015625, 212546.40625 ], [ 100550.1015625, 212561.59375 ], [ 100543.796875, 212575.59375 ], [ 100536.296875, 212587.09375 ], [ 100522.296875, 212597.296875 ], [ 100510.8984375, 212598.59375 ], [ 100490.5, 212596.203125 ], [ 100452.3984375, 212591.296875 ], [ 100416.796875, 212588.90625 ], [ 100400.296875, 212591.5 ], [ 100388.796875, 212594.09375 ], [ 100382.5, 212600.5 ], [ 100374.8984375, 212610.59375 ], [ 100367.296875, 212613.203125 ], [ 100355.8984375, 212614.5 ], [ 100347.0, 212614.59375 ], [ 100334.296875, 212615.90625 ], [ 100325.3984375, 212621.0 ], [ 100321.6015625, 212632.5 ], [ 100319.203125, 212647.703125 ], [ 100316.703125, 212661.703125 ], [ 100313.0, 212673.09375 ], [ 100304.1015625, 212677.0 ], [ 100291.3984375, 212678.296875 ], [ 100269.796875, 212687.296875 ], [ 100250.796875, 212698.796875 ], [ 100236.8984375, 212711.5 ], [ 100230.6015625, 212728.0 ], [ 100226.8984375, 212747.09375 ], [ 100227.0, 212770.0 ], [ 100227.203125, 212804.203125 ], [ 100227.296875, 212839.796875 ], [ 100227.5, 212862.59375 ], [ 100214.796875, 212881.703125 ], [ 100198.3984375, 212894.5 ], [ 100181.8984375, 212900.90625 ], [ 100160.296875, 212906.09375 ], [ 100147.6015625, 212915.0 ], [ 100133.796875, 212935.40625 ], [ 100140.296875, 212965.796875 ], [ 100145.5, 212989.90625 ], [ 100155.703125, 213006.296875 ], [ 100168.5, 213017.703125 ], [ 100193.8984375, 213023.90625 ], [ 100207.8984375, 213023.90625 ], [ 100219.296875, 213017.5 ], [ 100234.5, 213007.296875 ], [ 100251.0, 213003.40625 ], [ 100262.5, 213005.90625 ], [ 100274.0, 213012.203125 ], [ 100282.8984375, 213024.796875 ], [ 100289.3984375, 213043.796875 ], [ 100295.796875, 213061.59375 ], [ 100297.203125, 213086.90625 ], [ 100302.5, 213114.796875 ], [ 100314.1015625, 213155.40625 ], [ 100325.796875, 213199.796875 ], [ 100342.703125, 213274.59375 ], [ 100346.703125, 213315.203125 ], [ 100345.5, 213339.296875 ], [ 100338.0, 213355.796875 ], [ 100316.3984375, 213363.5 ], [ 100296.1015625, 213361.09375 ], [ 100280.796875, 213356.09375 ], [ 100260.3984375, 213347.296875 ], [ 100246.3984375, 213338.5 ], [ 100226.0, 213336.0 ], [ 100207.0, 213341.203125 ], [ 100179.1015625, 213352.703125 ], [ 100162.6015625, 213369.296875 ], [ 100142.5, 213403.703125 ], [ 100124.8984375, 213459.59375 ], [ 100113.796875, 213511.703125 ], [ 100106.3984375, 213562.5 ], [ 100104.5, 213693.203125 ], [ 100113.703125, 213752.796875 ], [ 100126.6015625, 213795.90625 ], [ 100142.203125, 213863.09375 ], [ 100166.703125, 213931.5 ], [ 100196.203125, 213991.09375 ], [ 100224.5, 214045.5 ], [ 100256.5, 214091.0 ], [ 100268.1015625, 214127.796875 ], [ 100267.0, 214160.796875 ], [ 100267.203125, 214191.296875 ], [ 100255.796875, 214215.40625 ], [ 100254.703125, 214234.5 ], [ 100256.0, 214248.40625 ], [ 100256.1015625, 214272.5 ], [ 100256.296875, 214300.5 ], [ 100253.8984375, 214325.90625 ], [ 100247.6015625, 214348.703125 ], [ 100243.8984375, 214370.296875 ], [ 100242.703125, 214390.59375 ], [ 100244.1015625, 214407.09375 ], [ 100245.5, 214428.703125 ], [ 100243.0, 214452.796875 ], [ 100241.8984375, 214477.0 ], [ 100233.1015625, 214503.59375 ], [ 100224.296875, 214524.0 ], [ 100210.5, 214550.703125 ], [ 100196.703125, 214596.5 ], [ 100176.703125, 214654.90625 ], [ 100157.8984375, 214718.5 ], [ 100139.1015625, 214770.59375 ], [ 100111.3984375, 214817.703125 ], [ 100086.203125, 214854.59375 ], [ 100059.703125, 214899.09375 ], [ 100032.0, 214951.296875 ], [ 100011.796875, 214992.0 ], [ 100003.1015625, 215020.0 ], [ 100002.0, 215054.296875 ], [ 100000.8984375, 215084.703125 ], [ 99999.7265625, 215110.09375 ], [ 99993.5234375, 215140.59375 ], [ 99988.65625, 215185.0 ], [ 99985.109375, 215238.40625 ], [ 99985.3203125, 215280.203125 ], [ 99977.8828125, 215317.09375 ], [ 99970.4375, 215353.90625 ], [ 99961.703125, 215387.0 ], [ 99941.65625, 215445.40625 ], [ 99929.1796875, 215492.5 ], [ 99925.4921875, 215517.796875 ], [ 99925.6796875, 215554.703125 ], [ 99925.859375, 215590.203125 ], [ 99924.75, 215623.203125 ], [ 99923.5625, 215639.703125 ], [ 99918.59375, 215661.296875 ], [ 99906.0234375, 215690.5 ], [ 99884.59375, 215726.203125 ], [ 99872.1171875, 215774.5 ], [ 99866.0, 215822.703125 ], [ 99862.421875, 215868.40625 ], [ 99856.3203125, 215920.5 ], [ 99857.796875, 215962.40625 ], [ 99858.09375, 216020.796875 ], [ 99858.40625, 216084.203125 ], [ 99861.171875, 216127.40625 ], [ 99861.296875, 216154.0 ], [ 99852.5390625, 216180.703125 ], [ 99840.0234375, 216217.59375 ], [ 99821.15625, 216259.5 ], [ 99812.40625, 216291.296875 ], [ 99806.1875, 216316.703125 ], [ 99807.6015625, 216344.59375 ], [ 99807.7421875, 216373.796875 ], [ 99811.75, 216411.90625 ], [ 99811.921875, 216446.09375 ], [ 99808.328125, 216490.59375 ], [ 99800.921875, 216533.796875 ], [ 99792.3125, 216592.203125 ], [ 99781.0234375, 216620.203125 ], [ 99770.9765625, 216648.09375 ], [ 99755.8828125, 216678.703125 ], [ 99754.7734375, 216710.40625 ], [ 99756.296875, 216762.40625 ], [ 99754.0703125, 216824.59375 ], [ 99750.5390625, 216880.5 ], [ 99749.4765625, 216924.90625 ], [ 99749.6875, 216964.296875 ], [ 99749.8515625, 216997.296875 ], [ 99746.1171875, 217013.796875 ], [ 99739.890625, 217039.203125 ], [ 99731.171875, 217076.0 ], [ 99721.171875, 217109.09375 ], [ 99709.953125, 217153.5 ], [ 99713.9921875, 217198.0 ], [ 99716.6875, 217228.40625 ], [ 99730.7578125, 217246.09375 ], [ 99743.546875, 217262.5 ], [ 99752.453125, 217262.5 ], [ 99761.3203125, 217257.40625 ], [ 99767.6328125, 217248.5 ], [ 99786.609375, 217230.59375 ], [ 99797.96875, 217214.09375 ], [ 99805.4921875, 217193.703125 ], [ 99811.78125, 217179.703125 ], [ 99816.7421875, 217155.59375 ], [ 99819.15625, 217131.5 ], [ 99824.140625, 217109.90625 ], [ 99835.4765625, 217089.5 ], [ 99841.7265625, 217069.203125 ], [ 99849.2734375, 217048.796875 ], [ 99851.6484375, 217018.40625 ], [ 99856.6328125, 216995.5 ], [ 99866.7109375, 216979.0 ], [ 99878.0703125, 216962.40625 ], [ 99890.6875, 216944.59375 ], [ 99914.671875, 216910.203125 ], [ 99926.03125, 216893.703125 ], [ 99937.4375, 216887.296875 ], [ 99952.671875, 216883.40625 ], [ 99961.546875, 216879.5 ], [ 99972.90625, 216861.703125 ], [ 99976.65625, 216850.296875 ], [ 99982.90625, 216829.90625 ], [ 99994.21875, 216802.0 ], [ 100013.1015625, 216758.703125 ], [ 100030.703125, 216719.296875 ], [ 100040.703125, 216692.59375 ], [ 100054.6015625, 216673.5 ], [ 100067.203125, 216662.0 ], [ 100082.5, 216654.296875 ], [ 100097.703125, 216647.90625 ], [ 100115.5, 216651.703125 ], [ 100126.8984375, 216652.90625 ], [ 100137.203125, 216663.0 ], [ 100141.0, 216673.09375 ], [ 100141.1015625, 216682.0 ], [ 100141.203125, 216708.703125 ], [ 100140.1015625, 216735.296875 ], [ 100136.3984375, 216754.40625 ], [ 100128.796875, 216777.296875 ], [ 100112.3984375, 216800.203125 ], [ 100104.8984375, 216820.5 ], [ 100105.0, 216842.09375 ], [ 100111.5, 216861.09375 ], [ 100110.296875, 216885.203125 ], [ 100105.3984375, 216910.59375 ], [ 100097.8984375, 216937.296875 ], [ 100089.1015625, 216964.0 ], [ 100079.0, 216988.203125 ], [ 100072.796875, 217016.09375 ], [ 100061.6015625, 217056.796875 ], [ 100047.796875, 217086.0 ], [ 100035.203125, 217114.0 ], [ 100011.203125, 217139.5 ], [ 99974.5234375, 217182.796875 ], [ 99951.7890625, 217214.59375 ], [ 99935.40625, 217242.59375 ], [ 99927.921875, 217271.90625 ], [ 99928.09375, 217303.59375 ], [ 99924.421875, 217334.09375 ], [ 99910.6015625, 217367.09375 ], [ 99905.65625, 217393.796875 ], [ 99907.0234375, 217412.796875 ], [ 99917.2890625, 217433.09375 ], [ 99933.8828125, 217447.0 ], [ 99950.40625, 217448.203125 ], [ 99965.6796875, 217449.40625 ], [ 99977.078125, 217441.703125 ], [ 99993.5390625, 217429.0 ], [ 100007.5, 217428.90625 ], [ 100025.3984375, 217435.203125 ], [ 100035.6015625, 217441.5 ], [ 100039.3984375, 217449.0 ], [ 100035.703125, 217463.0 ], [ 100030.6015625, 217477.0 ], [ 100014.203125, 217496.09375 ], [ 99991.4609375, 217521.59375 ], [ 99964.921875, 217552.203125 ], [ 99949.7578125, 217570.0 ], [ 99939.6875, 217590.40625 ], [ 99934.7421875, 217618.296875 ], [ 99931.0625, 217645.0 ], [ 99923.59375, 217675.5 ], [ 99913.59375, 217711.09375 ], [ 99902.4375, 217767.0 ], [ 99895.09375, 217822.796875 ], [ 99886.53125, 217890.203125 ], [ 99880.40625, 217937.09375 ], [ 99864.15625, 217991.796875 ], [ 99849.1328125, 218036.296875 ], [ 99828.890625, 218058.0 ], [ 99803.59375, 218080.90625 ], [ 99780.8125, 218103.90625 ], [ 99773.296875, 218125.5 ], [ 99773.421875, 218150.796875 ], [ 99778.5703125, 218163.5 ], [ 99784.9765625, 218172.40625 ], [ 99796.453125, 218178.703125 ], [ 99806.671875, 218190.0 ], [ 99818.1875, 218205.203125 ], [ 99825.90625, 218225.5 ], [ 99827.2734375, 218242.0 ], [ 99822.3828125, 218281.40625 ], [ 99806.046875, 218320.796875 ], [ 99789.7734375, 218367.796875 ], [ 99767.1484375, 218420.0 ], [ 99760.90625, 218445.40625 ], [ 99743.3515625, 218492.40625 ], [ 99721.96875, 218536.90625 ], [ 99699.3828125, 218595.40625 ], [ 99681.78125, 218634.796875 ], [ 99667.953125, 218666.59375 ], [ 99647.703125, 218684.5 ], [ 99592.2890625, 218787.5 ], [ 99565.8125, 218832.09375 ], [ 99539.390625, 218885.5 ], [ 99502.8984375, 218960.5 ], [ 99475.1796875, 219010.203125 ], [ 99453.7890625, 219054.703125 ], [ 99426.0390625, 219096.703125 ], [ 99399.609375, 219150.09375 ], [ 99361.828125, 219221.40625 ], [ 99342.84375, 219236.703125 ], [ 99311.203125, 219266.0 ], [ 99283.4296875, 219304.203125 ], [ 99255.703125, 219351.296875 ], [ 99231.7578125, 219394.59375 ], [ 99217.921875, 219423.796875 ], [ 99188.8828125, 219463.296875 ], [ 99177.609375, 219496.296875 ], [ 99167.6484375, 219538.296875 ], [ 99163.9765625, 219567.5 ], [ 99159.0078125, 219590.296875 ], [ 99146.4296875, 219617.09375 ], [ 99104.7734375, 219674.40625 ], [ 99061.953125, 219753.296875 ], [ 99040.4765625, 219781.296875 ], [ 99006.3671875, 219824.59375 ], [ 98955.75, 219870.5 ], [ 98925.40625, 219903.59375 ], [ 98893.78125, 219934.203125 ], [ 98872.203125, 219941.90625 ], [ 98854.40625, 219940.796875 ], [ 98822.609375, 219938.40625 ], [ 98797.15625, 219933.40625 ], [ 98783.203125, 219938.5 ], [ 98766.7265625, 219948.796875 ], [ 98755.359375, 219962.796875 ], [ 98756.71875, 219980.5 ], [ 98760.6328125, 219998.296875 ], [ 98777.2265625, 220016.0 ], [ 98825.78125, 220064.0 ], [ 98873.3984375, 220120.59375 ], [ 98879.5, 220128.5 ], [ 98889.8203125, 220158.90625 ], [ 98900.15625, 220194.40625 ], [ 98900.296875, 220222.296875 ], [ 98891.546875, 220250.296875 ], [ 98870.15625, 220293.5 ], [ 98850.0234375, 220335.5 ], [ 98827.40625, 220387.59375 ], [ 98814.84375, 220416.90625 ], [ 98798.4296875, 220439.796875 ], [ 98769.359375, 220474.203125 ], [ 98746.546875, 220489.5 ], [ 98730.140625, 220511.203125 ], [ 98717.5234375, 220529.0 ], [ 98704.9375, 220555.703125 ], [ 98694.8828125, 220578.59375 ], [ 98670.8671875, 220605.40625 ], [ 98596.3671875, 220706.0 ], [ 98577.4375, 220734.0 ], [ 98559.796875, 220764.5 ], [ 98548.453125, 220784.90625 ], [ 98529.453125, 220797.703125 ], [ 98454.65625, 220841.09375 ], [ 98443.296875, 220855.203125 ], [ 98435.7890625, 220879.296875 ], [ 98435.90625, 220902.09375 ], [ 98443.7578125, 220946.5 ], [ 98460.4765625, 220985.796875 ], [ 98461.8984375, 221016.296875 ], [ 98455.703125, 221046.796875 ], [ 98443.0703125, 221063.296875 ], [ 98425.3203125, 221073.5 ], [ 98408.8203125, 221078.703125 ], [ 98394.90625, 221091.40625 ], [ 98383.546875, 221109.296875 ], [ 98379.8203125, 221125.796875 ], [ 98378.6328125, 221141.0 ], [ 98369.8125, 221157.5 ], [ 98366.0625, 221171.5 ], [ 98368.7890625, 221207.09375 ], [ 98374.09375, 221250.203125 ], [ 98376.796875, 221283.203125 ], [ 98376.8828125, 221300.90625 ], [ 98371.9296875, 221326.296875 ], [ 98369.453125, 221340.296875 ], [ 98355.5, 221346.703125 ], [ 98356.40625, 221351.203125 ], [ 98324.046875, 221411.59375 ], [ 98312.671875, 221424.296875 ], [ 98289.90625, 221449.796875 ], [ 98267.1328125, 221470.203125 ], [ 98234.1875, 221490.703125 ], [ 98199.9609375, 221509.90625 ], [ 98170.78125, 221521.40625 ], [ 98140.3125, 221529.203125 ], [ 98114.8984375, 221531.796875 ], [ 98085.6484375, 221529.40625 ], [ 98064.046875, 221530.796875 ], [ 98044.9921875, 221533.40625 ], [ 98028.5234375, 221543.703125 ], [ 98014.59375, 221555.09375 ], [ 98000.65625, 221566.59375 ], [ 97977.8671875, 221583.203125 ], [ 97952.5390625, 221602.40625 ], [ 97927.2421875, 221627.90625 ], [ 97904.4765625, 221652.09375 ], [ 97885.59375, 221689.0 ], [ 97875.6328125, 221729.703125 ], [ 97870.8671875, 221794.40625 ], [ 97859.78125, 221864.296875 ], [ 97838.5234375, 221932.90625 ], [ 97813.2578125, 221967.296875 ], [ 97789.1875, 221983.90625 ], [ 97763.8515625, 222001.796875 ], [ 97738.453125, 222004.40625 ], [ 97715.53125, 221998.203125 ], [ 97688.84375, 221998.296875 ], [ 97655.703125, 221980.703125 ], [ 97628.921875, 221964.296875 ], [ 97598.2734375, 221937.796875 ], [ 97580.390625, 221920.09375 ], [ 97571.34375, 221889.703125 ], [ 97566.15625, 221870.703125 ], [ 97563.46875, 221841.5 ], [ 97563.296875, 221807.203125 ], [ 97560.578125, 221771.703125 ], [ 97559.171875, 221743.796875 ], [ 97556.5, 221718.40625 ], [ 97546.203125, 221691.796875 ], [ 97535.90625, 221669.0 ], [ 97517.9765625, 221641.09375 ], [ 97500.09375, 221623.5 ], [ 97478.3828125, 221603.296875 ], [ 97447.7578125, 221580.5 ], [ 97419.703125, 221562.90625 ], [ 97386.5703125, 221546.5 ], [ 97352.1796875, 221534.0 ], [ 97317.8125, 221524.0 ], [ 97287.28125, 221520.296875 ], [ 97249.1328125, 221518.0 ], [ 97211.0078125, 221519.40625 ], [ 97193.1875, 221515.703125 ], [ 97143.5703125, 221508.296875 ], [ 97099.03125, 221498.296875 ], [ 97068.5, 221493.40625 ], [ 96989.640625, 221484.90625 ], [ 96946.390625, 221480.0 ], [ 96900.578125, 221468.796875 ], [ 96847.1171875, 221455.09375 ], [ 96815.3203125, 221452.703125 ], [ 96789.8828125, 221450.203125 ], [ 96770.828125, 221451.59375 ], [ 96749.2265625, 221454.203125 ], [ 96727.640625, 221459.40625 ], [ 96693.3203125, 221459.59375 ], [ 96669.15625, 221458.40625 ], [ 96645.0234375, 221461.0 ], [ 96617.078125, 221466.296875 ], [ 96589.1328125, 221470.203125 ], [ 96563.7109375, 221470.296875 ], [ 96548.453125, 221469.09375 ], [ 96528.140625, 221475.5 ], [ 96491.3125, 221482.0 ], [ 96457.0234375, 221488.5 ], [ 96427.8203125, 221496.296875 ], [ 96408.7734375, 221500.203125 ], [ 96383.3984375, 221510.5 ], [ 96365.6875, 221527.0 ], [ 96359.421875, 221546.09375 ], [ 96360.8828125, 221581.59375 ], [ 96364.8671875, 221617.203125 ], [ 96375.2265625, 221656.5 ], [ 96397.09375, 221704.59375 ], [ 96411.2890625, 221748.90625 ], [ 96411.421875, 221775.59375 ], [ 96410.40625, 221827.59375 ], [ 96409.4765625, 221896.203125 ], [ 96412.3671875, 221964.703125 ], [ 96410.15625, 222030.703125 ], [ 96402.7890625, 222082.796875 ], [ 96406.7734375, 222115.796875 ], [ 96415.796875, 222141.09375 ], [ 96424.7890625, 222160.09375 ], [ 96437.609375, 222181.59375 ], [ 96455.5078125, 222201.796875 ], [ 96472.1328125, 222222.09375 ], [ 96481.1328125, 222239.796875 ], [ 96485.03125, 222258.796875 ], [ 96495.2890625, 222276.5 ], [ 96514.46875, 222298.0 ], [ 96543.796875, 222318.203125 ], [ 96568.0390625, 222334.59375 ], [ 96592.3203125, 222359.90625 ], [ 96601.296875, 222377.59375 ], [ 96611.59375, 222400.40625 ], [ 96619.390625, 222434.59375 ], [ 96624.671875, 222474.0 ], [ 96630.0, 222522.203125 ], [ 96637.90625, 222579.296875 ], [ 96650.90625, 222637.59375 ], [ 96658.703125, 222668.0 ], [ 96658.796875, 222688.296875 ], [ 96651.2890625, 222712.5 ], [ 96636.1796875, 222741.703125 ], [ 96621.0390625, 222763.40625 ], [ 96598.28125, 222788.796875 ], [ 96580.609375, 222814.296875 ], [ 96560.4921875, 222858.796875 ], [ 96549.15625, 222879.203125 ], [ 96532.7265625, 222899.5 ], [ 96527.7734375, 222923.703125 ], [ 96511.3125, 222937.703125 ], [ 96485.921875, 222944.203125 ], [ 96459.2421875, 222948.09375 ], [ 96432.6015625, 222958.40625 ], [ 96397.046875, 222966.203125 ], [ 96360.2265625, 222975.203125 ], [ 96319.59375, 222984.296875 ], [ 96300.5, 222979.296875 ], [ 96250.8125, 222956.703125 ], [ 96226.609375, 222947.90625 ], [ 96194.7265625, 222927.703125 ], [ 96161.609375, 222913.90625 ], [ 96127.2421875, 222905.203125 ], [ 96100.5390625, 222904.0 ], [ 96076.3984375, 222905.40625 ], [ 96056.109375, 222915.703125 ], [ 96035.8515625, 222932.296875 ], [ 96018.1328125, 222946.296875 ], [ 95992.7734375, 222960.40625 ], [ 95973.6484375, 222949.0 ], [ 95954.5078125, 222935.203125 ], [ 95934.1796875, 222936.5 ], [ 95915.1796875, 222950.59375 ], [ 95898.6484375, 222949.40625 ], [ 95872.0, 222959.59375 ], [ 95849.1015625, 222955.90625 ], [ 95829.9609375, 222942.09375 ], [ 95809.5078125, 222919.296875 ], [ 95790.4921875, 222929.5 ], [ 95771.46875, 222938.5 ], [ 95753.671875, 222937.296875 ], [ 95735.953125, 222953.90625 ], [ 95716.8828125, 222952.703125 ], [ 95704.078125, 222935.0 ], [ 95704.0, 222918.5 ], [ 95703.90625, 222902.0 ], [ 95680.8828125, 222871.703125 ], [ 95659.34375, 222884.5 ], [ 95640.28125, 222888.296875 ], [ 95624.953125, 222870.59375 ], [ 95632.4609375, 222849.0 ], [ 95639.9609375, 222823.59375 ], [ 95636.0625, 222807.09375 ], [ 95616.921875, 222792.0 ], [ 95580.046875, 222789.59375 ], [ 95564.90625, 222815.09375 ], [ 95565.0, 222831.59375 ], [ 95568.90625, 222850.59375 ], [ 95567.7265625, 222869.59375 ], [ 95566.5625, 222890.0 ], [ 95565.40625, 222912.796875 ], [ 95579.5703125, 222949.5 ], [ 95600.0234375, 222971.0 ], [ 95622.9765625, 222987.40625 ], [ 95623.1171875, 223014.09375 ], [ 95639.7421875, 223034.296875 ], [ 95666.4765625, 223043.09375 ], [ 95680.59375, 223067.09375 ], [ 95687.1328125, 223103.90625 ], [ 95713.921875, 223122.796875 ], [ 95730.453125, 223124.0 ], [ 95750.796875, 223125.203125 ], [ 95772.4296875, 223130.203125 ], [ 95803.03125, 223149.09375 ], [ 95819.6875, 223174.40625 ], [ 95849.109375, 223211.0 ], [ 95870.7890625, 223224.90625 ], [ 95896.2265625, 223227.296875 ], [ 95919.203125, 223245.0 ], [ 95935.8125, 223264.0 ], [ 95953.7578125, 223293.09375 ], [ 95976.796875, 223326.0 ], [ 96002.421875, 223363.90625 ], [ 96029.296875, 223400.59375 ], [ 96048.421875, 223412.0 ], [ 96086.6484375, 223429.5 ], [ 96114.75, 223456.09375 ], [ 96158.1796875, 223497.796875 ], [ 96190.078125, 223521.703125 ], [ 96225.796875, 223548.203125 ], [ 96250.09375, 223574.796875 ], [ 96275.65625, 223603.796875 ], [ 96310.203125, 223648.09375 ], [ 96344.7890625, 223700.0 ], [ 96364.0234375, 223732.90625 ], [ 96389.640625, 223772.09375 ], [ 96403.8125, 223808.90625 ], [ 96414.0625, 223825.296875 ], [ 96437.1875, 223873.5 ], [ 96458.9765625, 223910.203125 ], [ 96488.4921875, 223965.90625 ], [ 96506.4609375, 224000.09375 ], [ 96521.921875, 224040.59375 ], [ 96538.578125, 224067.203125 ], [ 96555.203125, 224084.90625 ], [ 96575.65625, 224108.90625 ], [ 96582.1484375, 224136.796875 ], [ 96581.0078125, 224162.203125 ], [ 96592.546875, 224182.40625 ], [ 96605.453125, 224219.203125 ], [ 96601.7578125, 224244.59375 ], [ 96601.859375, 224264.90625 ], [ 96598.203125, 224296.59375 ], [ 96605.9375, 224318.203125 ], [ 96627.6875, 224346.0 ], [ 96638.0234375, 224379.0 ], [ 96639.4375, 224406.90625 ], [ 96657.3828125, 224436.0 ], [ 96670.25, 224467.703125 ], [ 96670.359375, 224489.203125 ], [ 96674.296875, 224514.59375 ], [ 96684.6328125, 224545.0 ], [ 96703.828125, 224572.90625 ], [ 96709.046875, 224600.796875 ], [ 96706.65625, 224630.0 ], [ 96703.0234375, 224664.203125 ], [ 96714.6328125, 224699.703125 ], [ 96726.28125, 224741.59375 ], [ 96736.7109375, 224792.296875 ], [ 96745.8828125, 224848.09375 ], [ 96747.34375, 224883.59375 ], [ 96755.1171875, 224914.0 ], [ 96752.671875, 224934.40625 ], [ 96748.9765625, 224958.5 ], [ 96736.8515625, 224995.0 ], [ 96738.4609375, 225000.0 ], [ 96745.7890625, 225023.0 ], [ 96754.7421875, 225067.5 ], [ 96763.703125, 225107.0 ], [ 96775.15625, 225128.59375 ], [ 96785.3515625, 225152.796875 ], [ 96787.953125, 225188.5 ], [ 96799.421875, 225217.796875 ], [ 96816.03125, 225280.203125 ], [ 96832.6328125, 225333.703125 ], [ 96837.796875, 225392.203125 ], [ 96851.8828125, 225467.40625 ], [ 96881.421875, 225683.90625 ], [ 96899.4765625, 225862.203125 ], [ 96913.6015625, 225961.5 ], [ 96925.15625, 226048.09375 ], [ 96925.2578125, 226106.703125 ], [ 96929.2265625, 226206.0 ], [ 96938.2265625, 226283.703125 ], [ 96951.1484375, 226420.0 ], [ 96970.34375, 226510.40625 ], [ 96971.65625, 226551.203125 ], [ 96985.859375, 226695.09375 ], [ 96988.53125, 226780.40625 ], [ 96984.828125, 226846.59375 ], [ 96999.0234375, 226993.09375 ], [ 97014.46875, 227123.0 ], [ 97031.15625, 227246.5 ], [ 97045.328125, 227368.796875 ], [ 97046.7890625, 227492.296875 ], [ 97053.328125, 227613.296875 ], [ 97050.953125, 227722.90625 ], [ 97044.8828125, 227894.796875 ], [ 97038.703125, 228004.40625 ], [ 97016.1171875, 228182.703125 ], [ 97018.859375, 228312.59375 ], [ 97020.3203125, 228433.59375 ], [ 97014.109375, 228526.59375 ], [ 97018.15625, 228678.203125 ], [ 97015.671875, 228712.59375 ], [ 97010.9296875, 228927.796875 ], [ 97015.0234375, 229106.203125 ], [ 97026.59375, 229195.296875 ], [ 97027.953125, 229255.203125 ], [ 97010.421875, 229419.5 ], [ 97013.09375, 229502.296875 ], [ 97010.7109375, 229601.59375 ], [ 97015.890625, 229667.90625 ], [ 96996.9765625, 229755.796875 ], [ 96993.3125, 229846.203125 ], [ 96985.796875, 229913.703125 ], [ 96970.640625, 229966.0 ], [ 96964.34375, 229995.296875 ], [ 96970.7421875, 230030.90625 ], [ 96977.1328125, 230056.40625 ], [ 96910.203125, 230295.90625 ], [ 96910.0625, 230300.09375 ], [ 97164.328125, 230351.296875 ], [ 97383.953125, 230264.203125 ], [ 97606.4296875, 230230.296875 ], [ 97835.109375, 230231.90625 ], [ 98067.046875, 230228.703125 ], [ 98280.7109375, 230309.09375 ], [ 98342.0390625, 230530.296875 ], [ 98526.3671875, 230662.09375 ], [ 98710.8828125, 230524.796875 ], [ 98840.9609375, 230340.5 ], [ 98975.8671875, 230157.703125 ], [ 99110.7578125, 229976.59375 ], [ 99170.171875, 229953.0 ], [ 99325.53125, 229891.09375 ], [ 99526.09375, 230003.703125 ], [ 99744.53125, 230092.203125 ], [ 99946.7890625, 230191.90625 ], [ 100124.6015625, 230338.09375 ], [ 100227.8984375, 230540.296875 ], [ 100263.3984375, 230766.0 ], [ 100300.6015625, 230990.203125 ], [ 100370.5, 231050.203125 ], [ 100476.703125, 231141.296875 ], [ 100688.6015625, 231253.90625 ], [ 100907.0, 231344.0 ], [ 101134.203125, 231331.09375 ], [ 101333.0, 231216.5 ], [ 101504.796875, 231063.09375 ], [ 101657.296875, 230890.203125 ], [ 101785.796875, 230704.203125 ], [ 101906.296875, 230508.5 ], [ 102073.203125, 230355.0 ], [ 102303.703125, 230321.203125 ], [ 102530.6015625, 230351.796875 ], [ 102755.8984375, 230375.90625 ], [ 102994.1015625, 230404.90625 ], [ 103219.3984375, 230433.90625 ], [ 103376.1015625, 230599.296875 ], [ 103401.8984375, 230831.5 ], [ 103442.296875, 231058.90625 ], [ 103670.8984375, 231062.09375 ], [ 103789.796875, 230866.40625 ], [ 103886.296875, 230654.40625 ], [ 104038.796875, 230483.09375 ], [ 104213.3984375, 230626.09375 ], [ 104253.796875, 230848.703125 ], [ 104340.8984375, 231065.203125 ], [ 104563.6015625, 231003.90625 ], [ 104648.703125, 230793.5 ], [ 104619.6015625, 230569.296875 ], [ 104579.296875, 230345.09375 ], [ 104453.296875, 230155.796875 ], [ 104325.703125, 229964.796875 ], [ 104220.796875, 229765.90625 ], [ 104280.296875, 229542.40625 ], [ 104509.1015625, 229518.203125 ], [ 104704.796875, 229632.296875 ], [ 104912.0, 229725.59375 ], [ 105133.796875, 229790.0 ], [ 105295.296875, 229955.40625 ], [ 105274.5, 230179.203125 ], [ 105149.203125, 230370.09375 ], [ 105105.8984375, 230592.09375 ], [ 105316.296875, 230670.90625 ], [ 105544.8984375, 230683.796875 ], [ 105758.6015625, 230762.59375 ], [ 105978.8984375, 230812.40625 ], [ 106196.703125, 230752.796875 ], [ 106199.296875, 230746.90625 ], [ 106263.6015625, 230789.703125 ], [ 106295.6015625, 230853.59375 ], [ 106316.8984375, 230906.796875 ], [ 106306.296875, 230981.40625 ], [ 106295.6015625, 231066.59375 ], [ 106284.8984375, 231130.5 ], [ 106305.703125, 231217.59375 ], [ 106338.203125, 231258.296875 ], [ 106370.3984375, 231272.203125 ], [ 106457.3984375, 231187.0 ], [ 106542.796875, 231111.296875 ], [ 106637.796875, 231035.796875 ], [ 106723.203125, 230955.296875 ], [ 106807.0, 230871.703125 ], [ 106884.3984375, 230788.0 ], [ 106968.203125, 230709.203125 ], [ 107061.6015625, 230640.0 ], [ 107174.296875, 230609.5 ], [ 107280.3984375, 230653.09375 ], [ 107384.8984375, 230714.40625 ], [ 107487.796875, 230769.203125 ], [ 107592.3984375, 230819.203125 ], [ 107706.6015625, 230801.5 ], [ 107774.3984375, 230706.59375 ], [ 107837.296875, 230603.59375 ], [ 107913.0, 230507.09375 ], [ 107996.796875, 230423.5 ], [ 108080.6015625, 230346.203125 ], [ 108169.203125, 230273.90625 ], [ 108272.296875, 230212.796875 ], [ 108385.0, 230166.203125 ], [ 108499.296875, 230151.796875 ], [ 108539.296875, 230262.90625 ], [ 108540.796875, 230385.203125 ], [ 108553.5, 230509.203125 ], [ 108564.6015625, 230623.5 ], [ 108590.1015625, 230736.296875 ], [ 108651.1015625, 230839.296875 ], [ 108752.3984375, 230892.5 ], [ 108868.296875, 230897.5 ], [ 108987.3984375, 230878.203125 ], [ 109100.1015625, 230863.796875 ], [ 109215.8984375, 230859.09375 ], [ 109335.0, 230862.40625 ], [ 109447.6015625, 230880.203125 ], [ 109516.703125, 230970.40625 ], [ 109529.3984375, 231088.0 ], [ 109482.5, 231194.203125 ], [ 109377.8984375, 231256.90625 ], [ 109276.3984375, 231308.296875 ], [ 109171.703125, 231364.59375 ], [ 109070.296875, 231437.0 ], [ 109015.3984375, 231536.703125 ], [ 109002.3984375, 231659.09375 ], [ 108994.1015625, 231779.796875 ], [ 109016.5, 231892.5 ], [ 109108.1015625, 231966.59375 ], [ 109224.0, 231973.203125 ], [ 109338.203125, 231947.5 ], [ 109452.5, 231921.796875 ], [ 109570.0, 231909.0 ], [ 109671.296875, 231967.09375 ], [ 109669.5, 232089.40625 ], [ 109619.5, 232195.703125 ], [ 109612.8984375, 232311.59375 ], [ 109722.203125, 232376.09375 ], [ 109841.296875, 232360.0 ], [ 109955.6015625, 232319.90625 ], [ 110074.796875, 232278.09375 ], [ 110189.1015625, 232236.40625 ], [ 110284.1015625, 232170.40625 ], [ 110369.5, 232085.203125 ], [ 110450.1015625, 232003.09375 ], [ 110545.1015625, 231929.09375 ], [ 110649.796875, 231868.0 ], [ 110760.8984375, 231840.796875 ], [ 110876.703125, 231842.5 ], [ 110978.0, 231900.5 ], [ 111069.6015625, 231971.40625 ], [ 111150.0, 232052.0 ], [ 111219.0, 232153.5 ], [ 111323.5, 232208.296875 ], [ 111426.3984375, 232266.296875 ], [ 111542.296875, 232277.703125 ], [ 111661.3984375, 232247.203125 ], [ 111769.296875, 232205.40625 ], [ 111881.8984375, 232218.40625 ], [ 111952.6015625, 232308.59375 ], [ 111984.6015625, 232426.09375 ], [ 112021.3984375, 232540.5 ], [ 112058.296875, 232659.59375 ], [ 112096.703125, 232775.59375 ], [ 112144.796875, 232880.296875 ], [ 112202.6015625, 232991.40625 ], [ 112287.796875, 233078.40625 ], [ 112390.703125, 233126.796875 ], [ 112504.8984375, 233155.90625 ], [ 112625.5, 233181.703125 ], [ 112746.203125, 233188.296875 ], [ 112862.0, 233209.296875 ], [ 112974.6015625, 233230.296875 ], [ 113075.8984375, 233306.0 ], [ 113180.3984375, 233356.0 ], [ 113297.8984375, 233385.09375 ], [ 113421.796875, 233385.203125 ], [ 113537.6015625, 233380.5 ], [ 113656.703125, 233374.09375 ], [ 113754.796875, 233435.40625 ], [ 113783.6015625, 233548.09375 ], [ 113682.1015625, 233599.5 ], [ 113559.8984375, 233586.5 ], [ 113440.796875, 233570.40625 ], [ 113325.0, 233562.203125 ], [ 113197.796875, 233563.703125 ], [ 113107.6015625, 233634.5 ], [ 113099.3984375, 233755.203125 ], [ 113168.3984375, 233855.09375 ], [ 113274.6015625, 233900.296875 ], [ 113390.3984375, 233929.296875 ], [ 113503.0, 233968.09375 ], [ 113612.296875, 234016.40625 ], [ 113723.296875, 234066.40625 ], [ 113824.6015625, 234134.09375 ], [ 113921.0, 234203.40625 ], [ 114003.0, 234290.40625 ], [ 114086.5, 234385.5 ], [ 114149.1015625, 234493.40625 ], [ 114208.5, 234591.703125 ], [ 114322.703125, 234612.703125 ], [ 114441.796875, 234619.203125 ], [ 114564.1015625, 234603.203125 ], [ 114681.6015625, 234585.59375 ], [ 114797.3984375, 234611.5 ], [ 114889.0, 234688.796875 ], [ 114916.203125, 234803.09375 ], [ 114906.3984375, 234933.5 ], [ 114906.203125, 235055.90625 ], [ 114946.296875, 235162.203125 ], [ 115031.3984375, 235249.203125 ], [ 115142.3984375, 235284.703125 ], [ 115255.0, 235271.90625 ], [ 115350.1015625, 235197.90625 ], [ 115392.1015625, 235090.09375 ], [ 115403.5, 234970.90625 ], [ 115461.6015625, 234871.203125 ], [ 115572.703125, 234843.90625 ], [ 115686.8984375, 234868.09375 ], [ 115804.296875, 234866.59375 ], [ 115918.703125, 234826.5 ], [ 115996.0, 234739.59375 ], [ 116041.203125, 234633.40625 ], [ 116158.703125, 234641.5 ], [ 116251.8984375, 234726.90625 ], [ 116354.796875, 234788.203125 ], [ 116469.0, 234825.296875 ], [ 116584.796875, 234873.703125 ], [ 116700.6015625, 234897.90625 ], [ 116814.796875, 234928.59375 ], [ 116924.203125, 234960.90625 ], [ 117035.1015625, 234993.203125 ], [ 117157.3984375, 235002.90625 ], [ 117276.5, 234995.0 ], [ 117384.3984375, 234948.40625 ], [ 117392.6015625, 234832.5 ], [ 117315.5, 234731.0 ], [ 117223.8984375, 234660.0 ], [ 117127.5, 234573.0 ], [ 117053.6015625, 234481.203125 ], [ 117018.3984375, 234371.703125 ], [ 117084.5, 234278.40625 ], [ 117187.5, 234228.59375 ], [ 117303.3984375, 234194.796875 ], [ 117406.5, 234146.59375 ], [ 117507.8984375, 234093.59375 ], [ 117596.5, 234016.40625 ], [ 117641.796875, 233911.796875 ], [ 117656.3984375, 233792.59375 ], [ 117667.796875, 233670.296875 ], [ 117669.6015625, 233549.5 ], [ 117677.796875, 233433.59375 ], [ 117752.0, 233340.296875 ], [ 117874.296875, 233316.296875 ], [ 117995.0, 233342.09375 ], [ 118107.5, 233388.90625 ], [ 118207.203125, 233443.703125 ], [ 118305.296875, 233505.0 ], [ 118417.8984375, 233526.0 ], [ 118538.6015625, 233519.59375 ], [ 118648.1015625, 233482.703125 ], [ 118747.8984375, 233426.40625 ], [ 118846.203125, 233354.09375 ], [ 118934.796875, 233268.796875 ], [ 119028.203125, 233204.5 ], [ 119144.203125, 233148.203125 ], [ 119260.1015625, 233135.40625 ], [ 119379.1015625, 233130.703125 ], [ 119499.796875, 233122.796875 ], [ 119585.203125, 233039.09375 ], [ 119611.1015625, 232928.0 ], [ 119611.296875, 232812.09375 ], [ 119616.296875, 232696.203125 ], [ 119671.203125, 232586.796875 ], [ 119766.203125, 232506.40625 ], [ 119861.296875, 232437.203125 ], [ 119961.1015625, 232374.5 ], [ 120059.3984375, 232310.203125 ], [ 120152.796875, 232228.09375 ], [ 120215.703125, 232133.203125 ], [ 120262.6015625, 232017.296875 ], [ 120269.203125, 231901.40625 ], [ 120272.6015625, 231775.796875 ], [ 120271.1015625, 231648.703125 ], [ 120292.203125, 231534.40625 ], [ 120366.3984375, 231445.90625 ], [ 120480.703125, 231408.90625 ], [ 120596.5, 231409.0 ], [ 120704.3984375, 231370.5 ], [ 120826.703125, 231357.703125 ], [ 120944.203125, 231357.796875 ], [ 121063.203125, 231377.203125 ], [ 121171.0, 231417.5 ], [ 121280.296875, 231478.796875 ], [ 121378.3984375, 231538.40625 ], [ 121492.5, 231593.296875 ], [ 121580.8984375, 231665.796875 ], [ 121675.796875, 231741.5 ], [ 121760.8984375, 231818.90625 ], [ 121854.203125, 231883.296875 ], [ 121973.203125, 231947.796875 ], [ 122082.5, 231999.40625 ], [ 122195.1015625, 232046.203125 ], [ 122304.3984375, 232096.203125 ], [ 122417.0, 232144.59375 ], [ 122529.5, 232212.296875 ], [ 122637.203125, 232297.703125 ], [ 122735.296875, 232360.59375 ], [ 122836.6015625, 232436.296875 ], [ 122942.703125, 232494.40625 ], [ 123044.0, 232560.5 ], [ 123145.296875, 232623.296875 ], [ 123246.5, 232679.796875 ], [ 123349.3984375, 232737.796875 ], [ 123434.6015625, 232816.796875 ], [ 123473.1015625, 232934.296875 ], [ 123490.6015625, 233050.203125 ], [ 123493.6015625, 233166.203125 ], [ 123501.5, 233282.09375 ], [ 123530.296875, 233396.40625 ], [ 123576.796875, 233505.90625 ], [ 123662.0, 233581.703125 ], [ 123774.6015625, 233618.796875 ], [ 123890.5, 233597.90625 ], [ 123998.3984375, 233543.296875 ], [ 124111.1015625, 233509.59375 ], [ 124233.296875, 233548.296875 ], [ 124337.796875, 233612.796875 ], [ 124437.5, 233674.0 ], [ 124537.1015625, 233756.203125 ], [ 124640.0, 233827.09375 ], [ 124736.3984375, 233898.90625 ], [ 124828.1015625, 233969.0 ], [ 124924.5, 234038.296875 ], [ 125014.5, 234112.40625 ], [ 125107.703125, 234194.59375 ], [ 125212.203125, 234254.203125 ], [ 125324.796875, 234280.09375 ], [ 125451.8984375, 234296.296875 ], [ 125574.203125, 234320.5 ], [ 125681.8984375, 234368.90625 ], [ 125780.0, 234444.59375 ], [ 125850.6015625, 234546.09375 ], [ 125887.5, 234666.90625 ], [ 125942.0, 234782.90625 ], [ 126004.6015625, 234889.203125 ], [ 126084.8984375, 234976.203125 ], [ 126178.203125, 235056.703125 ], [ 126269.796875, 235137.296875 ], [ 126353.296875, 235216.296875 ], [ 126451.3984375, 235298.40625 ], [ 126547.796875, 235359.703125 ], [ 126652.296875, 235429.0 ], [ 126758.3984375, 235485.40625 ], [ 126867.796875, 235543.5 ], [ 126980.3984375, 235585.40625 ], [ 127089.703125, 235624.203125 ], [ 127210.3984375, 235648.40625 ], [ 127327.796875, 235693.59375 ], [ 127475.296875, 235741.59375 ], [ 127915.6015625, 236257.09375 ], [ 128085.796875, 236428.59375 ], [ 128201.8984375, 236477.703125 ], [ 128301.3984375, 236519.703125 ], [ 128503.5, 236401.5 ], [ 128723.1015625, 236304.296875 ], [ 128957.296875, 236228.09375 ], [ 129028.703125, 236210.09375 ], [ 129322.796875, 235880.296875 ], [ 129408.203125, 235795.0 ], [ 129508.1015625, 235729.09375 ], [ 129612.796875, 235684.09375 ], [ 129731.8984375, 235634.296875 ], [ 129831.796875, 235578.0 ], [ 129920.3984375, 235500.796875 ], [ 129989.703125, 235410.703125 ], [ 130059.0, 235315.796875 ], [ 130120.296875, 235214.40625 ], [ 130170.296875, 235109.796875 ], [ 130231.6015625, 235005.203125 ], [ 130318.6015625, 234931.203125 ], [ 130407.296875, 234857.203125 ], [ 130478.203125, 234765.5 ], [ 130544.296875, 234664.09375 ], [ 130628.1015625, 234570.796875 ], [ 130692.703125, 234520.203125 ], [ 130832.6015625, 234466.296875 ], [ 130938.8984375, 234403.59375 ], [ 130979.296875, 234294.203125 ], [ 130948.8984375, 234176.703125 ], [ 130884.703125, 234078.40625 ], [ 130815.6015625, 233980.09375 ], [ 130733.703125, 233899.59375 ], [ 130630.796875, 233836.703125 ], [ 130523.1015625, 233783.5 ], [ 130439.5, 233702.90625 ], [ 130391.3984375, 233590.203125 ], [ 130402.796875, 233472.703125 ], [ 130432.0, 233352.0 ], [ 130498.1015625, 233244.09375 ], [ 130570.6015625, 233147.59375 ], [ 130656.1015625, 233055.90625 ], [ 130754.296875, 232972.296875 ], [ 130852.6015625, 232898.296875 ], [ 130957.296875, 232850.09375 ], [ 131061.8984375, 232797.0 ], [ 131174.59375, 232755.296875 ], [ 131287.296875, 232723.09375 ], [ 131401.59375, 232673.296875 ], [ 131477.40625, 232573.59375 ], [ 131514.59375, 232464.09375 ], [ 131571.09375, 232346.59375 ], [ 131622.703125, 232230.796875 ], [ 131690.5, 232131.0 ], [ 131801.59375, 232071.5 ], [ 131906.296875, 232026.5 ], [ 131964.296875, 231918.703125 ], [ 132056.203125, 231841.5 ], [ 132181.703125, 231823.90625 ], [ 132286.40625, 231772.5 ], [ 132403.90625, 231743.59375 ], [ 132519.703125, 231750.09375 ], [ 132635.59375, 231722.796875 ], [ 132733.90625, 231658.5 ], [ 132803.203125, 231560.40625 ], [ 132864.5, 231454.203125 ], [ 132948.296875, 231375.296875 ], [ 133053.0, 231319.09375 ], [ 133140.0, 231243.5 ], [ 133185.203125, 231135.59375 ], [ 133193.40625, 231014.90625 ], [ 133198.40625, 230895.796875 ], [ 133232.40625, 230778.296875 ], [ 133316.203125, 230697.796875 ], [ 133409.59375, 230628.703125 ], [ 133523.90625, 230588.5 ], [ 133633.40625, 230527.40625 ], [ 133741.296875, 230453.5 ], [ 133818.703125, 230369.796875 ], [ 133857.5, 230255.5 ], [ 133902.703125, 230149.296875 ], [ 133955.90625, 230039.90625 ], [ 134012.40625, 229936.90625 ], [ 134054.40625, 229824.203125 ], [ 134112.5, 229722.796875 ], [ 134209.09375, 229647.296875 ], [ 134317.0, 229589.40625 ], [ 134413.703125, 229517.0 ], [ 134499.09375, 229430.09375 ], [ 134579.703125, 229335.203125 ], [ 134631.296875, 229229.0 ], [ 134663.703125, 229117.90625 ], [ 134676.703125, 229003.59375 ], [ 134696.203125, 228889.296875 ], [ 134735.0, 228773.5 ], [ 134797.90625, 228678.5 ], [ 134902.5, 228627.09375 ], [ 135026.40625, 228653.0 ], [ 135118.0, 228728.703125 ], [ 135187.09375, 228822.09375 ], [ 135265.796875, 228904.296875 ], [ 135378.40625, 228926.90625 ], [ 135496.0, 228883.5 ], [ 135579.703125, 228803.09375 ], [ 135663.5, 228706.59375 ], [ 135742.5, 228616.5 ], [ 135828.0, 228518.296875 ], [ 135908.5, 228426.59375 ], [ 135942.90625, 228395.0 ], [ 135905.59375, 228244.703125 ], [ 135947.59375, 228133.703125 ], [ 136036.203125, 228054.90625 ], [ 136131.296875, 227979.296875 ], [ 136219.90625, 227905.296875 ], [ 136292.40625, 227813.59375 ], [ 136332.796875, 227699.296875 ], [ 136358.703125, 227575.296875 ], [ 136399.09375, 227462.703125 ], [ 136444.296875, 227348.40625 ], [ 136479.90625, 227232.5 ], [ 136493.0, 227115.0 ], [ 136481.90625, 226997.5 ], [ 136428.90625, 226892.796875 ], [ 136369.5, 226784.90625 ], [ 136315.0, 226680.203125 ], [ 136241.09375, 226590.0 ], [ 136109.09375, 226593.09375 ], [ 135999.703125, 226630.0 ], [ 135919.296875, 226539.796875 ], [ 135905.0, 226422.296875 ], [ 135808.59375, 226357.796875 ], [ 135694.296875, 226360.90625 ], [ 135573.59375, 226343.09375 ], [ 135459.40625, 226322.09375 ], [ 135354.90625, 226275.296875 ], [ 135245.59375, 226212.5 ], [ 135142.703125, 226141.5 ], [ 135039.796875, 226072.203125 ], [ 134943.296875, 226012.59375 ], [ 134861.40625, 225917.5 ], [ 134827.796875, 225803.203125 ], [ 134847.296875, 225688.90625 ], [ 134853.90625, 225573.0 ], [ 134887.796875, 225463.5 ], [ 134918.59375, 225347.703125 ], [ 134957.40625, 225228.5 ], [ 134973.59375, 225109.40625 ], [ 134952.90625, 224996.703125 ], [ 134959.5, 224880.796875 ], [ 134990.203125, 224766.5 ], [ 135033.796875, 224655.5 ], [ 135085.5, 224550.90625 ], [ 135113.0, 224433.40625 ], [ 135121.203125, 224317.5 ], [ 135118.203125, 224199.90625 ], [ 135095.796875, 224067.90625 ], [ 135068.59375, 223953.59375 ], [ 135038.203125, 223844.09375 ], [ 135001.40625, 223724.90625 ], [ 134969.40625, 223607.40625 ], [ 134934.09375, 223486.59375 ], [ 134910.203125, 223369.0 ], [ 134873.296875, 223259.5 ], [ 134838.09375, 223143.59375 ], [ 134812.5, 223029.296875 ], [ 134798.203125, 222916.59375 ], [ 134777.40625, 222799.0 ], [ 134801.703125, 222683.09375 ], [ 134813.203125, 222565.59375 ], [ 134768.296875, 222446.40625 ], [ 134717.0, 222340.09375 ], [ 134722.0, 222221.0 ], [ 134744.59375, 222105.09375 ], [ 134759.296875, 221990.796875 ], [ 134820.59375, 221884.59375 ], [ 134811.09375, 221767.09375 ], [ 134801.59375, 221647.90625 ], [ 134846.796875, 221541.703125 ], [ 134895.296875, 221429.0 ], [ 134871.296875, 221314.703125 ], [ 134763.59375, 221259.90625 ], [ 134665.5, 221187.40625 ], [ 134561.0, 221137.40625 ], [ 134450.0, 221105.09375 ], [ 134319.703125, 221096.90625 ], [ 134208.59375, 221124.203125 ], [ 134102.296875, 221190.203125 ], [ 134002.5, 221262.5 ], [ 133891.40625, 221297.796875 ], [ 133790.09375, 221236.59375 ], [ 133688.796875, 221181.796875 ], [ 133588.90625, 221236.40625 ], [ 133481.09375, 221279.796875 ], [ 133360.40625, 221279.703125 ], [ 133244.5, 221299.0 ], [ 133130.296875, 221297.296875 ], [ 133049.90625, 221211.90625 ], [ 132969.59375, 221120.0 ], [ 132881.203125, 221045.90625 ], [ 132770.203125, 220995.90625 ], [ 132655.90625, 221037.703125 ], [ 132583.40625, 221139.0 ], [ 132477.09375, 221196.90625 ], [ 132367.703125, 221143.703125 ], [ 132284.203125, 221063.09375 ], [ 132247.296875, 220950.40625 ], [ 132216.90625, 220834.5 ], [ 132191.40625, 220718.5 ], [ 132167.40625, 220601.0 ], [ 132148.296875, 220485.09375 ], [ 132125.90625, 220374.0 ], [ 132068.09375, 220270.90625 ], [ 131991.0, 220185.5 ], [ 131880.0, 220146.796875 ], [ 131765.703125, 220164.40625 ], [ 131664.203125, 220251.203125 ], [ 131593.296875, 220349.40625 ], [ 131519.09375, 220439.5 ], [ 131432.09375, 220521.5 ], [ 131333.90625, 220590.703125 ], [ 131224.40625, 220622.796875 ], [ 131139.203125, 220545.40625 ], [ 131034.703125, 220479.296875 ], [ 130938.1015625, 220538.796875 ], [ 130851.1015625, 220627.296875 ], [ 130776.8984375, 220714.203125 ], [ 130665.796875, 220767.203125 ], [ 130598.3984375, 220667.40625 ], [ 130630.703125, 220556.296875 ], [ 130688.796875, 220442.0 ], [ 130763.0, 220337.5 ], [ 130848.3984375, 220250.59375 ], [ 130940.203125, 220183.0 ], [ 131052.8984375, 220167.0 ], [ 131168.796875, 220152.59375 ], [ 131246.09375, 220064.203125 ], [ 131318.703125, 219949.90625 ], [ 131373.59375, 219848.5 ], [ 131418.796875, 219732.59375 ], [ 131449.5, 219607.09375 ], [ 131480.296875, 219492.796875 ], [ 131519.09375, 219381.796875 ], [ 131548.203125, 219270.703125 ], [ 131569.296875, 219143.5 ], [ 131583.90625, 219030.796875 ], [ 131601.796875, 218900.5 ], [ 131626.09375, 218781.296875 ], [ 131661.703125, 218673.5 ], [ 131686.0, 218559.203125 ], [ 131705.5, 218438.5 ], [ 131710.5, 218314.5 ], [ 131694.59375, 218197.0 ], [ 131665.796875, 218074.59375 ], [ 131635.40625, 217965.09375 ], [ 131606.59375, 217852.40625 ], [ 131589.0, 217723.59375 ], [ 131576.40625, 217601.203125 ], [ 131562.0, 217478.796875 ], [ 131557.40625, 217361.296875 ], [ 131573.703125, 217240.59375 ], [ 131573.796875, 217124.703125 ], [ 131574.0, 216997.5 ], [ 131559.703125, 216883.203125 ], [ 131535.703125, 216772.0 ], [ 131503.703125, 216656.09375 ], [ 131492.59375, 216533.796875 ], [ 131491.203125, 216414.59375 ], [ 131505.796875, 216297.09375 ], [ 131544.59375, 216186.0 ], [ 131605.90625, 216076.59375 ], [ 131656.0, 215955.90625 ], [ 131709.203125, 215841.59375 ], [ 131764.09375, 215738.703125 ], [ 131820.59375, 215629.203125 ], [ 131875.40625, 215524.59375 ], [ 131920.703125, 215415.203125 ], [ 131953.0, 215299.296875 ], [ 131972.5, 215178.59375 ], [ 131990.40625, 215062.703125 ], [ 132000.203125, 214948.40625 ], [ 132032.59375, 214858.203125 ], [ 132093.796875, 214740.796875 ], [ 132161.5, 214639.40625 ], [ 132205.203125, 214521.90625 ], [ 132218.203125, 214397.90625 ], [ 132232.90625, 214282.0 ], [ 132247.5, 214162.90625 ], [ 132262.203125, 214047.0 ], [ 132283.296875, 213924.703125 ], [ 132307.59375, 213799.09375 ], [ 132352.796875, 213686.5 ], [ 132431.796875, 213602.796875 ], [ 132541.203125, 213567.5 ], [ 132661.90625, 213583.703125 ], [ 132769.59375, 213638.5 ], [ 132866.09375, 213701.296875 ], [ 132951.296875, 213790.0 ], [ 132992.90625, 213902.703125 ], [ 132938.09375, 214007.296875 ], [ 132963.59375, 214118.40625 ], [ 133082.703125, 214118.5 ], [ 133179.40625, 214033.203125 ], [ 133298.5, 214046.203125 ], [ 133382.0, 214136.40625 ], [ 133441.40625, 214241.09375 ], [ 133533.0, 214320.09375 ], [ 133606.90625, 214416.703125 ], [ 133637.296875, 214531.09375 ], [ 133658.0, 214645.40625 ], [ 133754.5, 214719.5 ], [ 133880.0, 214724.5 ], [ 133997.5, 214698.796875 ], [ 134126.296875, 214674.703125 ], [ 134243.703125, 214686.09375 ], [ 134361.09375, 214720.0 ], [ 134481.796875, 214742.59375 ], [ 134602.40625, 214766.90625 ], [ 134716.59375, 214786.296875 ], [ 134837.296875, 214804.09375 ], [ 134958.0, 214807.40625 ], [ 135073.796875, 214794.59375 ], [ 135191.296875, 214783.5 ], [ 135312.0, 214786.796875 ], [ 135435.90625, 214780.40625 ], [ 135558.203125, 214782.09375 ], [ 135674.0, 214830.5 ], [ 135783.40625, 214875.703125 ], [ 135897.59375, 214896.703125 ], [ 136011.796875, 214885.5 ], [ 136116.5, 214827.703125 ], [ 136211.59375, 214756.90625 ], [ 136313.0, 214699.0 ], [ 136430.5, 214675.0 ], [ 136541.5, 214704.0 ], [ 136638.203125, 214738.296875 ], [ 136757.0, 214789.5 ], [ 136874.5, 214799.296875 ], [ 136967.90625, 214718.796875 ], [ 137040.5, 214625.5 ], [ 137148.296875, 214582.09375 ], [ 137262.59375, 214574.203125 ], [ 137372.09375, 214538.90625 ], [ 137470.296875, 214471.296875 ], [ 137536.40625, 214376.40625 ], [ 137560.703125, 214263.703125 ], [ 137538.40625, 214149.40625 ], [ 137438.703125, 214076.90625 ], [ 137353.5, 214001.09375 ], [ 137369.796875, 213883.59375 ], [ 137452.0, 213791.90625 ], [ 137511.703125, 213692.09375 ], [ 137523.09375, 213577.796875 ], [ 137516.796875, 213453.90625 ], [ 137489.703125, 213341.203125 ], [ 137422.203125, 213241.296875 ], [ 137335.5, 213152.703125 ], [ 137231.0, 213091.40625 ], [ 137132.90625, 213030.203125 ], [ 137033.203125, 212973.703125 ], [ 136925.40625, 212936.59375 ], [ 136814.5, 212888.203125 ], [ 136719.59375, 212822.09375 ], [ 136624.796875, 212751.203125 ], [ 136538.0, 212656.203125 ], [ 136472.203125, 212554.703125 ], [ 136417.703125, 212450.0 ], [ 136356.703125, 212346.90625 ], [ 136313.40625, 212240.59375 ], [ 136278.09375, 212132.703125 ], [ 136186.5, 212049.0 ], [ 136103.0, 211952.296875 ], [ 136080.59375, 211829.90625 ], [ 136090.5, 211715.59375 ], [ 136134.09375, 211604.59375 ], [ 136143.90625, 211490.296875 ], [ 136129.59375, 211364.703125 ], [ 136078.203125, 211263.203125 ], [ 136012.40625, 211155.296875 ], [ 135946.59375, 211057.0 ], [ 135864.59375, 210974.90625 ], [ 135769.796875, 210908.796875 ], [ 135654.0, 210887.796875 ], [ 135541.296875, 210923.09375 ], [ 135441.40625, 210981.0 ], [ 135328.796875, 211013.09375 ], [ 135217.703125, 211056.5 ], [ 135117.796875, 211112.703125 ], [ 135003.59375, 211104.59375 ], [ 134976.40625, 210991.90625 ], [ 134968.5, 210866.296875 ], [ 134965.5, 210748.796875 ], [ 134972.09375, 210634.5 ], [ 134977.09375, 210515.296875 ], [ 134974.0, 210397.796875 ], [ 134933.90625, 210291.5 ], [ 134824.59375, 210238.296875 ], [ 134715.203125, 210204.40625 ], [ 134597.796875, 210176.90625 ], [ 134503.0, 210109.296875 ], [ 134498.296875, 209993.296875 ], [ 134477.5, 209879.0 ], [ 134442.296875, 209763.09375 ], [ 134378.09375, 209653.5 ], [ 134310.703125, 209553.703125 ], [ 134265.796875, 209447.40625 ], [ 134227.296875, 209331.40625 ], [ 134179.203125, 209226.796875 ], [ 134119.796875, 209125.296875 ], [ 134071.703125, 209017.40625 ], [ 134030.0, 208909.5 ], [ 133991.5, 208795.09375 ], [ 133951.5, 208688.796875 ], [ 133913.0, 208577.703125 ], [ 133882.59375, 208468.203125 ], [ 133853.796875, 208357.09375 ], [ 133834.703125, 208229.90625 ], [ 133818.796875, 208115.59375 ], [ 133793.203125, 208002.90625 ], [ 133756.296875, 207888.5 ], [ 133713.0, 207780.703125 ], [ 133583.5, 207679.796875 ], [ 133540.0, 207649.5 ], [ 133491.5, 207609.59375 ], [ 133435.0, 207565.0 ], [ 133396.296875, 207539.5 ], [ 133344.59375, 207499.59375 ], [ 133297.796875, 207458.09375 ], [ 133262.203125, 207424.5 ], [ 133215.296875, 207376.59375 ], [ 133171.703125, 207336.59375 ], [ 133113.59375, 207288.796875 ], [ 133068.296875, 207245.59375 ], [ 133031.203125, 207210.5 ], [ 132998.703125, 207162.40625 ], [ 132982.40625, 207115.90625 ], [ 132970.90625, 207070.90625 ], [ 132969.0, 207019.40625 ], [ 132994.5, 206970.90625 ], [ 133011.90625, 206927.40625 ], [ 133011.59375, 206874.296875 ], [ 132985.703125, 206832.59375 ], [ 132942.203125, 206812.0 ], [ 132890.59375, 206791.40625 ], [ 132827.703125, 206745.203125 ], [ 132776.0, 206698.90625 ], [ 132722.09375, 206692.59375 ], [ 132739.5, 206645.796875 ], [ 132725.5, 206604.203125 ], [ 132696.296875, 206528.796875 ], [ 132681.59375, 206487.09375 ], [ 132668.40625, 206438.90625 ], [ 132665.0, 206392.296875 ], [ 132675.90625, 206342.296875 ], [ 132683.703125, 206294.0 ], [ 132680.203125, 206245.703125 ], [ 132676.796875, 206199.09375 ], [ 132668.5, 206147.59375 ], [ 132661.796875, 206101.0 ], [ 132698.5, 206065.40625 ], [ 132740.203125, 206032.90625 ], [ 132780.203125, 205998.796875 ], [ 132821.796875, 205971.203125 ], [ 132857.0, 205943.59375 ], [ 132885.703125, 205898.296875 ], [ 132914.40625, 205846.703125 ], [ 132925.40625, 205801.5 ], [ 132933.203125, 205758.0 ], [ 132947.40625, 205709.59375 ], [ 132956.796875, 205666.09375 ], [ 132969.296875, 205611.296875 ], [ 132983.59375, 205569.40625 ], [ 132999.40625, 205517.796875 ], [ 133015.09375, 205453.296875 ], [ 133018.0, 205390.5 ], [ 133011.296875, 205347.09375 ], [ 133001.296875, 205284.5 ], [ 132991.40625, 205237.796875 ], [ 132963.703125, 205170.5 ], [ 132942.59375, 205130.40625 ], [ 132915.09375, 205091.90625 ], [ 132900.296875, 205042.09375 ], [ 132904.90625, 204997.0 ], [ 132940.09375, 204966.296875 ], [ 132960.5, 204885.59375 ], [ 132968.296875, 204834.09375 ], [ 132982.5, 204787.296875 ], [ 133004.703125, 204724.40625 ], [ 133023.703125, 204666.40625 ], [ 133034.59375, 204608.40625 ], [ 133045.5, 204555.203125 ], [ 133054.90625, 204497.203125 ], [ 133072.296875, 204452.0 ], [ 133099.296875, 204395.5 ], [ 133118.40625, 204353.5 ], [ 133137.40625, 204308.296875 ], [ 133153.296875, 204261.59375 ], [ 133172.296875, 204206.703125 ], [ 133188.09375, 204158.296875 ], [ 133200.59375, 204105.203125 ], [ 133210.0, 204047.203125 ], [ 133216.09375, 203990.796875 ], [ 133220.59375, 203928.0 ], [ 133218.59375, 203860.40625 ], [ 133216.703125, 203812.203125 ], [ 133213.09375, 203738.203125 ], [ 133212.796875, 203686.703125 ], [ 133214.09375, 203627.09375 ], [ 133207.40625, 203574.09375 ], [ 133199.09375, 203524.296875 ], [ 133218.09375, 203472.59375 ], [ 133253.09375, 203417.703125 ], [ 133283.40625, 203374.0 ], [ 133324.90625, 203315.796875 ], [ 133345.59375, 203269.0 ], [ 133362.90625, 203207.703125 ], [ 133377.0, 203146.5 ], [ 133388.0, 203098.09375 ], [ 133410.203125, 203032.0 ], [ 133425.90625, 202975.59375 ], [ 133436.90625, 202917.59375 ], [ 133444.59375, 202859.59375 ], [ 133449.203125, 202814.5 ], [ 133458.59375, 202771.0 ], [ 133477.40625, 202688.796875 ], [ 133493.203125, 202625.90625 ], [ 133505.703125, 202569.5 ], [ 133518.296875, 202526.0 ], [ 133524.40625, 202469.59375 ], [ 133519.40625, 202423.0 ], [ 133522.296875, 202366.59375 ], [ 133523.5, 202294.203125 ], [ 133523.203125, 202247.59375 ], [ 133529.40625, 202192.796875 ], [ 133545.203125, 202144.40625 ], [ 133554.5, 202078.40625 ], [ 133562.09375, 202015.59375 ], [ 133568.296875, 201972.09375 ], [ 133579.296875, 201922.09375 ], [ 133593.5, 201870.5 ], [ 133607.703125, 201817.296875 ], [ 133621.90625, 201773.796875 ], [ 133632.90625, 201719.0 ], [ 133651.796875, 201643.203125 ], [ 133669.203125, 201593.203125 ], [ 133693.0, 201535.09375 ], [ 133721.59375, 201491.5 ], [ 133748.703125, 201436.59375 ], [ 133767.703125, 201393.0 ], [ 133782.0, 201347.90625 ], [ 133786.5, 201301.203125 ], [ 133781.40625, 201243.296875 ], [ 133769.796875, 201182.203125 ], [ 133759.90625, 201138.796875 ], [ 133753.203125, 201089.0 ], [ 133761.0, 201039.0 ], [ 133779.90625, 200972.90625 ], [ 133806.90625, 200914.796875 ], [ 133830.703125, 200861.59375 ], [ 133854.59375, 200818.0 ], [ 133875.296875, 200779.203125 ], [ 133904.0, 200730.703125 ], [ 133934.203125, 200682.203125 ], [ 133966.09375, 200628.90625 ], [ 133991.59375, 200585.296875 ], [ 134026.703125, 200533.59375 ], [ 134071.40625, 200486.59375 ], [ 134109.796875, 200450.90625 ], [ 134162.703125, 200416.796875 ], [ 134212.40625, 200392.296875 ], [ 134260.40625, 200346.90625 ], [ 134300.203125, 200290.296875 ], [ 134330.5, 200241.796875 ], [ 134356.0, 200195.0 ], [ 134379.796875, 200138.5 ], [ 134410.0, 200083.59375 ], [ 134432.296875, 200040.0 ], [ 134460.90625, 199983.5 ], [ 134491.203125, 199928.59375 ], [ 134513.40625, 199881.796875 ], [ 134534.09375, 199834.90625 ], [ 134556.296875, 199778.5 ], [ 134578.5, 199731.703125 ], [ 134599.203125, 199686.5 ], [ 134624.5, 199621.90625 ], [ 134635.5, 199565.5 ], [ 134643.203125, 199509.09375 ], [ 134652.59375, 199459.203125 ], [ 134663.59375, 199415.703125 ], [ 134677.796875, 199365.703125 ], [ 134674.296875, 199317.40625 ], [ 134681.90625, 199243.40625 ], [ 134692.796875, 199175.703125 ], [ 134713.296875, 199103.203125 ], [ 134721.0, 199032.296875 ], [ 134720.59375, 198969.5 ], [ 134721.90625, 198914.796875 ], [ 134724.796875, 198845.59375 ], [ 134722.90625, 198790.90625 ], [ 134722.59375, 198741.0 ], [ 134723.703125, 198657.296875 ], [ 134723.296875, 198578.5 ], [ 134721.40625, 198523.796875 ], [ 134722.703125, 198461.0 ], [ 134727.09375, 198398.203125 ], [ 134725.296875, 198353.203125 ], [ 134718.40625, 198276.0 ], [ 134710.0, 198211.703125 ], [ 134703.296875, 198153.796875 ], [ 134698.203125, 198105.5 ], [ 134688.296875, 198049.296875 ], [ 134673.5, 198005.90625 ], [ 134657.203125, 197953.0 ], [ 134640.796875, 197903.203125 ], [ 134626.09375, 197856.59375 ], [ 134613.0, 197808.40625 ], [ 134596.59375, 197758.59375 ], [ 134577.09375, 197718.5 ], [ 134544.703125, 197673.703125 ], [ 134509.09375, 197635.296875 ], [ 134465.5, 197595.40625 ], [ 134425.09375, 197560.296875 ], [ 134384.796875, 197530.0 ], [ 134346.0, 197498.0 ], [ 134252.703125, 197482.59375 ], [ 134207.703125, 197487.703125 ], [ 134153.203125, 197507.40625 ], [ 134104.90625, 197494.90625 ], [ 134061.5, 197504.796875 ], [ 134008.5, 197516.40625 ], [ 133955.5, 197526.40625 ], [ 133897.703125, 197533.296875 ], [ 133852.703125, 197532.0 ], [ 133793.203125, 197527.5 ], [ 133745.0, 197531.09375 ], [ 133669.5, 197541.296875 ], [ 133605.296875, 197557.796875 ], [ 133561.90625, 197574.203125 ], [ 133496.203125, 197603.59375 ], [ 133441.59375, 197624.90625 ], [ 133375.90625, 197655.90625 ], [ 133329.40625, 197670.703125 ], [ 133292.296875, 197646.796875 ], [ 133261.5, 197611.59375 ], [ 133234.0, 197568.296875 ], [ 133220.796875, 197516.90625 ], [ 133210.90625, 197472.0 ], [ 133201.0, 197422.09375 ], [ 133187.796875, 197351.40625 ], [ 133187.40625, 197291.90625 ], [ 133190.296875, 197224.296875 ], [ 133191.59375, 197171.203125 ], [ 133191.296875, 197111.59375 ], [ 133195.796875, 197060.09375 ], [ 133195.5, 197003.796875 ], [ 133179.09375, 196937.90625 ], [ 133167.5, 196891.296875 ], [ 133152.796875, 196831.90625 ], [ 133123.5, 196782.203125 ], [ 133096.0, 196740.5 ], [ 133060.5, 196708.59375 ], [ 133021.796875, 196687.90625 ], [ 132978.203125, 196665.703125 ], [ 132937.90625, 196648.296875 ], [ 132888.09375, 196640.59375 ], [ 132827.0, 196639.40625 ], [ 132759.5, 196641.5 ], [ 132695.203125, 196648.296875 ], [ 132642.203125, 196664.796875 ], [ 132586.09375, 196690.90625 ], [ 132531.59375, 196717.0 ], [ 132469.09375, 196748.0 ], [ 132396.90625, 196774.296875 ], [ 132337.5, 196790.796875 ], [ 132266.796875, 196807.296875 ], [ 132209.0, 196817.40625 ], [ 132146.40625, 196829.0 ], [ 132101.40625, 196840.59375 ], [ 132040.40625, 196844.296875 ], [ 131976.09375, 196844.703125 ], [ 131908.5, 196837.09375 ], [ 131844.203125, 196829.5 ], [ 131775.0, 196833.203125 ], [ 131706.0, 196853.0 ], [ 131665.90625, 196870.90625 ], [ 131624.296875, 196890.5 ], [ 131576.09375, 196902.09375 ], [ 131503.796875, 196915.5 ], [ 131457.296875, 196925.5 ], [ 131394.703125, 196946.796875 ], [ 131335.296875, 196974.5 ], [ 131288.796875, 196995.796875 ], [ 131235.90625, 197009.0 ], [ 131181.203125, 197012.59375 ], [ 131121.703125, 197008.203125 ], [ 131068.6015625, 197000.5 ], [ 131017.203125, 196996.0 ], [ 130948.0, 196982.0 ], [ 130896.5, 196977.5 ], [ 130835.296875, 196961.90625 ], [ 130790.296875, 196954.09375 ], [ 130750.203125, 196983.296875 ], [ 130703.6015625, 196990.09375 ], [ 130652.1015625, 196971.09375 ], [ 130608.796875, 196989.09375 ], [ 130547.796875, 197008.90625 ], [ 130478.796875, 197027.0 ], [ 130422.6015625, 197041.90625 ], [ 130366.3984375, 197053.5 ], [ 130308.5, 197057.203125 ], [ 130231.3984375, 197056.09375 ], [ 130184.703125, 197053.203125 ], [ 130107.6015625, 197052.09375 ], [ 130027.203125, 197055.796875 ], [ 129945.203125, 197059.59375 ], [ 129860.0, 197060.203125 ], [ 129781.296875, 197065.59375 ], [ 129725.1015625, 197070.796875 ], [ 129652.796875, 197076.09375 ], [ 129594.8984375, 197084.5 ], [ 129541.8984375, 197092.90625 ], [ 129490.5, 197101.296875 ], [ 129419.796875, 197108.203125 ], [ 129350.703125, 197110.296875 ], [ 129276.796875, 197115.59375 ], [ 129227.0, 197124.0 ], [ 129172.3984375, 197135.703125 ], [ 129109.796875, 197152.203125 ], [ 129063.203125, 197162.203125 ], [ 129003.703125, 197152.90625 ], [ 128939.296875, 197129.203125 ], [ 128879.703125, 197107.09375 ], [ 128836.203125, 197097.703125 ], [ 128787.8984375, 197091.59375 ], [ 128723.5, 197074.296875 ], [ 128664.0, 197063.5 ], [ 128620.6015625, 197057.296875 ], [ 128572.3984375, 197060.90625 ], [ 128513.0, 197074.203125 ], [ 128456.796875, 197090.59375 ], [ 128408.703125, 197113.5 ], [ 128365.296875, 197121.796875 ], [ 128307.5, 197127.0 ], [ 128252.796875, 197117.796875 ], [ 128202.796875, 197089.09375 ], [ 128162.296875, 197044.296875 ], [ 128131.5, 196986.59375 ], [ 128113.5, 196932.0 ], [ 128111.6015625, 196879.0 ], [ 128111.203125, 196816.203125 ], [ 128099.6015625, 196751.90625 ], [ 128084.8984375, 196705.296875 ], [ 128067.0, 196658.796875 ], [ 128055.5, 196615.40625 ], [ 128048.796875, 196568.796875 ], [ 128035.6015625, 196501.296875 ], [ 128024.0, 196446.703125 ], [ 128018.8984375, 196392.0 ], [ 128010.5, 196334.09375 ], [ 128000.6015625, 196281.09375 ], [ 127984.203125, 196224.90625 ], [ 127953.3984375, 196176.796875 ], [ 127901.796875, 196136.90625 ], [ 127858.203125, 196101.796875 ], [ 127806.5, 196068.40625 ], [ 127758.296875, 196062.296875 ], [ 127693.8984375, 196057.90625 ], [ 127632.796875, 196055.09375 ], [ 127574.8984375, 196045.796875 ], [ 127513.703125, 196030.09375 ], [ 127460.5, 195998.296875 ], [ 127418.5, 195966.40625 ], [ 127371.703125, 195934.5 ], [ 127331.3984375, 195912.296875 ], [ 127276.703125, 195901.40625 ], [ 127228.5, 195900.09375 ], [ 127088.5, 195873.703125 ], [ 127041.796875, 195864.40625 ], [ 126959.703125, 195848.796875 ], [ 126900.203125, 195844.40625 ], [ 126840.796875, 195846.40625 ], [ 126792.6015625, 195856.40625 ], [ 126742.8984375, 195877.703125 ], [ 126694.703125, 195892.5 ], [ 126648.1015625, 195886.296875 ], [ 126617.296875, 195839.90625 ], [ 126615.3984375, 195785.203125 ], [ 126621.5, 195728.796875 ], [ 126638.8984375, 195680.40625 ], [ 126661.203125, 195635.203125 ], [ 126680.203125, 195586.796875 ], [ 126675.1015625, 195540.203125 ], [ 126649.1015625, 195490.5 ], [ 126616.703125, 195440.796875 ], [ 126581.1015625, 195400.796875 ], [ 126534.203125, 195352.90625 ], [ 126492.203125, 195306.5 ], [ 126467.796875, 195266.40625 ], [ 126440.203125, 195211.90625 ], [ 126417.3984375, 195165.40625 ], [ 126393.1015625, 195120.5 ], [ 126363.8984375, 195070.796875 ], [ 126328.203125, 195021.203125 ], [ 126297.5, 194977.90625 ], [ 126268.296875, 194931.40625 ], [ 126237.5, 194889.796875 ], [ 126202.0, 194861.09375 ], [ 126145.6015625, 194835.703125 ], [ 126078.0, 194824.90625 ], [ 126020.0, 194814.0 ], [ 125957.296875, 194798.40625 ], [ 125888.0, 194774.703125 ], [ 125820.3984375, 194757.5 ], [ 125765.703125, 194748.203125 ], [ 125691.6015625, 194732.59375 ], [ 125635.296875, 194718.5 ], [ 125588.703125, 194712.40625 ], [ 125530.703125, 194696.703125 ], [ 125487.1015625, 194660.0 ], [ 125454.703125, 194615.09375 ], [ 125443.203125, 194568.5 ], [ 125436.5, 194517.09375 ], [ 125423.296875, 194452.796875 ], [ 125405.1015625, 194375.703125 ], [ 125390.203125, 194295.296875 ], [ 125386.703125, 194242.203125 ], [ 125392.796875, 194182.703125 ], [ 125395.796875, 194129.5 ], [ 125393.8984375, 194078.0 ], [ 125385.5, 194013.796875 ], [ 125362.703125, 193954.40625 ], [ 125341.5, 193915.90625 ], [ 125299.3984375, 193845.40625 ], [ 125270.1015625, 193792.5 ], [ 125234.3984375, 193726.703125 ], [ 125208.3984375, 193680.203125 ], [ 125184.1015625, 193635.296875 ], [ 125161.296875, 193592.0 ], [ 125130.5, 193534.296875 ], [ 125096.296875, 193465.40625 ], [ 125063.8984375, 193406.0 ], [ 125037.8984375, 193361.203125 ], [ 125007.1015625, 193309.90625 ], [ 124982.703125, 193256.90625 ], [ 124959.8984375, 193212.0 ], [ 124938.703125, 193159.09375 ], [ 124927.203125, 193109.296875 ], [ 124931.703125, 193056.09375 ], [ 124955.5, 192994.796875 ], [ 124972.8984375, 192951.296875 ], [ 124995.1015625, 192886.703125 ], [ 125018.8984375, 192820.59375 ], [ 125036.203125, 192767.40625 ], [ 125048.796875, 192711.0 ], [ 125059.703125, 192640.09375 ], [ 125067.296875, 192575.703125 ], [ 125067.1015625, 192524.203125 ], [ 125063.5, 192459.796875 ], [ 125055.203125, 192413.203125 ], [ 125043.703125, 192361.796875 ], [ 125027.203125, 192292.703125 ], [ 125020.5, 192244.5 ], [ 125020.203125, 192181.703125 ], [ 125028.0, 192135.0 ], [ 125042.0, 192064.09375 ], [ 125056.203125, 192006.09375 ], [ 125073.5, 191936.796875 ], [ 125079.6015625, 191880.40625 ], [ 125076.0, 191803.203125 ], [ 125064.203125, 191716.40625 ], [ 125055.8984375, 191663.296875 ], [ 125042.796875, 191618.40625 ], [ 125023.203125, 191559.0 ], [ 125003.6015625, 191499.5 ], [ 124984.0, 191446.59375 ], [ 124958.0, 191395.296875 ], [ 124932.0, 191337.5 ], [ 124907.5, 191279.703125 ], [ 124888.0, 191236.40625 ], [ 124868.5, 191191.5 ], [ 124847.203125, 191133.703125 ], [ 124827.703125, 191080.703125 ], [ 124817.703125, 191030.90625 ], [ 124806.203125, 190981.09375 ], [ 124797.8984375, 190921.59375 ], [ 124794.296875, 190863.703125 ], [ 124795.5, 190789.703125 ], [ 124801.703125, 190741.40625 ], [ 124811.1015625, 190691.40625 ], [ 124823.6015625, 190641.40625 ], [ 124837.796875, 190588.296875 ], [ 124848.796875, 190544.703125 ], [ 124856.6015625, 190498.0 ], [ 124864.3984375, 190452.90625 ], [ 124873.796875, 190407.796875 ], [ 124881.6015625, 190364.296875 ], [ 124886.203125, 190319.203125 ], [ 124887.3984375, 190254.796875 ], [ 124875.8984375, 190209.796875 ], [ 124854.796875, 190163.296875 ], [ 124820.796875, 190128.09375 ], [ 124767.703125, 190107.59375 ], [ 124711.5, 190117.59375 ], [ 124671.3984375, 190137.203125 ], [ 124634.6015625, 190168.0 ], [ 124602.6015625, 190200.40625 ], [ 124545.0, 190244.296875 ], [ 124485.703125, 190283.296875 ], [ 124434.3984375, 190309.40625 ], [ 124392.703125, 190325.796875 ], [ 124349.203125, 190311.59375 ], [ 124312.0, 190278.0 ], [ 124276.5, 190242.90625 ], [ 124244.1015625, 190202.796875 ], [ 124214.8984375, 190158.0 ], [ 124180.8984375, 190111.5 ], [ 124148.6015625, 190078.0 ], [ 124114.703125, 190047.59375 ], [ 124077.5, 190012.5 ], [ 124045.203125, 189978.90625 ], [ 124008.0, 189948.59375 ], [ 123959.6015625, 189920.0 ], [ 123913.0, 189909.0 ], [ 123851.796875, 189904.59375 ], [ 123795.6015625, 189909.796875 ], [ 123734.6015625, 189919.90625 ], [ 123681.6015625, 189929.90625 ], [ 123630.203125, 189938.296875 ], [ 123564.3984375, 189954.796875 ], [ 123503.3984375, 189977.796875 ], [ 123440.796875, 190005.5 ], [ 123376.703125, 190034.90625 ], [ 123315.796875, 190061.09375 ], [ 123246.796875, 190082.5 ], [ 123190.5, 190089.296875 ], [ 123140.6015625, 190078.40625 ], [ 123103.5, 190051.296875 ], [ 123064.796875, 190022.59375 ], [ 123022.796875, 189984.203125 ], [ 122985.5, 189934.59375 ], [ 122966.0, 189894.5 ], [ 122948.0, 189843.09375 ], [ 122915.6015625, 189788.59375 ], [ 122862.296875, 189753.59375 ], [ 122809.296875, 189747.5 ], [ 122753.0, 189751.09375 ], [ 122708.0, 189761.09375 ], [ 122653.5, 189775.90625 ], [ 122592.5, 189802.09375 ], [ 122534.796875, 189831.5 ], [ 122473.8984375, 189870.5 ], [ 122429.1015625, 189903.0 ], [ 122385.8984375, 189938.703125 ], [ 122341.0, 189969.5 ], [ 122288.203125, 190006.90625 ], [ 122232.203125, 190045.90625 ], [ 122169.703125, 190088.203125 ], [ 122108.796875, 190125.59375 ], [ 122060.703125, 190154.90625 ], [ 121998.203125, 190187.5 ], [ 121940.5, 190220.09375 ], [ 121871.6015625, 190262.40625 ], [ 121810.703125, 190291.796875 ], [ 121765.796875, 190316.203125 ], [ 121719.296875, 190327.796875 ], [ 121669.296875, 190304.0 ], [ 121627.296875, 190259.203125 ], [ 121598.1015625, 190217.59375 ], [ 121564.0, 190164.703125 ], [ 121539.703125, 190116.59375 ], [ 121516.8984375, 190068.5 ], [ 121495.703125, 190007.5 ], [ 121471.203125, 189949.703125 ], [ 121442.0, 189888.796875 ], [ 121438.796875, 189882.703125 ], [ 121407.796875, 189823.0 ], [ 121373.703125, 189754.0 ], [ 121341.3984375, 189720.5 ], [ 121288.203125, 189704.703125 ], [ 121238.296875, 189695.40625 ], [ 121185.296875, 189689.296875 ], [ 121127.3984375, 189694.5 ], [ 121069.6015625, 189706.203125 ], [ 121000.6015625, 189719.5 ], [ 120945.8984375, 189726.40625 ], [ 120889.703125, 189739.59375 ], [ 120843.203125, 189751.203125 ], [ 120782.1015625, 189750.0 ], [ 120730.6015625, 189739.09375 ], [ 120682.296875, 189734.59375 ], [ 120634.1015625, 189728.5 ], [ 120587.5, 189744.90625 ], [ 120563.6015625, 189785.296875 ], [ 120563.8984375, 189830.296875 ], [ 120567.3984375, 189880.203125 ], [ 120570.8984375, 189938.09375 ], [ 120572.796875, 189983.09375 ], [ 120573.1015625, 190037.90625 ], [ 120565.296875, 190084.59375 ], [ 120544.703125, 190134.59375 ], [ 120522.5, 190194.296875 ], [ 120492.203125, 190244.40625 ], [ 120465.1015625, 190280.0 ], [ 120436.296875, 190314.0 ], [ 120401.1015625, 190348.0 ], [ 120346.6015625, 190375.703125 ], [ 120287.203125, 190385.796875 ], [ 120229.3984375, 190387.796875 ], [ 120181.1015625, 190391.296875 ], [ 120118.3984375, 190386.90625 ], [ 120073.3984375, 190380.796875 ], [ 120023.5, 190371.5 ], [ 119960.796875, 190367.09375 ], [ 119891.703125, 190370.796875 ], [ 119838.6015625, 190377.5 ], [ 119774.3984375, 190386.0 ], [ 119719.796875, 190394.5 ], [ 119663.6015625, 190412.5 ], [ 119612.296875, 190430.59375 ], [ 119560.8984375, 190447.0 ], [ 119520.8984375, 190469.796875 ], [ 119464.796875, 190507.203125 ], [ 119416.796875, 190547.796875 ], [ 119360.796875, 190596.40625 ], [ 119320.796875, 190630.5 ], [ 119274.3984375, 190671.0 ], [ 119237.6015625, 190703.5 ], [ 119194.3984375, 190737.59375 ], [ 119144.703125, 190770.09375 ], [ 119083.796875, 190807.5 ], [ 119029.3984375, 190844.90625 ], [ 118978.1015625, 190879.0 ], [ 118928.5, 190914.796875 ], [ 118883.6015625, 190945.59375 ], [ 118835.6015625, 190974.90625 ], [ 118797.1015625, 190996.09375 ], [ 118747.3984375, 191022.203125 ], [ 118684.796875, 191038.703125 ], [ 118630.203125, 191050.296875 ], [ 118582.0, 191061.90625 ], [ 118525.8984375, 191081.59375 ], [ 118476.203125, 191104.5 ], [ 118416.8984375, 191133.90625 ], [ 118344.703125, 191168.203125 ], [ 118285.3984375, 191199.09375 ], [ 118237.3984375, 191234.90625 ], [ 118195.703125, 191268.90625 ], [ 118150.8984375, 191299.796875 ], [ 118101.203125, 191330.703125 ], [ 118046.703125, 191361.703125 ], [ 117993.8984375, 191400.59375 ], [ 117960.296875, 191431.5 ], [ 117918.703125, 191465.5 ], [ 117875.3984375, 191490.0 ], [ 117814.5, 191514.5 ], [ 117761.5, 191527.703125 ], [ 117716.6015625, 191540.90625 ], [ 117657.203125, 191555.796875 ], [ 117610.6015625, 191562.59375 ], [ 117556.0, 191575.796875 ], [ 117512.703125, 191590.59375 ], [ 117456.5, 191607.0 ], [ 117403.5, 191620.296875 ], [ 117324.796875, 191627.296875 ], [ 117270.203125, 191634.09375 ], [ 117189.796875, 191637.796875 ], [ 117107.796875, 191638.40625 ], [ 117056.3984375, 191640.296875 ], [ 116993.703125, 191644.0 ], [ 116942.203125, 191631.5 ], [ 116895.5, 191614.09375 ], [ 116845.6015625, 191608.0 ], [ 116797.5, 191626.0 ], [ 116757.5, 191664.90625 ], [ 116736.8984375, 191714.90625 ], [ 116725.8984375, 191763.296875 ], [ 116718.1015625, 191811.59375 ], [ 116710.3984375, 191868.0 ], [ 116709.0, 191914.703125 ], [ 116706.203125, 191980.59375 ], [ 116703.203125, 192030.5 ], [ 116694.0, 192096.59375 ], [ 116686.203125, 192144.90625 ], [ 116678.3984375, 192188.40625 ], [ 116670.6015625, 192236.796875 ], [ 116658.1015625, 192294.796875 ], [ 116645.5, 192341.5 ], [ 116628.1015625, 192404.40625 ], [ 116612.296875, 192451.203125 ], [ 116593.296875, 192494.796875 ], [ 116567.796875, 192538.40625 ], [ 116526.296875, 192601.40625 ], [ 116484.796875, 192654.796875 ], [ 116446.5, 192698.5 ], [ 116409.703125, 192734.203125 ], [ 116374.6015625, 192779.5 ], [ 116344.296875, 192829.5 ], [ 116317.203125, 192865.09375 ], [ 116274.0, 192907.296875 ], [ 116245.296875, 192954.09375 ], [ 116208.703125, 193012.296875 ], [ 116176.703125, 193049.5 ], [ 116149.6015625, 193088.296875 ], [ 116116.1015625, 193135.203125 ], [ 116087.5, 193199.796875 ], [ 116070.1015625, 193251.40625 ], [ 116060.703125, 193299.796875 ], [ 116056.1015625, 193344.796875 ], [ 116056.3984375, 193399.5 ], [ 116064.8984375, 193467.09375 ], [ 116078.0, 193524.90625 ], [ 116092.796875, 193571.5 ], [ 116105.8984375, 193626.09375 ], [ 116111.0, 193679.203125 ], [ 116111.296875, 193733.90625 ], [ 116113.203125, 193790.203125 ], [ 116118.3984375, 193852.90625 ], [ 116122.0, 193917.296875 ], [ 116131.796875, 193985.90625 ], [ 116058.203125, 194012.59375 ], [ 116005.203125, 194021.0 ], [ 115957.0, 194032.59375 ], [ 115886.296875, 194031.5 ], [ 115836.3984375, 194028.59375 ], [ 115788.203125, 194022.5 ], [ 115736.703125, 194011.59375 ], [ 115693.203125, 193995.796875 ], [ 115640.0, 193964.0 ], [ 115601.203125, 193936.90625 ], [ 115549.703125, 193916.296875 ], [ 115499.703125, 193897.296875 ], [ 115449.796875, 193878.40625 ], [ 115406.296875, 193864.203125 ], [ 115354.796875, 193856.5 ], [ 115304.8984375, 193844.0 ], [ 115246.8984375, 193823.40625 ], [ 115185.703125, 193791.703125 ], [ 115142.1015625, 193767.796875 ], [ 115101.796875, 193748.796875 ], [ 115047.1015625, 193729.796875 ], [ 115003.6015625, 193710.796875 ], [ 114966.5, 193686.90625 ], [ 114914.8984375, 193658.296875 ], [ 114864.8984375, 193626.5 ], [ 114818.0, 193593.0 ], [ 114777.703125, 193561.09375 ], [ 114730.8984375, 193530.796875 ], [ 114687.3984375, 193513.40625 ], [ 114637.6015625, 193512.203125 ], [ 114581.296875, 193515.796875 ], [ 114518.703125, 193525.796875 ], [ 114475.296875, 193540.59375 ], [ 114419.296875, 193574.796875 ], [ 114369.6015625, 193605.703125 ], [ 114318.296875, 193638.203125 ], [ 114263.796875, 193669.203125 ], [ 114217.3984375, 193696.796875 ], [ 114167.703125, 193722.90625 ], [ 114105.1015625, 193747.5 ], [ 114056.8984375, 193752.59375 ], [ 114003.8984375, 193751.40625 ], [ 113945.8984375, 193743.796875 ], [ 113889.6015625, 193729.59375 ], [ 113831.6015625, 193704.296875 ], [ 113772.0, 193680.59375 ], [ 113710.796875, 193655.203125 ], [ 113646.296875, 193623.5 ], [ 113609.203125, 193598.0 ], [ 113572.0, 193556.40625 ], [ 113544.3984375, 193514.796875 ], [ 113505.6015625, 193466.703125 ], [ 113453.796875, 193405.90625 ], [ 113398.796875, 193345.203125 ], [ 113358.3984375, 193300.40625 ], [ 113319.5, 193249.09375 ], [ 113295.203125, 193212.296875 ], [ 113267.6015625, 193169.0 ], [ 113243.203125, 193122.5 ], [ 113223.6015625, 193064.703125 ], [ 113204.1015625, 193019.796875 ], [ 113178.1015625, 192963.703125 ], [ 113158.5, 192920.296875 ], [ 113131.0, 192880.296875 ], [ 113093.796875, 192846.796875 ], [ 113039.1015625, 192829.40625 ], [ 112994.1015625, 192839.40625 ], [ 112954.0, 192857.40625 ], [ 112918.796875, 192888.203125 ], [ 112891.703125, 192923.796875 ], [ 112856.5, 192962.59375 ], [ 112816.6015625, 193003.09375 ], [ 112771.796875, 193048.5 ], [ 112731.796875, 193082.5 ], [ 112685.296875, 193099.0 ], [ 112633.8984375, 193115.40625 ], [ 112574.5, 193133.5 ], [ 112516.703125, 193138.703125 ], [ 112465.296875, 193143.90625 ], [ 112409.1015625, 193153.90625 ], [ 112349.6015625, 193162.40625 ], [ 112304.6015625, 193167.5 ], [ 112258.0, 193171.0 ], [ 112213.1015625, 193176.203125 ], [ 112163.203125, 193174.90625 ], [ 112102.1015625, 193168.90625 ], [ 112045.796875, 193162.796875 ], [ 111983.1015625, 193164.90625 ], [ 111920.3984375, 193162.09375 ], [ 111875.3984375, 193157.59375 ], [ 111827.1015625, 193145.0 ], [ 111778.796875, 193130.90625 ], [ 111727.203125, 193113.5 ], [ 111683.703125, 193094.5 ], [ 111635.3984375, 193073.90625 ], [ 111572.6015625, 193055.0 ], [ 111522.703125, 193045.703125 ], [ 111469.6015625, 193034.796875 ], [ 111423.0, 193039.90625 ], [ 111376.3984375, 193049.90625 ], [ 111320.203125, 193066.40625 ], [ 111270.5, 193082.796875 ], [ 111224.0, 193099.203125 ], [ 111172.703125, 193123.703125 ], [ 111123.0, 193148.203125 ], [ 111068.5, 193177.5 ], [ 111018.796875, 193203.59375 ], [ 110962.703125, 193232.90625 ], [ 110911.3984375, 193262.296875 ], [ 110861.703125, 193290.0 ], [ 110804.0, 193320.90625 ], [ 110736.6015625, 193353.59375 ], [ 110686.8984375, 193376.40625 ], [ 110642.0, 193392.796875 ], [ 110584.296875, 193412.5 ], [ 110510.3984375, 193432.296875 ], [ 110454.203125, 193447.203125 ], [ 110401.203125, 193449.203125 ], [ 110348.1015625, 193446.296875 ], [ 110283.796875, 193448.296875 ], [ 110221.203125, 193456.796875 ], [ 110161.703125, 193465.296875 ], [ 110094.296875, 193481.796875 ], [ 110044.6015625, 193503.09375 ], [ 109999.703125, 193522.703125 ], [ 109951.6015625, 193548.796875 ], [ 109900.296875, 193570.0 ], [ 109850.5, 193589.703125 ], [ 109797.6015625, 193612.59375 ], [ 109743.1015625, 193637.09375 ], [ 109696.6015625, 193653.5 ], [ 109645.203125, 193658.703125 ], [ 109588.796875, 193651.0 ], [ 109545.3984375, 193640.0 ], [ 109497.1015625, 193633.90625 ], [ 109442.3984375, 193623.0 ], [ 109395.703125, 193604.0 ], [ 109345.703125, 193570.59375 ], [ 109310.1015625, 193543.5 ], [ 109268.1015625, 193505.09375 ], [ 109229.3984375, 193473.203125 ], [ 109192.203125, 193442.90625 ], [ 109135.703125, 193401.40625 ], [ 109093.796875, 193377.59375 ], [ 109043.796875, 193352.203125 ], [ 108990.6015625, 193320.296875 ], [ 108935.796875, 193286.90625 ], [ 108884.203125, 193259.90625 ], [ 108842.296875, 193240.90625 ], [ 108797.203125, 193228.296875 ], [ 108732.796875, 193207.796875 ], [ 108687.703125, 193195.296875 ], [ 108572.296875, 193179.40625 ], [ 108469.0, 193175.796875 ], [ 108396.6015625, 193168.296875 ], [ 108350.0, 193175.0 ], [ 108308.296875, 193189.796875 ], [ 108268.203125, 193215.796875 ], [ 108241.1015625, 193259.5 ], [ 108231.703125, 193304.59375 ], [ 108249.703125, 193357.5 ], [ 108267.6015625, 193400.90625 ], [ 108285.6015625, 193445.796875 ], [ 108308.296875, 193493.90625 ], [ 108316.703125, 193547.0 ], [ 108294.3984375, 193593.796875 ], [ 108260.8984375, 193634.296875 ], [ 108214.3984375, 193665.09375 ], [ 108167.8984375, 193689.59375 ], [ 108118.203125, 193712.5 ], [ 108076.5, 193727.203125 ], [ 108031.6015625, 193743.59375 ], [ 107977.1015625, 193779.40625 ], [ 107929.1015625, 193816.703125 ], [ 107889.1015625, 193847.59375 ], [ 107850.703125, 193875.203125 ], [ 107793.0, 193911.0 ], [ 107743.3984375, 193958.0 ], [ 107709.8984375, 193998.5 ], [ 107676.296875, 194030.90625 ], [ 107642.796875, 194076.203125 ], [ 107604.3984375, 194111.796875 ], [ 107572.3984375, 194150.703125 ], [ 107537.3984375, 194205.59375 ], [ 107518.296875, 194247.59375 ], [ 107484.796875, 194284.796875 ], [ 107443.203125, 194330.203125 ], [ 107403.203125, 194359.40625 ], [ 107360.0, 194393.5 ], [ 107310.296875, 194426.0 ], [ 107268.703125, 194455.296875 ], [ 107215.703125, 194471.703125 ], [ 107170.796875, 194481.703125 ], [ 107127.3984375, 194491.59375 ], [ 107084.8984375, 194493.203125 ], [ 107062.0, 194495.203125 ], [ 107037.8984375, 194491.40625 ], [ 107007.3984375, 194486.296875 ], [ 106971.8984375, 194482.5 ], [ 106946.5, 194481.296875 ], [ 106918.6015625, 194481.296875 ], [ 106894.5, 194487.59375 ], [ 106867.796875, 194485.09375 ], [ 106846.203125, 194474.90625 ], [ 106823.3984375, 194461.0 ], [ 106798.0, 194447.0 ], [ 106771.296875, 194431.796875 ], [ 106751.0, 194419.203125 ], [ 106726.8984375, 194404.0 ], [ 106705.296875, 194391.296875 ], [ 106666.0, 194374.796875 ], [ 106630.3984375, 194359.59375 ], [ 106628.296875, 194358.40625 ], [ 106605.1015625, 194345.59375 ], [ 106582.203125, 194330.40625 ], [ 106559.3984375, 194322.796875 ], [ 106528.8984375, 194317.796875 ], [ 106503.5, 194316.5 ], [ 106475.6015625, 194307.59375 ], [ 106446.3984375, 194301.296875 ], [ 106416.0, 194301.296875 ], [ 106385.5, 194306.40625 ], [ 106362.703125, 194314.0 ], [ 106339.796875, 194329.296875 ], [ 106318.296875, 194349.59375 ], [ 106300.5, 194366.0 ], [ 106284.0, 194383.796875 ], [ 106267.6015625, 194406.703125 ], [ 106251.1015625, 194424.40625 ], [ 106234.6015625, 194444.703125 ], [ 106221.8984375, 194470.09375 ], [ 106214.296875, 194494.203125 ], [ 106210.5, 194519.59375 ], [ 106208.0, 194544.90625 ], [ 106194.1015625, 194567.796875 ], [ 106177.6015625, 194585.5 ], [ 106157.296875, 194602.0 ], [ 106134.5, 194622.296875 ], [ 106110.3984375, 194641.40625 ], [ 106088.796875, 194657.90625 ], [ 106067.203125, 194670.59375 ], [ 106045.703125, 194684.5 ], [ 106022.796875, 194698.5 ], [ 106001.296875, 194708.703125 ], [ 105978.3984375, 194717.5 ], [ 105949.296875, 194723.90625 ], [ 105925.203125, 194730.296875 ], [ 105901.0, 194734.09375 ], [ 105870.6015625, 194734.09375 ], [ 105842.703125, 194727.703125 ], [ 105816.0, 194721.40625 ], [ 105790.6015625, 194721.40625 ], [ 105762.703125, 194718.90625 ], [ 105738.6015625, 194725.203125 ], [ 105714.5, 194712.59375 ], [ 105691.6015625, 194689.703125 ], [ 105672.6015625, 194666.90625 ], [ 105656.1015625, 194645.40625 ], [ 105647.203125, 194618.703125 ], [ 105635.796875, 194589.5 ], [ 105626.8984375, 194565.5 ], [ 105618.0, 194537.5 ], [ 105609.1015625, 194510.90625 ], [ 105598.8984375, 194484.296875 ], [ 105587.3984375, 194456.40625 ], [ 105574.703125, 194427.203125 ], [ 105560.796875, 194398.0 ], [ 105549.296875, 194372.703125 ], [ 105543.0, 194343.5 ], [ 105541.703125, 194316.90625 ], [ 105534.0, 194294.0 ], [ 105521.296875, 194266.09375 ], [ 105506.1015625, 194235.703125 ], [ 105488.296875, 194210.296875 ], [ 105473.1015625, 194191.296875 ], [ 105447.703125, 194164.703125 ], [ 105433.703125, 194145.703125 ], [ 105412.1015625, 194129.203125 ], [ 105393.1015625, 194112.703125 ], [ 105374.0, 194096.203125 ], [ 105356.296875, 194079.703125 ], [ 105329.6015625, 194067.0 ], [ 105302.8984375, 194054.40625 ], [ 105276.296875, 194048.0 ], [ 105244.6015625, 194043.0 ], [ 105212.796875, 194032.796875 ], [ 105187.5, 194027.796875 ], [ 105163.296875, 194024.0 ], [ 105131.6015625, 194022.703125 ], [ 105106.203125, 194022.703125 ], [ 105078.296875, 194026.5 ], [ 105055.5, 194035.40625 ], [ 105031.3984375, 194045.59375 ], [ 105007.296875, 194055.796875 ], [ 104983.203125, 194065.90625 ], [ 104957.796875, 194072.296875 ], [ 104933.703125, 194079.90625 ], [ 104910.8984375, 194086.203125 ], [ 104888.0, 194097.703125 ], [ 104865.203125, 194105.296875 ], [ 104839.796875, 194114.203125 ], [ 104818.296875, 194124.296875 ], [ 104800.5, 194140.796875 ], [ 104784.0, 194158.59375 ], [ 104770.1015625, 194185.203125 ], [ 104754.8984375, 194206.796875 ], [ 104737.1015625, 194223.296875 ], [ 104724.3984375, 194244.90625 ], [ 104716.796875, 194274.0 ], [ 104708.0, 194296.90625 ], [ 104695.296875, 194322.296875 ], [ 104689.0, 194346.296875 ], [ 104680.1015625, 194373.0 ], [ 104671.203125, 194395.796875 ], [ 104664.8984375, 194426.296875 ], [ 104657.296875, 194454.203125 ], [ 104642.1015625, 194478.296875 ], [ 104620.5, 194501.09375 ], [ 104602.796875, 194517.59375 ], [ 104580.0, 194534.09375 ], [ 104553.296875, 194530.296875 ], [ 104516.5, 194526.5 ], [ 104492.3984375, 194522.703125 ], [ 104468.296875, 194522.796875 ], [ 104445.3984375, 194515.203125 ], [ 104416.296875, 194497.40625 ], [ 104395.8984375, 194483.5 ], [ 104370.5, 194468.296875 ], [ 104347.703125, 194453.0 ], [ 104323.6015625, 194437.796875 ], [ 104300.703125, 194420.09375 ], [ 104280.3984375, 194403.59375 ], [ 104258.796875, 194388.40625 ], [ 104232.203125, 194368.09375 ], [ 104206.796875, 194350.296875 ], [ 104182.703125, 194332.59375 ], [ 104154.703125, 194316.09375 ], [ 104128.1015625, 194306.0 ], [ 104101.3984375, 194297.09375 ], [ 104072.203125, 194287.0 ], [ 104048.1015625, 194274.296875 ], [ 104021.5, 194260.296875 ], [ 103988.5, 194247.703125 ], [ 103959.296875, 194240.09375 ], [ 103933.8984375, 194235.0 ], [ 103899.6015625, 194232.5 ], [ 103869.203125, 194227.40625 ], [ 103845.1015625, 194222.296875 ], [ 103817.1015625, 194214.796875 ], [ 103786.703125, 194209.703125 ], [ 103756.203125, 194204.59375 ], [ 103723.203125, 194200.796875 ], [ 103687.703125, 194193.203125 ], [ 103656.0, 194189.40625 ], [ 103624.203125, 194185.59375 ], [ 103593.796875, 194179.296875 ], [ 103564.6015625, 194173.0 ], [ 103536.703125, 194170.5 ], [ 103512.6015625, 194170.5 ], [ 103487.203125, 194173.0 ], [ 103458.0, 194176.796875 ], [ 103430.1015625, 194170.5 ], [ 103407.203125, 194176.796875 ], [ 103385.703125, 194190.796875 ], [ 103361.6015625, 194202.203125 ], [ 103336.203125, 194217.5 ], [ 103305.796875, 194235.203125 ], [ 103281.703125, 194247.90625 ], [ 103262.6015625, 194263.203125 ], [ 103242.296875, 194277.09375 ], [ 103219.5, 194301.203125 ], [ 103203.0, 194320.296875 ], [ 103184.0, 194340.59375 ], [ 103165.0, 194357.09375 ], [ 103147.203125, 194376.09375 ], [ 103127.0, 194400.203125 ], [ 103114.296875, 194420.5 ], [ 103096.5, 194448.40625 ], [ 103083.8984375, 194468.703125 ], [ 103064.796875, 194492.796875 ], [ 103053.3984375, 194514.40625 ], [ 103043.296875, 194541.0 ], [ 103037.0, 194565.09375 ], [ 103031.8984375, 194594.296875 ], [ 103029.3984375, 194621.0 ], [ 103033.203125, 194646.296875 ], [ 103047.203125, 194670.40625 ], [ 103070.0, 194690.703125 ], [ 103089.1015625, 194704.703125 ], [ 103109.3984375, 194719.90625 ], [ 103132.203125, 194730.0 ], [ 103156.3984375, 194740.09375 ], [ 103179.203125, 194746.5 ], [ 103204.6015625, 194754.09375 ], [ 103228.703125, 194763.0 ], [ 103260.3984375, 194770.5 ], [ 103284.5, 194778.203125 ], [ 103308.703125, 194790.796875 ], [ 103334.0, 194803.5 ], [ 103358.203125, 194814.90625 ], [ 103383.5, 194826.296875 ], [ 103410.203125, 194840.296875 ], [ 103433.1015625, 194856.703125 ], [ 103453.3984375, 194878.296875 ], [ 103463.5, 194902.40625 ], [ 103469.8984375, 194926.5 ], [ 103472.5, 194954.40625 ], [ 103469.8984375, 194984.796875 ], [ 103463.6015625, 195012.796875 ], [ 103450.8984375, 195034.296875 ], [ 103434.3984375, 195052.09375 ], [ 103416.703125, 195068.59375 ], [ 103396.3984375, 195082.5 ], [ 103374.796875, 195095.203125 ], [ 103352.0, 195105.40625 ], [ 103327.8984375, 195115.5 ], [ 103303.796875, 195129.5 ], [ 103279.703125, 195134.59375 ], [ 103249.203125, 195137.09375 ], [ 103225.1015625, 195135.90625 ], [ 103201.0, 195135.90625 ], [ 103171.796875, 195135.90625 ], [ 103147.703125, 195133.40625 ], [ 103110.8984375, 195132.09375 ], [ 103086.796875, 195128.296875 ], [ 103062.703125, 195122.0 ], [ 103039.8984375, 195115.703125 ], [ 102999.203125, 195108.09375 ], [ 102967.5, 195103.0 ], [ 102943.3984375, 195097.90625 ], [ 102918.0, 195091.59375 ], [ 102881.203125, 195081.5 ], [ 102855.796875, 195073.90625 ], [ 102826.6015625, 195065.0 ], [ 102805.1015625, 195054.90625 ], [ 102777.1015625, 195044.703125 ], [ 102754.296875, 195034.59375 ], [ 102721.296875, 195024.40625 ], [ 102697.203125, 195015.59375 ], [ 102671.796875, 195006.703125 ], [ 102647.703125, 195000.40625 ], [ 102618.5, 194995.296875 ], [ 102584.203125, 194994.0 ], [ 102558.8984375, 194996.59375 ], [ 102528.3984375, 194997.90625 ], [ 102501.796875, 194996.59375 ], [ 102473.796875, 194996.59375 ], [ 102449.703125, 194996.59375 ], [ 102420.5, 195001.703125 ], [ 102395.203125, 195004.296875 ], [ 102369.796875, 195010.59375 ], [ 102340.6015625, 195010.59375 ], [ 102312.703125, 195005.59375 ], [ 102286.0, 195000.5 ], [ 102259.3984375, 194994.203125 ], [ 102231.5, 194987.796875 ], [ 102203.5, 194981.5 ], [ 102179.3984375, 194976.40625 ], [ 102145.203125, 194971.40625 ], [ 102117.203125, 194967.59375 ], [ 102089.296875, 194963.796875 ], [ 102057.6015625, 194961.296875 ], [ 102031.0, 194957.5 ], [ 102001.796875, 194951.09375 ], [ 101975.1015625, 194944.796875 ], [ 101944.6015625, 194938.5 ], [ 101920.5, 194932.09375 ], [ 101888.796875, 194927.09375 ], [ 101864.703125, 194924.5 ], [ 101838.0, 194923.296875 ], [ 101811.3984375, 194923.296875 ], [ 101778.3984375, 194919.5 ], [ 101750.5, 194917.0 ], [ 101717.5, 194913.203125 ], [ 101692.1015625, 194911.90625 ], [ 101664.203125, 194917.0 ], [ 101640.1015625, 194919.59375 ], [ 101616.0, 194923.40625 ], [ 101591.8984375, 194928.5 ], [ 101566.5, 194928.5 ], [ 101542.3984375, 194933.5 ], [ 101514.5, 194939.90625 ], [ 101490.3984375, 194947.5 ], [ 101465.0, 194953.90625 ], [ 101438.3984375, 194959.0 ], [ 101414.296875, 194969.09375 ], [ 101392.703125, 194980.5 ], [ 101371.1015625, 194993.203125 ], [ 101349.6015625, 195005.90625 ], [ 101328.0, 195021.203125 ], [ 101309.0, 195037.59375 ], [ 101292.5, 195055.40625 ], [ 101272.203125, 195073.203125 ], [ 101254.3984375, 195090.90625 ], [ 101238.0, 195110.0 ], [ 101222.796875, 195129.0 ], [ 101206.296875, 195148.0 ], [ 101188.5, 195173.40625 ], [ 101172.0, 195192.5 ], [ 101158.1015625, 195211.5 ], [ 101141.6015625, 195229.296875 ], [ 101118.796875, 195255.90625 ], [ 101099.796875, 195276.203125 ], [ 101080.703125, 195294.0 ], [ 101066.796875, 195313.0 ], [ 101052.796875, 195335.796875 ], [ 101041.3984375, 195358.703125 ], [ 101033.796875, 195382.796875 ], [ 101026.203125, 195409.40625 ], [ 101022.5, 195436.09375 ], [ 101017.3984375, 195461.40625 ], [ 101007.296875, 195485.5 ], [ 101002.203125, 195510.90625 ], [ 100997.1015625, 195540.09375 ], [ 100990.796875, 195562.90625 ], [ 100985.796875, 195588.296875 ], [ 100980.203125, 195614.0 ], [ 100979.3984375, 195617.5 ], [ 100975.6015625, 195644.09375 ], [ 100974.3984375, 195672.0 ], [ 100975.703125, 195698.703125 ], [ 100975.703125, 195727.796875 ], [ 100974.3984375, 195751.90625 ], [ 100975.703125, 195779.796875 ], [ 100978.296875, 195807.703125 ], [ 100980.796875, 195835.59375 ], [ 100982.1015625, 195866.09375 ], [ 100983.3984375, 195896.5 ], [ 100984.703125, 195925.703125 ], [ 100983.3984375, 195951.09375 ], [ 100988.5, 195980.296875 ], [ 100996.203125, 196010.703125 ], [ 101005.1015625, 196033.5 ], [ 101016.5, 196058.90625 ], [ 101025.3984375, 196088.0 ], [ 101040.6015625, 196107.09375 ], [ 101057.203125, 196131.203125 ], [ 101072.3984375, 196150.203125 ], [ 101090.203125, 196171.796875 ], [ 101110.5, 196192.0 ], [ 101129.5, 196214.90625 ], [ 101147.296875, 196235.203125 ], [ 101163.796875, 196254.203125 ], [ 101182.8984375, 196273.203125 ], [ 101207.0, 196293.5 ], [ 101224.796875, 196311.203125 ], [ 101243.796875, 196327.703125 ], [ 101262.8984375, 196350.5 ], [ 101281.8984375, 196373.40625 ], [ 101297.203125, 196393.703125 ], [ 101311.1015625, 196412.703125 ], [ 101326.3984375, 196431.703125 ], [ 101342.8984375, 196452.0 ], [ 101360.703125, 196472.296875 ], [ 101381.0, 196492.59375 ], [ 101401.296875, 196514.09375 ], [ 101421.6015625, 196534.40625 ], [ 101439.3984375, 196552.203125 ], [ 101457.203125, 196569.90625 ], [ 101474.8984375, 196590.203125 ], [ 101491.3984375, 196610.5 ], [ 101510.5, 196637.09375 ], [ 101527.0, 196663.796875 ], [ 101543.5, 196690.40625 ], [ 101560.0, 196714.5 ], [ 101577.796875, 196743.703125 ], [ 101589.296875, 196769.0 ], [ 101600.703125, 196800.703125 ], [ 101609.6015625, 196823.59375 ], [ 101621.0, 196852.703125 ], [ 101628.703125, 196879.40625 ], [ 101637.6015625, 196904.703125 ], [ 101649.0, 196935.203125 ], [ 101659.203125, 196965.59375 ], [ 101664.296875, 196993.5 ], [ 101661.703125, 197017.59375 ], [ 101656.703125, 197046.796875 ], [ 101652.8984375, 197078.5 ], [ 101650.703125, 197105.296875 ] ] ] ] } },
{ "type": "Feature", "properties": { "PROVINCE_N": "Western Province", "Area": 682.11535294800001, "District": "Colombo", "Sinhalese": 1724459.0, "SL_Tamils": 247739.0, "Ind_Tamils": 24821.0, "Moor": 202731.0, "Burgher": 15703.0, "Malay": 21778.0, "Other": 14043.0, "Male": 1151413.0, "Female": 1099861.0, "Pop1963": 1300000.0, "Pop1971": 1400000.0, "Pop1981_": 1699241, "Pop2001_": 2251274, "Pop2012": 2309199, "Sin_2012": 1764996, "In_Tam2012": 29763, "Sl_Tam2012": 236294, "Mus_2012": 240158, "Other_2012": 37988 }, "geometry": { "type": "MultiPolygon", "coordinates": [ [ [ [ 106628.296875, 194358.40625 ], [ 106630.3984375, 194359.59375 ], [ 106666.0, 194374.796875 ], [ 106705.296875, 194391.296875 ], [ 106726.8984375, 194404.0 ], [ 106751.0, 194419.203125 ], [ 106771.296875, 194431.796875 ], [ 106798.0, 194447.0 ], [ 106823.3984375, 194461.0 ], [ 106846.203125, 194474.90625 ], [ 106867.796875, 194485.09375 ], [ 106894.5, 194487.59375 ], [ 106918.6015625, 194481.296875 ], [ 106946.5, 194481.296875 ], [ 106971.8984375, 194482.5 ], [ 107007.3984375, 194486.296875 ], [ 107037.8984375, 194491.40625 ], [ 107062.0, 194495.203125 ], [ 107084.8984375, 194493.203125 ], [ 107127.3984375, 194491.59375 ], [ 107170.796875, 194481.703125 ], [ 107215.703125, 194471.703125 ], [ 107268.703125, 194455.296875 ], [ 107310.296875, 194426.0 ], [ 107360.0, 194393.5 ], [ 107403.203125, 194359.40625 ], [ 107443.203125, 194330.203125 ], [ 107484.796875, 194284.796875 ], [ 107518.296875, 194247.59375 ], [ 107537.3984375, 194205.59375 ], [ 107572.3984375, 194150.703125 ], [ 107604.3984375, 194111.796875 ], [ 107642.796875, 194076.203125 ], [ 107676.296875, 194030.90625 ], [ 107709.8984375, 193998.5 ], [ 107743.3984375, 193958.0 ], [ 107793.0, 193911.0 ], [ 107850.703125, 193875.203125 ], [ 107889.1015625, 193847.59375 ], [ 107929.1015625, 193816.703125 ], [ 107977.1015625, 193779.40625 ], [ 108031.6015625, 193743.59375 ], [ 108076.5, 193727.203125 ], [ 108118.203125, 193712.5 ], [ 108167.8984375, 193689.59375 ], [ 108214.3984375, 193665.09375 ], [ 108260.8984375, 193634.296875 ], [ 108294.3984375, 193593.796875 ], [ 108316.703125, 193547.0 ], [ 108308.296875, 193493.90625 ], [ 108285.6015625, 193445.796875 ], [ 108267.6015625, 193400.90625 ], [ 108249.703125, 193357.5 ], [ 108231.703125, 193304.59375 ], [ 108241.1015625, 193259.5 ], [ 108268.203125, 193215.796875 ], [ 108308.296875, 193189.796875 ], [ 108350.0, 193175.0 ], [ 108396.6015625, 193168.296875 ], [ 108469.0, 193175.796875 ], [ 108572.296875, 193179.40625 ], [ 108687.703125, 193195.296875 ], [ 108732.796875, 193207.796875 ], [ 108797.203125, 193228.296875 ], [ 108842.296875, 193240.90625 ], [ 108884.203125, 193259.90625 ], [ 108935.796875, 193286.90625 ], [ 108990.6015625, 193320.296875 ], [ 109043.796875, 193352.203125 ], [ 109093.796875, 193377.59375 ], [ 109135.703125, 193401.40625 ], [ 109192.203125, 193442.90625 ], [ 109229.3984375, 193473.203125 ], [ 109268.1015625, 193505.09375 ], [ 109310.1015625, 193543.5 ], [ 109345.703125, 193570.59375 ], [ 109395.703125, 193604.0 ], [ 109442.3984375, 193623.0 ], [ 109497.1015625, 193633.90625 ], [ 109545.3984375, 193640.0 ], [ 109588.796875, 193651.0 ], [ 109645.203125, 193658.703125 ], [ 109696.6015625, 193653.5 ], [ 109743.1015625, 193637.09375 ], [ 109797.6015625, 193612.59375 ], [ 109850.5, 193589.703125 ], [ 109900.296875, 193570.0 ], [ 109951.6015625, 193548.796875 ], [ 109999.703125, 193522.703125 ], [ 110044.6015625, 193503.09375 ], [ 110094.296875, 193481.796875 ], [ 110161.703125, 193465.296875 ], [ 110221.203125, 193456.796875 ], [ 110283.796875, 193448.296875 ], [ 110348.1015625, 193446.296875 ], [ 110401.203125, 193449.203125 ], [ 110454.203125, 193447.203125 ], [ 110510.3984375, 193432.296875 ], [ 110584.296875, 193412.5 ], [ 110642.0, 193392.796875 ], [ 110686.8984375, 193376.40625 ], [ 110736.6015625, 193353.59375 ], [ 110804.0, 193320.90625 ], [ 110861.703125, 193290.0 ], [ 110911.3984375, 193262.296875 ], [ 110962.703125, 193232.90625 ], [ 111018.796875, 193203.59375 ], [ 111068.5, 193177.5 ], [ 111123.0, 193148.203125 ], [ 111172.703125, 193123.703125 ], [ 111224.0, 193099.203125 ], [ 111270.5, 193082.796875 ], [ 111320.203125, 193066.40625 ], [ 111376.3984375, 193049.90625 ], [ 111423.0, 193039.90625 ], [ 111469.6015625, 193034.796875 ], [ 111522.703125, 193045.703125 ], [ 111572.6015625, 193055.0 ], [ 111635.3984375, 193073.90625 ], [ 111683.703125, 193094.5 ], [ 111727.203125, 193113.5 ], [ 111778.796875, 193130.90625 ], [ 111827.1015625, 193145.0 ], [ 111875.3984375, 193157.59375 ], [ 111920.3984375, 193162.09375 ], [ 111983.1015625, 193164.90625 ], [ 112045.796875, 193162.796875 ], [ 112102.1015625, 193168.90625 ], [ 112163.203125, 193174.90625 ], [ 112213.1015625, 193176.203125 ], [ 112258.0, 193171.0 ], [ 112304.6015625, 193167.5 ], [ 112349.6015625, 193162.40625 ], [ 112409.1015625, 193153.90625 ], [ 112465.296875, 193143.90625 ], [ 112516.703125, 193138.703125 ], [ 112574.5, 193133.5 ], [ 112633.8984375, 193115.40625 ], [ 112685.296875, 193099.0 ], [ 112731.796875, 193082.5 ], [ 112771.796875, 193048.5 ], [ 112816.6015625, 193003.09375 ], [ 112856.5, 192962.59375 ], [ 112891.703125, 192923.796875 ], [ 112918.796875, 192888.203125 ], [ 112954.0, 192857.40625 ], [ 112994.1015625, 192839.40625 ], [ 113039.1015625, 192829.40625 ], [ 113093.796875, 192846.796875 ], [ 113131.0, 192880.296875 ], [ 113158.5, 192920.296875 ], [ 113178.1015625, 192963.703125 ], [ 113204.1015625, 193019.796875 ], [ 113223.6015625, 193064.703125 ], [ 113243.203125, 193122.5 ], [ 113267.6015625, 193169.0 ], [ 113295.203125, 193212.296875 ], [ 113319.5, 193249.09375 ], [ 113358.3984375, 193300.40625 ], [ 113398.796875, 193345.203125 ], [ 113453.796875, 193405.90625 ], [ 113505.6015625, 193466.703125 ], [ 113544.3984375, 193514.796875 ], [ 113572.0, 193556.40625 ], [ 113609.203125, 193598.0 ], [ 113646.296875, 193623.5 ], [ 113710.796875, 193655.203125 ], [ 113772.0, 193680.59375 ], [ 113831.6015625, 193704.296875 ], [ 113889.6015625, 193729.59375 ], [ 113945.8984375, 193743.796875 ], [ 114003.8984375, 193751.40625 ], [ 114056.8984375, 193752.59375 ], [ 114105.1015625, 193747.5 ], [ 114167.703125, 193722.90625 ], [ 114217.3984375, 193696.796875 ], [ 114263.796875, 193669.203125 ], [ 114318.296875, 193638.203125 ], [ 114369.6015625, 193605.703125 ], [ 114419.296875, 193574.796875 ], [ 114475.296875, 193540.59375 ], [ 114518.703125, 193525.796875 ], [ 114581.296875, 193515.796875 ], [ 114637.6015625, 193512.203125 ], [ 114687.3984375, 193513.40625 ], [ 114730.8984375, 193530.796875 ], [ 114777.703125, 193561.09375 ], [ 114818.0, 193593.0 ], [ 114864.8984375, 193626.5 ], [ 114914.8984375, 193658.296875 ], [ 114966.5, 193686.90625 ], [ 115003.6015625, 193710.796875 ], [ 115047.1015625, 193729.796875 ], [ 115101.796875, 193748.796875 ], [ 115142.1015625, 193767.796875 ], [ 115185.703125, 193791.703125 ], [ 115246.8984375, 193823.40625 ], [ 115304.8984375, 193844.0 ], [ 115354.796875, 193856.5 ], [ 115406.296875, 193864.203125 ], [ 115449.796875, 193878.40625 ], [ 115499.703125, 193897.296875 ], [ 115549.703125, 193916.296875 ], [ 115601.203125, 193936.90625 ], [ 115640.0, 193964.0 ], [ 115693.203125, 193995.796875 ], [ 115736.703125, 194011.59375 ], [ 115788.203125, 194022.5 ], [ 115836.3984375, 194028.59375 ], [ 115886.296875, 194031.5 ], [ 115957.0, 194032.59375 ], [ 116005.203125, 194021.0 ], [ 116058.203125, 194012.59375 ], [ 116131.796875, 193985.90625 ], [ 116122.0, 193917.296875 ], [ 116118.3984375, 193852.90625 ], [ 116113.203125, 193790.203125 ], [ 116111.296875, 193733.90625 ], [ 116111.0, 193679.203125 ], [ 116105.8984375, 193626.09375 ], [ 116092.796875, 193571.5 ], [ 116078.0, 193524.90625 ], [ 116064.8984375, 193467.09375 ], [ 116056.3984375, 193399.5 ], [ 116056.1015625, 193344.796875 ], [ 116060.703125, 193299.796875 ], [ 116070.1015625, 193251.40625 ], [ 116087.5, 193199.796875 ], [ 116116.1015625, 193135.203125 ], [ 116149.6015625, 193088.296875 ], [ 116176.703125, 193049.5 ], [ 116208.703125, 193012.296875 ], [ 116245.296875, 192954.09375 ], [ 116274.0, 192907.296875 ], [ 116317.203125, 192865.09375 ], [ 116344.296875, 192829.5 ], [ 116374.6015625, 192779.5 ], [ 116409.703125, 192734.203125 ], [ 116446.5, 192698.5 ], [ 116484.796875, 192654.796875 ], [ 116526.296875, 192601.40625 ], [ 116567.796875, 192538.40625 ], [ 116593.296875, 192494.796875 ], [ 116612.296875, 192451.203125 ], [ 116628.1015625, 192404.40625 ], [ 116645.5, 192341.5 ], [ 116658.1015625, 192294.796875 ], [ 116670.6015625, 192236.796875 ], [ 116678.3984375, 192188.40625 ], [ 116686.203125, 192144.90625 ], [ 116694.0, 192096.59375 ], [ 116703.203125, 192030.5 ], [ 116706.203125, 191980.59375 ], [ 116709.0, 191914.703125 ], [ 116710.3984375, 191868.0 ], [ 116718.1015625, 191811.59375 ], [ 116725.8984375, 191763.296875 ], [ 116736.8984375, 191714.90625 ], [ 116757.5, 191664.90625 ], [ 116797.5, 191626.0 ], [ 116845.6015625, 191608.0 ], [ 116895.5, 191614.09375 ], [ 116942.203125, 191631.5 ], [ 116993.703125, 191644.0 ], [ 117056.3984375, 191640.296875 ], [ 117107.796875, 191638.40625 ], [ 117189.796875, 191637.796875 ], [ 117270.203125, 191634.09375 ], [ 117324.796875, 191627.296875 ], [ 117403.5, 191620.296875 ], [ 117456.5, 191607.0 ], [ 117512.703125, 191590.59375 ], [ 117556.0, 191575.796875 ], [ 117610.6015625, 191562.59375 ], [ 117657.203125, 191555.796875 ], [ 117716.6015625, 191540.90625 ], [ 117761.5, 191527.703125 ], [ 117814.5, 191514.5 ], [ 117875.3984375, 191490.0 ], [ 117918.703125, 191465.5 ], [ 117960.296875, 191431.5 ], [ 117993.8984375, 191400.59375 ], [ 118046.703125, 191361.703125 ], [ 118101.203125, 191330.703125 ], [ 118150.8984375, 191299.796875 ], [ 118195.703125, 191268.90625 ], [ 118237.3984375, 191234.90625 ], [ 118285.3984375, 191199.09375 ], [ 118344.703125, 191168.203125 ], [ 118416.8984375, 191133.90625 ], [ 118476.203125, 191104.5 ], [ 118525.8984375, 191081.59375 ], [ 118582.0, 191061.90625 ], [ 118630.203125, 191050.296875 ], [ 118684.796875, 191038.703125 ], [ 118747.3984375, 191022.203125 ], [ 118797.1015625, 190996.09375 ], [ 118835.6015625, 190974.90625 ], [ 118883.6015625, 190945.59375 ], [ 118928.5, 190914.796875 ], [ 118978.1015625, 190879.0 ], [ 119029.3984375, 190844.90625 ], [ 119083.796875, 190807.5 ], [ 119144.703125, 190770.09375 ], [ 119194.3984375, 190737.59375 ], [ 119237.6015625, 190703.5 ], [ 119274.3984375, 190671.0 ], [ 119320.796875, 190630.5 ], [ 119360.796875, 190596.40625 ], [ 119416.796875, 190547.796875 ], [ 119464.796875, 190507.203125 ], [ 119520.8984375, 190469.796875 ], [ 119560.8984375, 190447.0 ], [ 119612.296875, 190430.59375 ], [ 119663.6015625, 190412.5 ], [ 119719.796875, 190394.5 ], [ 119774.3984375, 190386.0 ], [ 119838.6015625, 190377.5 ], [ 119891.703125, 190370.796875 ], [ 119960.796875, 190367.09375 ], [ 120023.5, 190371.5 ], [ 120073.3984375, 190380.796875 ], [ 120118.3984375, 190386.90625 ], [ 120181.1015625, 190391.296875 ], [ 120229.3984375, 190387.796875 ], [ 120287.203125, 190385.796875 ], [ 120346.6015625, 190375.703125 ], [ 120401.1015625, 190348.0 ], [ 120436.296875, 190314.0 ], [ 120465.1015625, 190280.0 ], [ 120492.203125, 190244.40625 ], [ 120522.5, 190194.296875 ], [ 120544.703125, 190134.59375 ], [ 120565.296875, 190084.59375 ], [ 120573.1015625, 190037.90625 ], [ 120572.796875, 189983.09375 ], [ 120570.8984375, 189938.09375 ], [ 120567.3984375, 189880.203125 ], [ 120563.8984375, 189830.296875 ], [ 120563.6015625, 189785.296875 ], [ 120587.5, 189744.90625 ], [ 120634.1015625, 189728.5 ], [ 120682.296875, 189734.59375 ], [ 120730.6015625, 189739.09375 ], [ 120782.1015625, 189750.0 ], [ 120843.203125, 189751.203125 ], [ 120889.703125, 189739.59375 ], [ 120945.8984375, 189726.40625 ], [ 121000.6015625, 189719.5 ], [ 121069.6015625, 189706.203125 ], [ 121127.3984375, 189694.5 ], [ 121185.296875, 189689.296875 ], [ 121238.296875, 189695.40625 ], [ 121288.203125, 189704.703125 ], [ 121341.3984375, 189720.5 ], [ 121373.703125, 189754.0 ], [ 121407.796875, 189823.0 ], [ 121438.796875, 189882.703125 ], [ 121442.0, 189888.796875 ], [ 121471.203125, 189949.703125 ], [ 121495.703125, 190007.5 ], [ 121516.8984375, 190068.5 ], [ 121539.703125, 190116.59375 ], [ 121564.0, 190164.703125 ], [ 121598.1015625, 190217.59375 ], [ 121627.296875, 190259.203125 ], [ 121669.296875, 190304.0 ], [ 121719.296875, 190327.796875 ], [ 121765.796875, 190316.203125 ], [ 121810.703125, 190291.796875 ], [ 121871.6015625, 190262.40625 ], [ 121940.5, 190220.09375 ], [ 121998.203125, 190187.5 ], [ 122060.703125, 190154.90625 ], [ 122108.796875, 190125.59375 ], [ 122169.703125, 190088.203125 ], [ 122232.203125, 190045.90625 ], [ 122288.203125, 190006.90625 ], [ 122341.0, 189969.5 ], [ 122385.8984375, 189938.703125 ], [ 122429.1015625, 189903.0 ], [ 122473.8984375, 189870.5 ], [ 122534.796875, 189831.5 ], [ 122592.5, 189802.09375 ], [ 122653.5, 189775.90625 ], [ 122708.0, 189761.09375 ], [ 122753.0, 189751.09375 ], [ 122809.296875, 189747.5 ], [ 122862.296875, 189753.59375 ], [ 122915.6015625, 189788.59375 ], [ 122948.0, 189843.09375 ], [ 122966.0, 189894.5 ], [ 122985.5, 189934.59375 ], [ 123022.796875, 189984.203125 ], [ 123064.796875, 190022.59375 ], [ 123103.5, 190051.296875 ], [ 123140.6015625, 190078.40625 ], [ 123190.5, 190089.296875 ], [ 123246.796875, 190082.5 ], [ 123315.796875, 190061.09375 ], [ 123376.703125, 190034.90625 ], [ 123440.796875, 190005.5 ], [ 123503.3984375, 189977.796875 ], [ 123564.3984375, 189954.796875 ], [ 123630.203125, 189938.296875 ], [ 123681.6015625, 189929.90625 ], [ 123734.6015625, 189919.90625 ], [ 123795.6015625, 189909.796875 ], [ 123851.796875, 189904.59375 ], [ 123913.0, 189909.0 ], [ 123959.6015625, 189920.0 ], [ 124008.0, 189948.59375 ], [ 124045.203125, 189978.90625 ], [ 124077.5, 190012.5 ], [ 124114.703125, 190047.59375 ], [ 124148.6015625, 190078.0 ], [ 124180.8984375, 190111.5 ], [ 124214.8984375, 190158.0 ], [ 124244.1015625, 190202.796875 ], [ 124276.5, 190242.90625 ], [ 124312.0, 190278.0 ], [ 124349.203125, 190311.59375 ], [ 124392.703125, 190325.796875 ], [ 124434.3984375, 190309.40625 ], [ 124485.703125, 190283.296875 ], [ 124545.0, 190244.296875 ], [ 124602.6015625, 190200.40625 ], [ 124634.6015625, 190168.0 ], [ 124671.3984375, 190137.203125 ], [ 124711.5, 190117.59375 ], [ 124767.703125, 190107.59375 ], [ 124820.796875, 190128.09375 ], [ 124854.796875, 190163.296875 ], [ 124875.8984375, 190209.796875 ], [ 124887.3984375, 190254.796875 ], [ 124886.203125, 190319.203125 ], [ 124881.6015625, 190364.296875 ], [ 124873.796875, 190407.796875 ], [ 124864.3984375, 190452.90625 ], [ 124856.6015625, 190498.0 ], [ 124848.796875, 190544.703125 ], [ 124837.796875, 190588.296875 ], [ 124823.6015625, 190641.40625 ], [ 124811.1015625, 190691.40625 ], [ 124801.703125, 190741.40625 ], [ 124795.5, 190789.703125 ], [ 124794.296875, 190863.703125 ], [ 124797.8984375, 190921.59375 ], [ 124806.203125, 190981.09375 ], [ 124817.703125, 191030.90625 ], [ 124827.703125, 191080.703125 ], [ 124847.203125, 191133.703125 ], [ 124868.5, 191191.5 ], [ 124888.0, 191236.40625 ], [ 124907.5, 191279.703125 ], [ 124932.0, 191337.5 ], [ 124958.0, 191395.296875 ], [ 124984.0, 191446.59375 ], [ 125003.6015625, 191499.5 ], [ 125023.203125, 191559.0 ], [ 125042.796875, 191618.40625 ], [ 125055.8984375, 191663.296875 ], [ 125064.203125, 191716.40625 ], [ 125076.0, 191803.203125 ], [ 125079.6015625, 191880.40625 ], [ 125073.5, 191936.796875 ], [ 125056.203125, 192006.09375 ], [ 125042.0, 192064.09375 ], [ 125028.0, 192135.0 ], [ 125020.203125, 192181.703125 ], [ 125020.5, 192244.5 ], [ 125027.203125, 192292.703125 ], [ 125043.703125, 192361.796875 ], [ 125055.203125, 192413.203125 ], [ 125063.5, 192459.796875 ], [ 125067.1015625, 192524.203125 ], [ 125067.296875, 192575.703125 ], [ 125059.703125, 192640.09375 ], [ 125048.796875, 192711.0 ], [ 125036.203125, 192767.40625 ], [ 125018.8984375, 192820.59375 ], [ 124995.1015625, 192886.703125 ], [ 124972.8984375, 192951.296875 ], [ 124955.5, 192994.796875 ], [ 124931.703125, 193056.09375 ], [ 124927.203125, 193109.296875 ], [ 124938.703125, 193159.09375 ], [ 124959.8984375, 193212.0 ], [ 124982.703125, 193256.90625 ], [ 125007.1015625, 193309.90625 ], [ 125037.8984375, 193361.203125 ], [ 125063.8984375, 193406.0 ], [ 125096.296875, 193465.40625 ], [ 125130.5, 193534.296875 ], [ 125161.296875, 193592.0 ], [ 125184.1015625, 193635.296875 ], [ 125208.3984375, 193680.203125 ], [ 125234.3984375, 193726.703125 ], [ 125270.1015625, 193792.5 ], [ 125299.3984375, 193845.40625 ], [ 125341.5, 193915.90625 ], [ 125362.703125, 193954.40625 ], [ 125385.5, 194013.796875 ], [ 125393.8984375, 194078.0 ], [ 125395.796875, 194129.5 ], [ 125392.796875, 194182.703125 ], [ 125386.703125, 194242.203125 ], [ 125390.203125, 194295.296875 ], [ 125405.1015625, 194375.703125 ], [ 125423.296875, 194452.796875 ], [ 125436.5, 194517.09375 ], [ 125443.203125, 194568.5 ], [ 125454.703125, 194615.09375 ], [ 125487.1015625, 194660.0 ], [ 125530.703125, 194696.703125 ], [ 125588.703125, 194712.40625 ], [ 125635.296875, 194718.5 ], [ 125691.6015625, 194732.59375 ], [ 125765.703125, 194748.203125 ], [ 125820.3984375, 194757.5 ], [ 125888.0, 194774.703125 ], [ 125957.296875, 194798.40625 ], [ 126020.0, 194814.0 ], [ 126078.0, 194824.90625 ], [ 126145.6015625, 194835.703125 ], [ 126202.0, 194861.09375 ], [ 126237.5, 194889.796875 ], [ 126268.296875, 194931.40625 ], [ 126297.5, 194977.90625 ], [ 126328.203125, 195021.203125 ], [ 126363.8984375, 195070.796875 ], [ 126393.1015625, 195120.5 ], [ 126417.3984375, 195165.40625 ], [ 126440.203125, 195211.90625 ], [ 126467.796875, 195266.40625 ], [ 126492.203125, 195306.5 ], [ 126534.203125, 195352.90625 ], [ 126581.1015625, 195400.796875 ], [ 126616.703125, 195440.796875 ], [ 126649.1015625, 195490.5 ], [ 126675.1015625, 195540.203125 ], [ 126680.203125, 195586.796875 ], [ 126661.203125, 195635.203125 ], [ 126638.8984375, 195680.40625 ], [ 126621.5, 195728.796875 ], [ 126615.3984375, 195785.203125 ], [ 126617.296875, 195839.90625 ], [ 126648.1015625, 195886.296875 ], [ 126694.703125, 195892.5 ], [ 126742.8984375, 195877.703125 ], [ 126792.6015625, 195856.40625 ], [ 126840.796875, 195846.40625 ], [ 126900.203125, 195844.40625 ], [ 126959.703125, 195848.796875 ], [ 127041.796875, 195864.40625 ], [ 127088.5, 195873.703125 ], [ 127228.5, 195900.09375 ], [ 127276.703125, 195901.40625 ], [ 127331.3984375, 195912.296875 ], [ 127371.703125, 195934.5 ], [ 127418.5, 195966.40625 ], [ 127460.5, 195998.296875 ], [ 127513.703125, 196030.09375 ], [ 127574.8984375, 196045.796875 ], [ 127632.796875, 196055.09375 ], [ 127693.8984375, 196057.90625 ], [ 127758.296875, 196062.296875 ], [ 127806.5, 196068.40625 ], [ 127858.203125, 196101.796875 ], [ 127901.796875, 196136.90625 ], [ 127953.3984375, 196176.796875 ], [ 127984.203125, 196224.90625 ], [ 128000.6015625, 196281.09375 ], [ 128010.5, 196334.09375 ], [ 128018.8984375, 196392.0 ], [ 128024.0, 196446.703125 ], [ 128035.6015625, 196501.296875 ], [ 128048.796875, 196568.796875 ], [ 128055.5, 196615.40625 ], [ 128067.0, 196658.796875 ], [ 128084.8984375, 196705.296875 ], [ 128099.6015625, 196751.90625 ], [ 128111.203125, 196816.203125 ], [ 128111.6015625, 196879.0 ], [ 128113.5, 196932.0 ], [ 128131.5, 196986.59375 ], [ 128162.296875, 197044.296875 ], [ 128202.796875, 197089.09375 ], [ 128252.796875, 197117.796875 ], [ 128307.5, 197127.0 ], [ 128365.296875, 197121.796875 ], [ 128408.703125, 197113.5 ], [ 128456.796875, 197090.59375 ], [ 128513.0, 197074.203125 ], [ 128572.3984375, 197060.90625 ], [ 128620.6015625, 197057.296875 ], [ 128664.0, 197063.5 ], [ 128723.5, 197074.296875 ], [ 128787.8984375, 197091.59375 ], [ 128836.203125, 197097.703125 ], [ 128879.703125, 197107.09375 ], [ 128939.296875, 197129.203125 ], [ 129003.703125, 197152.90625 ], [ 129063.203125, 197162.203125 ], [ 129109.796875, 197152.203125 ], [ 129172.3984375, 197135.703125 ], [ 129227.0, 197124.0 ], [ 129276.796875, 197115.59375 ], [ 129350.703125, 197110.296875 ], [ 129419.796875, 197108.203125 ], [ 129490.5, 197101.296875 ], [ 129541.8984375, 197092.90625 ], [ 129594.8984375, 197084.5 ], [ 129652.796875, 197076.09375 ], [ 129725.1015625, 197070.796875 ], [ 129781.296875, 197065.59375 ], [ 129860.0, 197060.203125 ], [ 129945.203125, 197059.59375 ], [ 130027.203125, 197055.796875 ], [ 130107.6015625, 197052.09375 ], [ 130184.703125, 197053.203125 ], [ 130231.3984375, 197056.09375 ], [ 130308.5, 197057.203125 ], [ 130366.3984375, 197053.5 ], [ 130422.6015625, 197041.90625 ], [ 130478.796875, 197027.0 ], [ 130547.796875, 197008.90625 ], [ 130608.796875, 196989.09375 ], [ 130652.1015625, 196971.09375 ], [ 130703.6015625, 196990.09375 ], [ 130750.203125, 196983.296875 ], [ 130790.296875, 196954.09375 ], [ 130835.296875, 196961.90625 ], [ 130896.5, 196977.5 ], [ 130948.0, 196982.0 ], [ 131017.203125, 196996.0 ], [ 131068.6015625, 197000.5 ], [ 131121.703125, 197008.203125 ], [ 131181.203125, 197012.59375 ], [ 131235.90625, 197009.0 ], [ 131288.796875, 196995.796875 ], [ 131335.296875, 196974.5 ], [ 131394.703125, 196946.796875 ], [ 131457.296875, 196925.5 ], [ 131503.796875, 196915.5 ], [ 131576.09375, 196902.09375 ], [ 131624.296875, 196890.5 ], [ 131665.90625, 196870.90625 ], [ 131706.0, 196853.0 ], [ 131775.0, 196833.203125 ], [ 131844.203125, 196829.5 ], [ 131908.5, 196837.09375 ], [ 131976.09375, 196844.703125 ], [ 132040.40625, 196844.296875 ], [ 132101.40625, 196840.59375 ], [ 132146.40625, 196829.0 ], [ 132209.0, 196817.40625 ], [ 132266.796875, 196807.296875 ], [ 132337.5, 196790.796875 ], [ 132396.90625, 196774.296875 ], [ 132469.09375, 196748.0 ], [ 132531.59375, 196717.0 ], [ 132586.09375, 196690.90625 ], [ 132642.203125, 196664.796875 ], [ 132695.203125, 196648.296875 ], [ 132759.5, 196641.5 ], [ 132827.0, 196639.40625 ], [ 132888.09375, 196640.59375 ], [ 132937.90625, 196648.296875 ], [ 132978.203125, 196665.703125 ], [ 133021.796875, 196687.90625 ], [ 133060.5, 196708.59375 ], [ 133096.0, 196740.5 ], [ 133123.5, 196782.203125 ], [ 133152.796875, 196831.90625 ], [ 133167.5, 196891.296875 ], [ 133179.09375, 196937.90625 ], [ 133195.5, 197003.796875 ], [ 133195.796875, 197060.09375 ], [ 133191.296875, 197111.59375 ], [ 133191.59375, 197171.203125 ], [ 133190.296875, 197224.296875 ], [ 133187.40625, 197291.90625 ], [ 133187.796875, 197351.40625 ], [ 133201.0, 197422.09375 ], [ 133210.90625, 197472.0 ], [ 133220.796875, 197516.90625 ], [ 133234.0, 197568.296875 ], [ 133261.5, 197611.59375 ], [ 133292.296875, 197646.796875 ], [ 133329.40625, 197670.703125 ], [ 133375.90625, 197655.90625 ], [ 133441.59375, 197624.90625 ], [ 133496.203125, 197603.59375 ], [ 133561.90625, 197574.203125 ], [ 133605.296875, 197557.796875 ], [ 133669.5, 197541.296875 ], [ 133745.0, 197531.09375 ], [ 133793.203125, 197527.5 ], [ 133852.703125, 197532.0 ], [ 133897.703125, 197533.296875 ], [ 133955.5, 197526.40625 ], [ 134008.5, 197516.40625 ], [ 134061.5, 197504.796875 ], [ 134104.90625, 197494.90625 ], [ 134153.203125, 197507.40625 ], [ 134207.703125, 197487.703125 ], [ 134252.703125, 197482.59375 ], [ 134346.0, 197498.0 ], [ 134361.703125, 197432.0 ], [ 134403.40625, 197405.90625 ], [ 134440.203125, 197378.296875 ], [ 134480.203125, 197341.0 ], [ 134525.0, 197303.703125 ], [ 134577.796875, 197261.5 ], [ 134616.296875, 197237.09375 ], [ 134659.59375, 197220.796875 ], [ 134704.5, 197196.296875 ], [ 134760.59375, 197168.59375 ], [ 134815.09375, 197137.59375 ], [ 134855.203125, 197119.59375 ], [ 134908.203125, 197106.40625 ], [ 134954.796875, 197107.703125 ], [ 135009.5, 197117.0 ], [ 135065.90625, 197135.90625 ], [ 135120.59375, 197146.796875 ], [ 135162.5, 197161.0 ], [ 135212.5, 197194.5 ], [ 135256.09375, 197231.203125 ], [ 135299.703125, 197271.09375 ], [ 135335.296875, 197319.203125 ], [ 135369.296875, 197355.90625 ], [ 135400.0, 197391.09375 ], [ 135429.203125, 197429.5 ], [ 135464.796875, 197476.0 ], [ 135498.703125, 197509.5 ], [ 135558.203125, 197509.09375 ], [ 135632.09375, 197499.0 ], [ 135704.40625, 197485.59375 ], [ 135757.296875, 197467.5 ], [ 135807.09375, 197449.5 ], [ 135848.796875, 197433.09375 ], [ 135898.5, 197413.5 ], [ 135957.90625, 197392.203125 ], [ 136022.09375, 197377.296875 ], [ 136083.09375, 197365.59375 ], [ 136128.09375, 197357.203125 ], [ 136197.09375, 197342.296875 ], [ 136250.09375, 197333.90625 ], [ 136296.703125, 197320.703125 ], [ 136354.40625, 197297.796875 ], [ 136421.796875, 197279.59375 ], [ 136484.5, 197264.703125 ], [ 136537.5, 197256.296875 ], [ 136624.296875, 197258.90625 ], [ 136674.203125, 197268.203125 ], [ 136749.796875, 197282.203125 ], [ 136802.90625, 197293.09375 ], [ 136854.5, 197310.5 ], [ 136912.5, 197335.796875 ], [ 136973.703125, 197362.796875 ], [ 137017.203125, 197380.203125 ], [ 137057.5, 197400.796875 ], [ 137099.5, 197426.296875 ], [ 137147.796875, 197446.90625 ], [ 137188.09375, 197467.5 ], [ 137242.90625, 197499.296875 ], [ 137292.90625, 197521.5 ], [ 137338.0, 197547.0 ], [ 137383.203125, 197572.40625 ], [ 137458.296875, 197594.5 ], [ 137537.40625, 197547.203125 ], [ 137588.59375, 197503.40625 ], [ 137630.203125, 197470.90625 ], [ 137670.203125, 197433.703125 ], [ 137729.5, 197397.90625 ], [ 137780.796875, 197379.796875 ], [ 137845.09375, 197369.703125 ], [ 137893.296875, 197361.296875 ], [ 137944.703125, 197357.796875 ], [ 137989.59375, 197351.0 ], [ 138049.0, 197323.296875 ], [ 138098.703125, 197295.59375 ], [ 138133.796875, 197256.703125 ], [ 138162.5, 197206.59375 ], [ 138189.59375, 197169.5 ], [ 138226.296875, 197127.40625 ], [ 138269.5, 197075.59375 ], [ 138311.09375, 197049.5 ], [ 138360.90625, 197046.0 ], [ 138412.59375, 197082.59375 ], [ 138446.59375, 197133.90625 ], [ 138490.09375, 197144.90625 ], [ 138531.796875, 197118.796875 ], [ 138565.296875, 197073.59375 ], [ 138598.796875, 197031.5 ], [ 138625.90625, 196995.90625 ], [ 138648.203125, 196953.90625 ], [ 138638.296875, 196902.5 ], [ 138615.40625, 196838.296875 ], [ 138602.296875, 196785.296875 ], [ 138598.796875, 196730.59375 ], [ 138604.90625, 196680.703125 ], [ 138619.09375, 196625.796875 ], [ 138633.203125, 196556.5 ], [ 138642.40625, 196488.90625 ], [ 138651.796875, 196434.09375 ], [ 138648.203125, 196366.59375 ], [ 138630.203125, 196307.09375 ], [ 138609.0, 196246.09375 ], [ 138595.796875, 196191.5 ], [ 138589.09375, 196146.5 ], [ 138582.296875, 196067.703125 ], [ 138578.703125, 196001.796875 ], [ 138579.90625, 195934.203125 ], [ 138581.203125, 195877.796875 ], [ 138584.0, 195795.703125 ], [ 138594.90625, 195731.296875 ], [ 138612.296875, 195676.5 ], [ 138628.0, 195610.40625 ], [ 138632.40625, 195542.796875 ], [ 138630.5, 195489.703125 ], [ 138630.296875, 195441.40625 ], [ 138629.90625, 195381.796875 ], [ 138628.0, 195328.796875 ], [ 138619.796875, 195285.40625 ], [ 138606.703125, 195238.796875 ], [ 138603.203125, 195190.5 ], [ 138615.796875, 195139.0 ], [ 138631.59375, 195097.0 ], [ 138647.40625, 195055.09375 ], [ 138668.09375, 195005.0 ], [ 138711.296875, 194975.796875 ], [ 138753.0, 194956.203125 ], [ 138804.296875, 194926.90625 ], [ 138849.09375, 194891.203125 ], [ 138884.296875, 194857.09375 ], [ 138911.40625, 194816.703125 ], [ 138935.203125, 194760.203125 ], [ 138949.40625, 194713.5 ], [ 138966.90625, 194673.09375 ], [ 138987.5, 194631.09375 ], [ 139016.296875, 194592.296875 ], [ 139057.703125, 194532.5 ], [ 139099.296875, 194482.296875 ], [ 139145.59375, 194438.59375 ], [ 139179.203125, 194396.5 ], [ 139195.0, 194343.296875 ], [ 139193.0, 194277.296875 ], [ 139189.40625, 194211.40625 ], [ 139194.0, 194161.5 ], [ 139198.40625, 194100.296875 ], [ 139199.703125, 194035.90625 ], [ 139205.796875, 193977.90625 ], [ 139205.5, 193915.203125 ], [ 139201.90625, 193842.796875 ], [ 139203.09375, 193778.40625 ], [ 139206.09375, 193730.09375 ], [ 139208.90625, 193665.703125 ], [ 139208.703125, 193620.703125 ], [ 139205.203125, 193572.40625 ], [ 139201.703125, 193517.703125 ], [ 139183.703125, 193464.796875 ], [ 139154.5, 193421.5 ], [ 139110.90625, 193386.40625 ], [ 139065.703125, 193351.296875 ], [ 139025.296875, 193314.59375 ], [ 138991.40625, 193279.40625 ], [ 138957.40625, 193239.40625 ], [ 138931.5, 193199.296875 ], [ 138897.5, 193169.0 ], [ 138862.0, 193135.40625 ], [ 138840.90625, 193097.0 ], [ 138840.59375, 193043.90625 ], [ 138845.09375, 192981.09375 ], [ 138848.0, 192936.0 ], [ 138833.296875, 192894.296875 ], [ 138794.59375, 192859.09375 ], [ 138740.0, 192865.90625 ], [ 138698.203125, 192880.703125 ], [ 138646.90625, 192898.703125 ], [ 138585.90625, 192921.703125 ], [ 138528.09375, 192931.703125 ], [ 138475.09375, 192935.296875 ], [ 138430.09375, 192935.59375 ], [ 138375.40625, 192942.40625 ], [ 138337.0, 192968.40625 ], [ 138305.0, 193002.40625 ], [ 138281.203125, 193049.296875 ], [ 138244.296875, 193073.703125 ], [ 138192.90625, 193072.40625 ], [ 138146.203125, 193067.90625 ], [ 138113.90625, 193037.5 ], [ 138068.796875, 193026.59375 ], [ 138015.796875, 193020.5 ], [ 137964.296875, 193019.203125 ], [ 137911.296875, 193024.40625 ], [ 137858.203125, 193015.09375 ], [ 137806.703125, 193005.796875 ], [ 137756.796875, 193001.296875 ], [ 137708.59375, 193001.703125 ], [ 137657.203125, 193003.59375 ], [ 137612.296875, 193018.40625 ], [ 137572.203125, 193039.59375 ], [ 137532.09375, 193064.0 ], [ 137491.796875, 193036.90625 ], [ 137496.296875, 192985.40625 ], [ 137516.90625, 192925.703125 ], [ 137537.40625, 192854.796875 ], [ 137557.90625, 192785.40625 ], [ 137573.703125, 192738.703125 ], [ 137581.5, 192685.5 ], [ 137584.5, 192638.796875 ], [ 137590.59375, 192593.703125 ], [ 137603.203125, 192540.5 ], [ 137619.0, 192492.09375 ], [ 137642.796875, 192438.90625 ], [ 137660.296875, 192392.09375 ], [ 137677.59375, 192335.703125 ], [ 137691.796875, 192284.09375 ], [ 137709.09375, 192209.90625 ], [ 137724.796875, 192150.296875 ], [ 137740.59375, 192090.59375 ], [ 137762.703125, 192011.59375 ], [ 137781.703125, 191958.40625 ], [ 137799.0, 191892.296875 ], [ 137808.40625, 191844.0 ], [ 137822.5, 191781.09375 ], [ 137831.90625, 191734.40625 ], [ 137844.40625, 191671.5 ], [ 137852.203125, 191621.59375 ], [ 137858.296875, 191573.296875 ], [ 137862.796875, 191515.296875 ], [ 137869.0, 191457.296875 ], [ 137871.90625, 191412.296875 ], [ 137868.40625, 191359.203125 ], [ 137861.59375, 191294.90625 ], [ 137859.703125, 191240.203125 ], [ 137856.296875, 191195.09375 ], [ 137849.59375, 191151.703125 ], [ 137834.796875, 191095.5 ], [ 137815.296875, 191045.796875 ], [ 137799.0, 191004.0 ], [ 137777.796875, 190959.09375 ], [ 137719.203125, 190839.296875 ], [ 137634.0, 190826.5 ], [ 137606.90625, 190567.59375 ], [ 137384.203125, 190417.90625 ], [ 137140.90625, 190318.09375 ], [ 136903.90625, 190199.0 ], [ 136746.796875, 189986.09375 ], [ 136551.40625, 189813.59375 ], [ 136643.296875, 189566.796875 ], [ 136698.0, 189292.90625 ], [ 136429.59375, 189294.703125 ], [ 136164.703125, 189359.203125 ], [ 135927.703125, 189240.09375 ], [ 135733.703125, 189046.796875 ], [ 135575.0, 188829.0 ], [ 135488.40625, 188583.40625 ], [ 135602.90625, 188349.203125 ], [ 135562.90625, 188087.203125 ], [ 135421.796875, 187870.90625 ], [ 135231.09375, 187682.296875 ], [ 135002.09375, 187551.90625 ], [ 134785.90625, 187398.90625 ], [ 134781.203125, 187133.40625 ], [ 134770.09375, 186866.40625 ], [ 134779.90625, 186604.0 ], [ 134685.296875, 186348.796875 ], [ 134597.0, 186091.90625 ], [ 134555.40625, 185831.5 ], [ 134501.0, 185577.59375 ], [ 134542.90625, 185313.40625 ], [ 134454.796875, 185066.203125 ], [ 134361.796875, 184820.59375 ], [ 134223.90625, 184593.09375 ], [ 134053.90625, 184377.0 ], [ 134249.09375, 184201.796875 ], [ 134497.796875, 184108.40625 ], [ 134762.59375, 184027.796875 ], [ 135033.90625, 183969.59375 ], [ 135277.796875, 183877.90625 ], [ 135484.40625, 184034.203125 ], [ 135600.5, 183798.40625 ], [ 135802.0, 183616.796875 ], [ 136010.09375, 183452.90625 ], [ 136106.796875, 183201.203125 ], [ 136108.59375, 182938.90625 ], [ 136227.90625, 182703.09375 ], [ 136390.703125, 182496.0 ], [ 136463.203125, 182234.90625 ], [ 136450.5, 181964.59375 ], [ 136436.203125, 181697.59375 ], [ 136618.40625, 181512.90625 ], [ 136837.796875, 181350.5 ], [ 136878.203125, 181091.09375 ], [ 136867.09375, 180825.703125 ], [ 136873.59375, 180550.5 ], [ 136868.90625, 180283.40625 ], [ 136872.296875, 180019.40625 ], [ 136874.09375, 179757.09375 ], [ 136795.5, 179501.796875 ], [ 136460.0, 179365.203125 ], [ 136414.296875, 179342.0 ], [ 136343.40625, 179337.40625 ], [ 136272.703125, 179360.09375 ], [ 136195.40625, 179363.59375 ], [ 136116.59375, 179371.90625 ], [ 136036.09375, 179370.5 ], [ 135957.203125, 179365.90625 ], [ 135881.59375, 179372.59375 ], [ 135810.796875, 179382.5 ], [ 135743.203125, 179397.203125 ], [ 135669.203125, 179411.90625 ], [ 135593.59375, 179420.09375 ], [ 135522.796875, 179441.296875 ], [ 135448.796875, 179433.5 ], [ 135373.09375, 179417.59375 ], [ 135303.90625, 179424.296875 ], [ 135236.296875, 179424.5 ], [ 135162.296875, 179439.203125 ], [ 135099.5, 179436.59375 ], [ 135089.90625, 179436.203125 ], [ 135003.0, 179430.0 ], [ 134925.703125, 179410.90625 ], [ 134845.203125, 179383.796875 ], [ 134782.40625, 179358.296875 ], [ 134706.703125, 179374.59375 ], [ 134621.40625, 179365.203125 ], [ 134549.0, 179359.0 ], [ 134483.0, 179333.5 ], [ 134400.90625, 179322.5 ], [ 134336.90625, 179335.0 ], [ 134345.703125, 179524.796875 ], [ 134203.796875, 179755.90625 ], [ 133940.203125, 179748.09375 ], [ 133771.0, 179968.09375 ], [ 133658.703125, 179716.203125 ], [ 133423.09375, 179569.703125 ], [ 133165.703125, 179532.796875 ], [ 132905.203125, 179513.703125 ], [ 132635.0, 179488.203125 ], [ 132491.5, 179714.40625 ], [ 132352.90625, 179945.5 ], [ 132182.09375, 180163.90625 ], [ 132037.0, 180380.5 ], [ 131798.09375, 180494.796875 ], [ 131534.59375, 180523.90625 ], [ 131274.296875, 180546.59375 ], [ 131012.5, 180593.40625 ], [ 130769.296875, 180503.40625 ], [ 130692.296875, 180246.40625 ], [ 130496.796875, 180064.296875 ], [ 130283.703125, 179906.40625 ], [ 130034.0, 179805.09375 ], [ 129773.1015625, 179724.796875 ], [ 129511.0, 179700.90625 ], [ 129270.796875, 179586.59375 ], [ 129073.703125, 179406.09375 ], [ 129029.203125, 179363.40625 ], [ 128972.0, 179323.296875 ], [ 128969.203125, 179323.296875 ], [ 128969.203125, 179320.5 ], [ 128874.796875, 179249.0 ], [ 128809.0, 179203.296875 ], [ 128745.8984375, 179154.90625 ], [ 128724.1015625, 179132.5 ], [ 128667.703125, 179082.796875 ], [ 128606.5, 179041.203125 ], [ 128543.703125, 179017.296875 ], [ 128453.5, 178985.40625 ], [ 128381.0, 178964.703125 ], [ 128313.3984375, 178926.296875 ], [ 128253.703125, 178891.09375 ], [ 128194.1015625, 178849.5 ], [ 128131.296875, 178793.296875 ], [ 128071.6015625, 178745.296875 ], [ 128007.203125, 178705.296875 ], [ 127937.8984375, 178673.296875 ], [ 127873.5, 178652.59375 ], [ 127807.5, 178628.703125 ], [ 127728.6015625, 178599.90625 ], [ 127656.1015625, 178595.296875 ], [ 127582.1015625, 178587.5 ], [ 127511.203125, 178576.5 ], [ 127443.6015625, 178554.203125 ], [ 127369.5, 178520.59375 ], [ 127314.703125, 178466.09375 ], [ 127274.296875, 178406.703125 ], [ 127242.0, 178331.203125 ], [ 127245.1015625, 178263.59375 ], [ 127277.203125, 178194.296875 ], [ 127314.1015625, 178133.09375 ], [ 127333.296875, 178065.5 ], [ 127358.8984375, 177991.40625 ], [ 127384.5, 177925.40625 ], [ 127405.296875, 177861.0 ], [ 127431.0, 177794.90625 ], [ 127467.8984375, 177736.90625 ], [ 127514.3984375, 177682.09375 ], [ 127562.6015625, 177635.296875 ], [ 127620.5, 177594.90625 ], [ 127683.203125, 177564.09375 ], [ 127729.796875, 177515.703125 ], [ 127771.5, 177457.703125 ], [ 127810.1015625, 177402.796875 ], [ 127842.1015625, 177340.0 ], [ 127867.703125, 177261.09375 ], [ 127874.1015625, 177191.90625 ], [ 127878.796875, 177119.5 ], [ 127870.6015625, 177052.0 ], [ 127868.796875, 176981.203125 ], [ 127899.296875, 176920.0 ], [ 127941.0, 176860.296875 ], [ 127981.203125, 176799.09375 ], [ 128018.1015625, 176736.203125 ], [ 128051.796875, 176676.59375 ], [ 128074.203125, 176613.796875 ], [ 128093.3984375, 176534.90625 ], [ 128114.203125, 176470.5 ], [ 128131.703125, 176401.296875 ], [ 128146.1015625, 176332.0 ], [ 128162.1015625, 176261.203125 ], [ 128174.796875, 176188.796875 ], [ 128197.203125, 176111.5 ], [ 128221.203125, 176023.0 ], [ 128235.5, 175950.5 ], [ 128243.3984375, 175881.296875 ], [ 128246.5, 175812.09375 ], [ 128246.3984375, 175739.796875 ], [ 128246.296875, 175664.09375 ], [ 128241.296875, 175591.796875 ], [ 128233.1015625, 175519.40625 ], [ 128223.3984375, 175450.296875 ], [ 128220.0, 175371.40625 ], [ 128216.6015625, 175295.796875 ], [ 128218.1015625, 175226.703125 ], [ 128221.203125, 175157.5 ], [ 128217.8984375, 175086.703125 ], [ 128204.796875, 175007.90625 ], [ 128180.6015625, 174940.5 ], [ 128141.796875, 174868.203125 ], [ 128090.203125, 174818.5 ], [ 128038.6015625, 174759.09375 ], [ 127982.203125, 174707.796875 ], [ 127922.6015625, 174654.90625 ], [ 127853.296875, 174618.09375 ], [ 127769.6015625, 174595.90625 ], [ 127695.5, 174589.703125 ], [ 127611.796875, 174604.40625 ], [ 127545.8984375, 174625.5 ], [ 127480.0, 174675.59375 ], [ 127412.3984375, 174690.296875 ], [ 127340.0, 174682.5 ], [ 127259.5, 174668.203125 ], [ 127170.8984375, 174647.59375 ], [ 127092.1015625, 174636.59375 ], [ 127019.6015625, 174625.5 ], [ 126952.0, 174616.09375 ], [ 126886.0, 174600.203125 ], [ 126812.0, 174610.09375 ], [ 126739.6015625, 174632.796875 ], [ 126660.796875, 174668.5 ], [ 126602.8984375, 174707.296875 ], [ 126546.703125, 174760.5 ], [ 126498.5, 174812.09375 ], [ 126456.796875, 174873.40625 ], [ 126411.796875, 174926.59375 ], [ 126354.0, 175005.59375 ], [ 126307.5, 175068.5 ], [ 126262.5, 175129.796875 ], [ 126227.203125, 175191.0 ], [ 126191.8984375, 175253.90625 ], [ 126143.796875, 175334.40625 ], [ 126089.203125, 175423.09375 ], [ 126041.1015625, 175486.0 ], [ 125996.1015625, 175550.5 ], [ 125954.3984375, 175610.09375 ], [ 125911.0, 175664.90625 ], [ 125880.6015625, 175726.203125 ], [ 125858.203125, 175800.203125 ], [ 125839.0, 175883.90625 ], [ 125815.0, 175972.5 ], [ 125810.296875, 176049.703125 ], [ 125810.5, 176138.203125 ], [ 125821.8984375, 176207.296875 ], [ 125826.796875, 176276.5 ], [ 125806.0, 176345.703125 ], [ 125777.203125, 176418.203125 ], [ 125732.296875, 176492.296875 ], [ 125688.8984375, 176553.59375 ], [ 125639.203125, 176619.703125 ], [ 125597.3984375, 176674.5 ], [ 125554.1015625, 176726.203125 ], [ 125505.8984375, 176784.203125 ], [ 125496.3984375, 176859.796875 ], [ 125520.703125, 176957.90625 ], [ 125519.203125, 177025.5 ], [ 125472.6015625, 177077.09375 ], [ 125403.5, 177154.5 ], [ 125360.203125, 177211.0 ], [ 125328.1015625, 177277.0 ], [ 125318.6015625, 177352.59375 ], [ 125339.703125, 177426.59375 ], [ 125354.296875, 177492.5 ], [ 125381.796875, 177558.40625 ], [ 125406.0, 177633.90625 ], [ 125414.203125, 177701.40625 ], [ 125415.8984375, 177773.796875 ], [ 125425.703125, 177855.796875 ], [ 125422.703125, 177929.796875 ], [ 125380.8984375, 177986.296875 ], [ 125329.5, 178039.5 ], [ 125294.203125, 178100.796875 ], [ 125297.6015625, 178176.296875 ], [ 125294.5, 178258.40625 ], [ 125247.8984375, 178308.40625 ], [ 125188.5, 178360.09375 ], [ 125120.8984375, 178384.40625 ], [ 125037.296875, 178394.296875 ], [ 124969.703125, 178401.0 ], [ 124905.296875, 178425.296875 ], [ 124844.203125, 178462.5 ], [ 124789.6015625, 178502.90625 ], [ 124741.3984375, 178559.296875 ], [ 124715.796875, 178631.796875 ], [ 124701.3984375, 178699.40625 ], [ 124674.203125, 178765.40625 ], [ 124655.8984375, 178804.40625 ], [ 124663.5, 178831.5 ], [ 124666.0, 178912.0 ], [ 124673.203125, 179003.703125 ], [ 124682.1015625, 179087.5 ], [ 124658.8984375, 179172.59375 ], [ 124635.703125, 179249.703125 ], [ 124628.5, 179336.5 ], [ 124581.1015625, 179423.0 ], [ 124564.5, 179450.09375 ], [ 124533.3984375, 179463.296875 ], [ 124528.5, 179466.5 ], [ 124525.203125, 179472.90625 ], [ 124522.0, 179476.09375 ], [ 124518.703125, 179479.296875 ], [ 124515.5, 179482.5 ], [ 124510.6015625, 179487.296875 ], [ 124509.0, 179490.5 ], [ 124504.1015625, 179495.296875 ], [ 124499.296875, 179500.0 ], [ 124496.0, 179501.59375 ], [ 124491.203125, 179503.203125 ], [ 124488.0, 179504.796875 ], [ 124486.296875, 179508.0 ], [ 124481.5, 179507.90625 ], [ 124479.8984375, 179511.09375 ], [ 124475.0, 179514.296875 ], [ 124471.796875, 179517.5 ], [ 124468.6015625, 179519.09375 ], [ 124465.296875, 179520.703125 ], [ 124462.1015625, 179522.296875 ], [ 124458.8984375, 179523.796875 ], [ 124454.0, 179528.59375 ], [ 124450.796875, 179530.203125 ], [ 124449.1015625, 179533.40625 ], [ 124444.296875, 179533.40625 ], [ 124441.1015625, 179538.203125 ], [ 124437.8984375, 179538.09375 ], [ 124434.6015625, 179539.703125 ], [ 124431.3984375, 179539.703125 ], [ 124425.0, 179542.90625 ], [ 124421.703125, 179544.5 ], [ 124418.5, 179546.0 ], [ 124415.296875, 179547.59375 ], [ 124412.1015625, 179547.59375 ], [ 124408.796875, 179549.203125 ], [ 124405.6015625, 179547.5 ], [ 124400.796875, 179549.09375 ], [ 124396.0, 179549.09375 ], [ 124391.1015625, 179549.0 ], [ 124384.703125, 179549.0 ], [ 124373.5, 179548.90625 ], [ 124368.6015625, 179548.90625 ], [ 124363.796875, 179548.796875 ], [ 124360.6015625, 179548.796875 ], [ 124357.3984375, 179547.203125 ], [ 124351.0, 179543.90625 ], [ 124346.203125, 179543.90625 ], [ 124341.3984375, 179542.203125 ], [ 124338.203125, 179539.0 ], [ 124335.0, 179539.0 ], [ 124330.203125, 179537.296875 ], [ 124323.796875, 179535.703125 ], [ 124318.8984375, 179534.0 ], [ 124314.1015625, 179530.796875 ], [ 124310.8984375, 179529.09375 ], [ 124306.203125, 179524.296875 ], [ 124299.796875, 179519.40625 ], [ 124293.3984375, 179516.09375 ], [ 124290.203125, 179514.5 ], [ 124285.3984375, 179511.296875 ], [ 124283.796875, 179508.0 ], [ 124280.6015625, 179506.40625 ], [ 124275.796875, 179506.40625 ], [ 124271.0, 179503.09375 ], [ 124266.203125, 179499.796875 ], [ 124261.3984375, 179498.203125 ], [ 124256.6015625, 179495.0 ], [ 124250.203125, 179493.296875 ], [ 124243.796875, 179488.40625 ], [ 124240.6015625, 179486.796875 ], [ 124234.203125, 179483.5 ], [ 124229.3984375, 179480.296875 ], [ 124226.203125, 179478.59375 ], [ 124223.0, 179477.0 ], [ 124219.796875, 179473.796875 ], [ 124216.6015625, 179472.09375 ], [ 124213.3984375, 179470.5 ], [ 124210.203125, 179470.5 ], [ 124207.0, 179468.796875 ], [ 124202.203125, 179468.796875 ], [ 124199.0, 179467.203125 ], [ 124192.5, 179465.5 ], [ 124189.296875, 179465.5 ], [ 124184.5, 179465.5 ], [ 124179.703125, 179462.203125 ], [ 124174.8984375, 179460.59375 ], [ 124171.703125, 179460.5 ], [ 124168.5, 179460.5 ], [ 124165.296875, 179460.5 ], [ 124162.0, 179460.5 ], [ 124155.6015625, 179460.40625 ], [ 124149.203125, 179458.796875 ], [ 124146.0, 179458.703125 ], [ 124139.5, 179460.296875 ], [ 124136.296875, 179460.296875 ], [ 124131.5, 179458.59375 ], [ 124126.703125, 179460.203125 ], [ 124121.8984375, 179460.203125 ], [ 124117.0, 179458.5 ], [ 124112.203125, 179456.90625 ], [ 124107.3984375, 179456.796875 ], [ 124102.6015625, 179458.40625 ], [ 124096.1015625, 179458.296875 ], [ 124091.296875, 179456.703125 ], [ 124084.8984375, 179458.296875 ], [ 124078.5, 179455.0 ], [ 124075.296875, 179456.59375 ], [ 124072.1015625, 179456.59375 ], [ 124068.8984375, 179454.90625 ], [ 124065.703125, 179453.296875 ], [ 124062.3984375, 179453.296875 ], [ 124054.3984375, 179453.203125 ], [ 124051.203125, 179453.203125 ], [ 124048.0, 179454.796875 ], [ 124043.1015625, 179454.703125 ], [ 124039.8984375, 179454.703125 ], [ 124036.703125, 179456.296875 ], [ 124031.8984375, 179456.296875 ], [ 124028.6015625, 179459.40625 ], [ 124023.796875, 179459.40625 ], [ 124020.6015625, 179459.40625 ], [ 124015.796875, 179460.90625 ], [ 124012.5, 179464.09375 ], [ 124009.296875, 179465.703125 ], [ 124006.0, 179470.5 ], [ 124001.203125, 179470.5 ], [ 123998.0, 179473.703125 ], [ 123993.1015625, 179476.796875 ], [ 123989.8984375, 179480.0 ], [ 123986.703125, 179480.0 ], [ 123983.3984375, 179484.796875 ], [ 123980.203125, 179488.0 ], [ 123976.8984375, 179491.203125 ], [ 123973.703125, 179492.796875 ], [ 123972.0, 179497.59375 ], [ 123967.203125, 179499.09375 ], [ 123965.6015625, 179502.296875 ], [ 123963.8984375, 179505.5 ], [ 123960.703125, 179510.296875 ], [ 123959.0, 179515.203125 ], [ 123957.3984375, 179518.40625 ], [ 123952.5, 179524.796875 ], [ 123950.8984375, 179528.0 ], [ 123950.796875, 179532.796875 ], [ 123949.203125, 179536.0 ], [ 123947.6015625, 179539.203125 ], [ 123944.296875, 179542.40625 ], [ 123941.1015625, 179547.203125 ], [ 123939.3984375, 179550.40625 ], [ 123936.203125, 179553.59375 ], [ 123934.5, 179556.796875 ], [ 123932.8984375, 179560.0 ], [ 123929.703125, 179559.90625 ], [ 123926.5, 179563.09375 ], [ 123924.796875, 179566.296875 ], [ 123921.6015625, 179569.5 ], [ 123918.296875, 179571.09375 ], [ 123916.703125, 179574.296875 ], [ 123913.5, 179575.90625 ], [ 123911.796875, 179579.09375 ], [ 123908.6015625, 179582.296875 ], [ 123903.796875, 179585.5 ], [ 123902.1015625, 179588.703125 ], [ 123897.296875, 179591.796875 ], [ 123894.0, 179595.0 ], [ 123890.796875, 179598.203125 ], [ 123885.8984375, 179601.40625 ], [ 123881.1015625, 179603.0 ], [ 123877.8984375, 179604.5 ], [ 123874.6015625, 179606.09375 ], [ 123869.796875, 179609.296875 ], [ 123866.6015625, 179610.90625 ], [ 123863.296875, 179612.5 ], [ 123860.1015625, 179614.0 ], [ 123856.8984375, 179617.203125 ], [ 123853.6015625, 179617.203125 ], [ 123848.796875, 179620.40625 ], [ 123844.0, 179622.0 ], [ 123839.1015625, 179623.5 ], [ 123834.296875, 179623.5 ], [ 123829.5, 179626.703125 ], [ 123821.3984375, 179631.40625 ], [ 123816.5, 179633.0 ], [ 123813.296875, 179633.0 ], [ 123810.1015625, 179634.59375 ], [ 123805.203125, 179637.703125 ], [ 123798.796875, 179639.296875 ], [ 123795.6015625, 179637.703125 ], [ 123792.3984375, 179640.796875 ], [ 123785.8984375, 179645.59375 ], [ 123781.0, 179647.203125 ], [ 123776.203125, 179652.0 ], [ 123773.0, 179653.59375 ], [ 123766.5, 179656.703125 ], [ 123763.203125, 179663.09375 ], [ 123758.3984375, 179664.703125 ], [ 123755.1015625, 179669.5 ], [ 123750.296875, 179672.703125 ], [ 123745.3984375, 179675.796875 ], [ 123739.0, 179680.59375 ], [ 123730.8984375, 179685.40625 ], [ 123724.3984375, 179688.5 ], [ 123721.203125, 179690.09375 ], [ 123718.0, 179691.703125 ], [ 123714.703125, 179694.90625 ], [ 123708.296875, 179699.703125 ], [ 123703.3984375, 179701.296875 ], [ 123698.6015625, 179704.40625 ], [ 123692.1015625, 179709.203125 ], [ 123685.6015625, 179712.40625 ], [ 123677.6015625, 179715.5 ], [ 123674.296875, 179717.09375 ], [ 123669.5, 179718.703125 ], [ 123667.8984375, 179721.90625 ], [ 123664.6015625, 179725.0 ], [ 123659.796875, 179728.203125 ], [ 123654.8984375, 179731.40625 ], [ 123650.1015625, 179734.59375 ], [ 123645.203125, 179739.40625 ], [ 123642.0, 179742.59375 ], [ 123638.796875, 179742.5 ], [ 123632.296875, 179745.703125 ], [ 123624.296875, 179747.296875 ], [ 123616.203125, 179747.203125 ], [ 123608.203125, 179747.09375 ], [ 123600.1015625, 179748.703125 ], [ 123593.703125, 179750.203125 ], [ 123587.203125, 179751.796875 ], [ 123582.3984375, 179750.09375 ], [ 123579.203125, 179751.703125 ], [ 123571.203125, 179751.703125 ], [ 123566.296875, 179753.203125 ], [ 123561.5, 179751.59375 ], [ 123553.5, 179753.09375 ], [ 123550.296875, 179753.09375 ], [ 123545.3984375, 179753.09375 ], [ 123540.6015625, 179751.40625 ], [ 123537.3984375, 179753.0 ], [ 123534.203125, 179751.40625 ], [ 123529.3984375, 179751.296875 ], [ 123524.5, 179751.296875 ], [ 123518.1015625, 179749.59375 ], [ 123510.1015625, 179748.0 ], [ 123505.296875, 179746.296875 ], [ 123502.1015625, 179746.296875 ], [ 123497.296875, 179746.296875 ], [ 123489.203125, 179744.59375 ], [ 123481.203125, 179742.90625 ], [ 123478.0, 179741.296875 ], [ 123473.203125, 179741.296875 ], [ 123468.3984375, 179738.0 ], [ 123465.203125, 179738.0 ], [ 123460.3984375, 179736.296875 ], [ 123454.0, 179734.703125 ], [ 123450.796875, 179734.703125 ], [ 123445.8984375, 179734.59375 ], [ 123441.1015625, 179731.40625 ], [ 123436.296875, 179731.296875 ], [ 123431.5, 179729.703125 ], [ 123428.296875, 179729.703125 ], [ 123420.296875, 179729.59375 ], [ 123417.0, 179728.0 ], [ 123413.796875, 179727.90625 ], [ 123410.6015625, 179727.90625 ], [ 123404.203125, 179727.90625 ], [ 123396.203125, 179726.203125 ], [ 123389.796875, 179724.5 ], [ 123383.3984375, 179721.296875 ], [ 123378.5, 179721.203125 ], [ 123373.796875, 179716.40625 ], [ 123367.296875, 179714.703125 ], [ 123362.5, 179713.09375 ], [ 123354.5, 179709.796875 ], [ 123348.1015625, 179706.5 ], [ 123343.296875, 179704.90625 ], [ 123336.8984375, 179703.203125 ], [ 123330.5, 179701.59375 ], [ 123325.703125, 179698.296875 ], [ 123322.5, 179695.09375 ], [ 123317.703125, 179695.0 ], [ 123314.5, 179695.0 ], [ 123309.6015625, 179693.40625 ], [ 123301.6015625, 179691.703125 ], [ 123298.3984375, 179691.703125 ], [ 123293.6015625, 179690.0 ], [ 123290.3984375, 179690.0 ], [ 123287.203125, 179686.796875 ], [ 123282.3984375, 179686.703125 ], [ 123279.203125, 179686.703125 ], [ 123274.3984375, 179685.09375 ], [ 123271.203125, 179681.796875 ], [ 123266.3984375, 179678.59375 ], [ 123261.6015625, 179676.90625 ], [ 123258.3984375, 179675.296875 ], [ 123255.203125, 179673.703125 ], [ 123251.8984375, 179673.59375 ], [ 123248.796875, 179670.40625 ], [ 123247.203125, 179667.203125 ], [ 123242.3984375, 179665.5 ], [ 123239.203125, 179662.296875 ], [ 123232.796875, 179657.40625 ], [ 123226.3984375, 179654.203125 ], [ 123221.6015625, 179650.90625 ], [ 123216.796875, 179649.296875 ], [ 123210.3984375, 179644.40625 ], [ 123204.0, 179644.296875 ], [ 123199.203125, 179641.09375 ], [ 123194.3984375, 179639.40625 ], [ 123189.6015625, 179639.40625 ], [ 123184.703125, 179639.40625 ], [ 123175.1015625, 179636.09375 ], [ 123168.703125, 179634.40625 ], [ 123162.296875, 179631.203125 ], [ 123159.1015625, 179631.09375 ], [ 123152.703125, 179629.5 ], [ 123146.296875, 179624.59375 ], [ 123138.296875, 179622.90625 ], [ 123133.3984375, 179621.296875 ], [ 123125.3984375, 179618.0 ], [ 123117.3984375, 179613.09375 ], [ 123109.5, 179606.59375 ], [ 123099.8984375, 179601.796875 ], [ 123096.703125, 179596.90625 ], [ 123091.8984375, 179595.296875 ], [ 123085.5, 179590.40625 ], [ 123080.703125, 179587.09375 ], [ 123075.8984375, 179583.90625 ], [ 123069.5, 179580.59375 ], [ 123066.296875, 179577.40625 ], [ 123059.8984375, 179572.5 ], [ 123056.703125, 179570.90625 ], [ 123050.296875, 179566.0 ], [ 123045.5, 179566.0 ], [ 123039.1015625, 179562.703125 ], [ 123034.296875, 179557.796875 ], [ 123026.296875, 179554.59375 ], [ 123019.8984375, 179551.296875 ], [ 123016.703125, 179548.09375 ], [ 123013.5, 179548.0 ], [ 123007.1015625, 179544.796875 ], [ 123002.296875, 179539.90625 ], [ 122995.8984375, 179539.90625 ], [ 122991.1015625, 179536.59375 ], [ 122987.8984375, 179535.0 ], [ 122981.5, 179533.296875 ], [ 122976.703125, 179530.09375 ], [ 122971.8984375, 179528.40625 ], [ 122965.5, 179525.203125 ], [ 122959.1015625, 179521.90625 ], [ 122949.5, 179518.59375 ], [ 122946.296875, 179517.0 ], [ 122939.8984375, 179513.703125 ], [ 122922.796875, 179472.203125 ], [ 122893.796875, 179438.5 ], [ 122851.8984375, 179380.796875 ], [ 122816.296875, 179319.703125 ], [ 122785.6015625, 179257.09375 ], [ 122734.1015625, 179209.0 ], [ 122693.703125, 179143.203125 ], [ 122680.703125, 179075.59375 ], [ 122685.3984375, 179008.09375 ], [ 122694.8984375, 178924.40625 ], [ 122675.5, 178858.5 ], [ 122644.796875, 178799.09375 ], [ 122602.796875, 178733.203125 ], [ 122556.1015625, 178683.5 ], [ 122507.703125, 178633.796875 ], [ 122452.8984375, 178588.90625 ], [ 122412.5, 178529.5 ], [ 122391.5, 178458.796875 ], [ 122383.296875, 178376.796875 ], [ 122368.703125, 178301.203125 ], [ 122354.1015625, 178227.296875 ], [ 122336.203125, 178156.59375 ], [ 122308.796875, 178095.5 ], [ 122260.3984375, 178049.0 ], [ 122218.3984375, 177991.203125 ], [ 122187.703125, 177917.296875 ], [ 122155.3984375, 177838.59375 ], [ 122119.8984375, 177779.203125 ], [ 122069.8984375, 177726.296875 ], [ 122005.3984375, 177670.203125 ], [ 121968.296875, 177607.5 ], [ 121997.1015625, 177535.09375 ], [ 122019.5, 177461.0 ], [ 122012.8984375, 177387.0 ], [ 121958.1015625, 177338.90625 ], [ 121884.0, 177303.796875 ], [ 121811.6015625, 177313.59375 ], [ 121750.5, 177342.796875 ], [ 121697.5, 177394.40625 ], [ 121649.1015625, 177346.296875 ], [ 121673.203125, 177281.90625 ], [ 121700.3984375, 177220.703125 ], [ 121726.0, 177148.203125 ], [ 121713.0, 177082.296875 ], [ 121701.703125, 177014.796875 ], [ 121661.296875, 176960.203125 ], [ 121595.296875, 176929.796875 ], [ 121529.296875, 176902.703125 ], [ 121468.0, 176867.5 ], [ 121419.6015625, 176813.0 ], [ 121366.5, 176772.90625 ], [ 121303.6015625, 176750.59375 ], [ 121228.0, 176741.203125 ], [ 121155.6015625, 176751.0 ], [ 121075.1015625, 176765.796875 ], [ 121002.796875, 176788.5 ], [ 120930.3984375, 176814.5 ], [ 120864.5, 176842.0 ], [ 120796.8984375, 176872.796875 ], [ 120737.3984375, 176910.0 ], [ 120682.796875, 176961.59375 ], [ 120618.5, 176990.796875 ], [ 120559.0, 177029.59375 ], [ 120509.203125, 177082.796875 ], [ 120464.203125, 177137.59375 ], [ 120408.0, 177184.5 ], [ 120342.1015625, 177234.5 ], [ 120273.0, 177266.90625 ], [ 120199.0, 177281.59375 ], [ 120128.1015625, 177280.203125 ], [ 120060.5, 177274.0 ], [ 119988.1015625, 177282.296875 ], [ 119920.6015625, 177305.0 ], [ 119851.3984375, 177342.203125 ], [ 119796.796875, 177393.90625 ], [ 119742.203125, 177458.40625 ], [ 119703.703125, 177526.09375 ], [ 119658.796875, 177592.203125 ], [ 119597.703125, 177635.796875 ], [ 119531.703125, 177660.09375 ], [ 119462.6015625, 177678.0 ], [ 119398.203125, 177704.0 ], [ 119342.0, 177754.0 ], [ 119306.703125, 177818.5 ], [ 119289.1015625, 177886.09375 ], [ 119273.203125, 177963.296875 ], [ 119263.703125, 178039.0 ], [ 119267.0, 178106.5 ], [ 119254.296875, 178175.796875 ], [ 119215.703125, 178232.203125 ], [ 119175.6015625, 178295.0 ], [ 119108.0, 178288.796875 ], [ 119035.6015625, 178279.40625 ], [ 118955.1015625, 178273.203125 ], [ 118874.6015625, 178294.40625 ], [ 118818.3984375, 178344.40625 ], [ 118765.3984375, 178402.5 ], [ 118718.796875, 178450.90625 ], [ 118662.6015625, 178494.5 ], [ 118599.796875, 178520.40625 ], [ 118525.796875, 178515.796875 ], [ 118494.1015625, 178491.296875 ], [ 118467.796875, 178471.0 ], [ 118438.703125, 178406.703125 ], [ 118430.5, 178327.90625 ], [ 118461.0, 178265.09375 ], [ 118464.1015625, 178189.5 ], [ 118422.1015625, 178128.5 ], [ 118381.796875, 178072.296875 ], [ 118317.296875, 178043.5 ], [ 118244.8984375, 178027.703125 ], [ 118177.203125, 177987.703125 ], [ 118141.703125, 177921.796875 ], [ 118144.796875, 177847.796875 ], [ 118152.703125, 177775.40625 ], [ 118133.296875, 177709.5 ], [ 118115.3984375, 177640.40625 ], [ 118100.796875, 177568.0 ], [ 118086.203125, 177500.5 ], [ 118060.296875, 177436.296875 ], [ 117997.5, 177396.203125 ], [ 117926.6015625, 177362.703125 ], [ 117854.1015625, 177332.296875 ], [ 117792.8984375, 177298.703125 ], [ 117726.8984375, 177257.09375 ], [ 117662.3984375, 177217.09375 ], [ 117606.0, 177156.09375 ], [ 117564.0, 177103.203125 ], [ 117509.203125, 177031.0 ], [ 117481.703125, 176968.296875 ], [ 117454.203125, 176883.09375 ], [ 117388.1015625, 176844.703125 ], [ 117318.8984375, 176806.296875 ], [ 117257.6015625, 176769.5 ], [ 117191.6015625, 176724.703125 ], [ 117123.8984375, 176699.203125 ], [ 117059.5, 176668.796875 ], [ 116988.6015625, 176630.40625 ], [ 116912.8984375, 176587.203125 ], [ 116846.796875, 176550.40625 ], [ 116777.6015625, 176518.5 ], [ 116708.296875, 176481.703125 ], [ 116627.796875, 176446.5 ], [ 116558.5, 176427.40625 ], [ 116479.6015625, 176411.59375 ], [ 116408.796875, 176402.203125 ], [ 116326.703125, 176399.203125 ], [ 116257.6015625, 176426.796875 ], [ 116193.203125, 176454.296875 ], [ 116125.703125, 176464.203125 ], [ 116061.296875, 176445.09375 ], [ 116016.1015625, 176393.703125 ], [ 116043.296875, 176330.90625 ], [ 116091.5, 176284.09375 ], [ 116154.296875, 176258.203125 ], [ 116220.203125, 176238.703125 ], [ 116282.8984375, 176204.703125 ], [ 116315.0, 176138.59375 ], [ 116289.1015625, 176076.0 ], [ 116224.703125, 176039.203125 ], [ 116158.6015625, 176013.59375 ], [ 116094.203125, 175989.703125 ], [ 116020.1015625, 175957.796875 ], [ 115960.5, 175925.796875 ], [ 115900.8984375, 175895.40625 ], [ 115842.8984375, 175848.90625 ], [ 115786.5, 175800.796875 ], [ 115734.8984375, 175747.90625 ], [ 115697.796875, 175678.90625 ], [ 115673.5, 175603.296875 ], [ 115650.796875, 175534.203125 ], [ 115626.5, 175461.90625 ], [ 115579.796875, 175410.59375 ], [ 115512.1015625, 175367.40625 ], [ 115444.5, 175346.703125 ], [ 115370.3984375, 175329.203125 ], [ 115304.3984375, 175342.296875 ], [ 115241.703125, 175365.0 ], [ 115179.0, 175400.59375 ], [ 115113.1015625, 175441.0 ], [ 115053.5, 175405.796875 ], [ 115022.796875, 175343.09375 ], [ 114992.1015625, 175270.796875 ], [ 114959.796875, 175206.59375 ], [ 114951.6015625, 175134.203125 ], [ 114964.3984375, 175065.0 ], [ 114998.0, 175003.796875 ], [ 115034.8984375, 174944.09375 ], [ 115070.203125, 174879.703125 ], [ 115058.8984375, 174813.796875 ], [ 115016.8984375, 174743.09375 ], [ 114983.0, 174685.296875 ], [ 114929.796875, 174638.796875 ], [ 114863.703125, 174613.296875 ], [ 114796.1015625, 174589.40625 ], [ 114726.8984375, 174575.09375 ], [ 114654.5, 174573.703125 ], [ 114575.6015625, 174577.203125 ], [ 114503.203125, 174587.09375 ], [ 114421.1015625, 174584.09375 ], [ 114339.0, 174587.59375 ], [ 114268.203125, 174592.59375 ], [ 114200.6015625, 174584.796875 ], [ 114145.796875, 174536.703125 ], [ 114099.0, 174472.5 ], [ 114060.296875, 174403.40625 ], [ 114015.1015625, 174345.703125 ], [ 113953.8984375, 174305.59375 ], [ 113892.703125, 174273.703125 ], [ 113821.796875, 174228.796875 ], [ 113757.296875, 174198.5 ], [ 113686.5, 174172.90625 ], [ 113618.796875, 174141.0 ], [ 113559.203125, 174099.296875 ], [ 113499.5, 174046.40625 ], [ 113439.8984375, 173991.90625 ], [ 113394.703125, 173930.90625 ], [ 113364.0, 173855.40625 ], [ 113331.703125, 173796.0 ], [ 113278.5, 173746.296875 ], [ 113218.8984375, 173703.0 ], [ 113156.1015625, 173674.296875 ], [ 113085.203125, 173655.203125 ], [ 113017.6015625, 173658.59375 ], [ 112946.8984375, 173684.59375 ], [ 112874.5, 173704.09375 ], [ 112802.0, 173701.09375 ], [ 112732.796875, 173678.796875 ], [ 112670.0, 173651.703125 ], [ 112610.3984375, 173618.09375 ], [ 112550.703125, 173571.59375 ], [ 112492.703125, 173530.0 ], [ 112442.703125, 173478.59375 ], [ 112404.0, 173417.59375 ], [ 112357.203125, 173353.40625 ], [ 112316.8984375, 173295.59375 ], [ 112254.1015625, 173263.703125 ], [ 112188.0, 173244.59375 ], [ 112117.203125, 173230.296875 ], [ 112043.1015625, 173224.09375 ], [ 111965.8984375, 173230.796875 ], [ 111895.1015625, 173247.09375 ], [ 111826.0, 173276.296875 ], [ 111761.703125, 173324.703125 ], [ 111707.0, 173368.296875 ], [ 111641.1015625, 173408.703125 ], [ 111568.796875, 173434.703125 ], [ 111498.0, 173457.40625 ], [ 111425.6015625, 173472.09375 ], [ 111350.0, 173485.203125 ], [ 111276.0, 173496.703125 ], [ 111225.3984375, 173507.59375 ], [ 111200.296875, 173513.0 ], [ 111131.203125, 173522.90625 ], [ 111063.6015625, 173528.0 ], [ 110983.1015625, 173525.0 ], [ 110912.203125, 173502.703125 ], [ 110846.203125, 173488.40625 ], [ 110772.203125, 173472.5 ], [ 110698.1015625, 173450.296875 ], [ 110635.296875, 173413.5 ], [ 110570.796875, 173376.703125 ], [ 110501.6015625, 173352.703125 ], [ 110432.296875, 173325.59375 ], [ 110361.3984375, 173292.0 ], [ 110277.703125, 173268.203125 ], [ 110192.3984375, 173255.59375 ], [ 110119.8984375, 173246.09375 ], [ 110047.5, 173236.703125 ], [ 109967.0, 173240.203125 ], [ 109891.3984375, 173256.5 ], [ 109825.5, 173280.796875 ], [ 109756.296875, 173311.59375 ], [ 109695.296875, 173360.09375 ], [ 109632.5, 173386.0 ], [ 109561.796875, 173402.296875 ], [ 109489.3984375, 173426.703125 ], [ 109418.6015625, 173459.0 ], [ 109359.203125, 173499.40625 ], [ 109304.5, 173546.296875 ], [ 109256.296875, 173599.5 ], [ 109204.8984375, 173654.40625 ], [ 109153.5, 173707.59375 ], [ 109098.8984375, 173733.5 ], [ 109087.6015625, 173735.09375 ], [ 109034.3984375, 173695.09375 ], [ 109018.203125, 173627.59375 ], [ 108997.1015625, 173558.5 ], [ 108974.5, 173492.59375 ], [ 108953.3984375, 173407.40625 ], [ 108938.796875, 173335.0 ], [ 108917.796875, 173264.296875 ], [ 108898.296875, 173198.40625 ], [ 108877.296875, 173126.09375 ], [ 108857.796875, 173044.09375 ], [ 108833.5, 172971.796875 ], [ 108820.5, 172902.703125 ], [ 108810.796875, 172833.5 ], [ 108801.0, 172767.59375 ], [ 108794.3984375, 172692.0 ], [ 108783.0, 172613.296875 ], [ 108768.3984375, 172531.296875 ], [ 108758.6015625, 172460.5 ], [ 108755.203125, 172388.09375 ], [ 108708.3984375, 172333.59375 ], [ 108653.6015625, 172272.59375 ], [ 108595.6015625, 172229.40625 ], [ 108521.5, 172194.203125 ], [ 108511.703125, 172191.5 ], [ 108431.296875, 172178.40625 ], [ 108363.703125, 172157.703125 ], [ 108286.3984375, 172149.90625 ], [ 108212.3984375, 172150.09375 ], [ 108141.5, 172121.40625 ], [ 108070.703125, 172120.0 ], [ 107987.0, 172120.296875 ], [ 107919.3984375, 172114.0 ], [ 107840.6015625, 172119.09375 ], [ 107828.6015625, 172118.59375 ], [ 107769.796875, 172116.09375 ], [ 107697.296875, 172109.90625 ], [ 107640.8984375, 172069.796875 ], [ 107574.8984375, 172060.40625 ], [ 107507.296875, 172054.203125 ], [ 107434.8984375, 172052.796875 ], [ 107365.703125, 172062.59375 ], [ 107299.703125, 172075.703125 ], [ 107229.0, 172093.59375 ], [ 107153.296875, 172081.0 ], [ 107082.5, 172065.09375 ], [ 107010.0, 172073.40625 ], [ 106932.796875, 172075.296875 ], [ 106842.6015625, 172061.0 ], [ 106776.6015625, 172050.0 ], [ 106707.3984375, 172042.203125 ], [ 106631.796875, 172039.203125 ], [ 106549.703125, 172041.0 ], [ 106474.1015625, 172055.796875 ], [ 106404.8984375, 172065.59375 ], [ 106330.8984375, 172088.40625 ], [ 106263.3984375, 172122.40625 ], [ 106197.3984375, 172151.5 ], [ 106129.8984375, 172166.203125 ], [ 106065.5, 172188.90625 ], [ 105998.0, 172203.59375 ], [ 105915.8984375, 172187.796875 ], [ 105849.8984375, 172178.296875 ], [ 105769.3984375, 172186.59375 ], [ 105698.6015625, 172196.5 ], [ 105624.6015625, 172217.59375 ], [ 105558.703125, 172256.5 ], [ 105504.0, 172296.796875 ], [ 105449.3984375, 172345.296875 ], [ 105401.203125, 172404.90625 ], [ 105357.8984375, 172456.5 ], [ 105352.1015625, 172465.5 ], [ 105316.203125, 172521.0 ], [ 105301.796875, 172588.59375 ], [ 105340.5, 172652.90625 ], [ 105352.296875, 172660.90625 ], [ 105396.8984375, 172691.296875 ], [ 105463.0, 172720.0 ], [ 105532.203125, 172739.09375 ], [ 105590.203125, 172779.203125 ], [ 105619.296875, 172841.796875 ], [ 105613.0, 172917.5 ], [ 105589.0, 172980.296875 ], [ 105555.296875, 173052.796875 ], [ 105529.703125, 173120.40625 ], [ 105504.1015625, 173194.5 ], [ 105472.0, 173262.09375 ], [ 105438.296875, 173325.0 ], [ 105431.6015625, 173332.203125 ], [ 105366.0, 173360.59375 ], [ 105353.1015625, 173369.40625 ], [ 105264.703125, 173430.09375 ], [ 105176.296875, 173501.09375 ], [ 105133.0, 173568.796875 ], [ 105104.1015625, 173630.0 ], [ 105064.0, 173694.5 ], [ 105022.296875, 173752.59375 ], [ 104982.1015625, 173809.0 ], [ 104930.703125, 173870.296875 ], [ 104874.5, 173930.0 ], [ 104821.5, 173973.59375 ], [ 104766.796875, 174014.0 ], [ 104710.6015625, 174054.296875 ], [ 104652.703125, 174091.5 ], [ 104585.203125, 174119.09375 ], [ 104522.3984375, 174143.40625 ], [ 104438.796875, 174179.0 ], [ 104371.296875, 174205.0 ], [ 104290.8984375, 174235.796875 ], [ 104215.296875, 174266.59375 ], [ 104144.5, 174297.40625 ], [ 104085.0, 174329.796875 ], [ 104014.296875, 174367.0 ], [ 103958.0, 174402.5 ], [ 103905.0, 174442.90625 ], [ 103853.6015625, 174491.296875 ], [ 103803.796875, 174547.796875 ], [ 103774.296875, 174589.296875 ], [ 103763.6015625, 174604.203125 ], [ 103705.796875, 174647.796875 ], [ 103644.703125, 174686.59375 ], [ 103570.703125, 174720.59375 ], [ 103503.203125, 174748.203125 ], [ 103437.296875, 174785.40625 ], [ 103376.203125, 174821.0 ], [ 103313.5, 174859.796875 ], [ 103250.796875, 174900.203125 ], [ 103181.703125, 174943.796875 ], [ 103115.703125, 174982.703125 ], [ 103056.296875, 175015.0 ], [ 102991.8984375, 175047.40625 ], [ 102926.0, 175076.5 ], [ 102848.796875, 175112.203125 ], [ 102787.703125, 175141.296875 ], [ 102720.203125, 175170.5 ], [ 102652.6015625, 175198.0 ], [ 102577.0, 175228.796875 ], [ 102512.703125, 175250.0 ], [ 102446.703125, 175263.0 ], [ 102371.1015625, 175253.59375 ], [ 102300.296875, 175242.59375 ], [ 102227.796875, 175226.703125 ], [ 102160.203125, 175215.703125 ], [ 102095.703125, 175183.703125 ], [ 102026.5, 175154.90625 ], [ 101960.3984375, 175123.0 ], [ 101920.1015625, 175070.0 ], [ 101887.796875, 175002.5 ], [ 101871.6015625, 174923.796875 ], [ 101874.703125, 174856.203125 ], [ 101887.3984375, 174785.40625 ], [ 101919.5, 174717.703125 ], [ 101959.6015625, 174648.40625 ], [ 101998.1015625, 174588.796875 ], [ 102049.5, 174542.0 ], [ 102112.203125, 174506.40625 ], [ 102168.5, 174466.0 ], [ 102234.3984375, 174412.703125 ], [ 102295.3984375, 174367.5 ], [ 102348.5, 174323.90625 ], [ 102396.703125, 174272.203125 ], [ 102430.296875, 174206.203125 ], [ 102449.5, 174135.296875 ], [ 102463.8984375, 174067.703125 ], [ 102492.703125, 174004.90625 ], [ 102539.296875, 173950.09375 ], [ 102598.796875, 173916.09375 ], [ 102648.6015625, 173866.09375 ], [ 102674.203125, 173792.0 ], [ 102686.8984375, 173705.09375 ], [ 102691.6015625, 173629.5 ], [ 102694.703125, 173560.296875 ], [ 102696.203125, 173479.90625 ], [ 102697.6015625, 173407.5 ], [ 102699.1015625, 173325.40625 ], [ 102700.6015625, 173256.203125 ], [ 102703.703125, 173185.5 ], [ 102708.3984375, 173109.796875 ], [ 102722.703125, 173032.59375 ], [ 102743.5, 172964.90625 ], [ 102769.1015625, 172889.296875 ], [ 102791.5, 172815.203125 ], [ 102810.703125, 172736.296875 ], [ 102831.5, 172657.40625 ], [ 102860.296875, 172596.203125 ], [ 102924.6015625, 172555.796875 ], [ 102959.8984375, 172494.5 ], [ 102958.203125, 172417.296875 ], [ 102948.3984375, 172351.40625 ], [ 102946.703125, 172283.796875 ], [ 102951.3984375, 172206.59375 ], [ 102960.8984375, 172132.59375 ], [ 102973.6015625, 172061.796875 ], [ 102988.0, 171990.90625 ], [ 103005.6015625, 171923.296875 ], [ 103029.6015625, 171852.5 ], [ 103055.203125, 171789.59375 ], [ 103090.5, 171717.203125 ], [ 103124.203125, 171654.296875 ], [ 103159.5, 171588.296875 ], [ 103194.796875, 171525.40625 ], [ 103226.796875, 171461.0 ], [ 103260.5, 171390.09375 ], [ 103290.8984375, 171311.09375 ], [ 103314.8984375, 171241.90625 ], [ 103337.3984375, 171174.296875 ], [ 103364.6015625, 171087.296875 ], [ 103385.296875, 171014.90625 ], [ 103407.703125, 170934.40625 ], [ 103425.296875, 170857.09375 ], [ 103441.203125, 170776.59375 ], [ 103454.0, 170710.59375 ], [ 103474.796875, 170622.09375 ], [ 103495.5, 170538.40625 ], [ 103517.8984375, 170462.703125 ], [ 103538.703125, 170390.203125 ], [ 103557.8984375, 170313.0 ], [ 103581.8984375, 170229.203125 ], [ 103599.5, 170164.796875 ], [ 103618.6015625, 170097.203125 ], [ 103641.1015625, 170029.59375 ], [ 103668.296875, 169947.40625 ], [ 103693.8984375, 169879.796875 ], [ 103714.703125, 169813.796875 ], [ 103740.296875, 169738.09375 ], [ 103762.703125, 169660.796875 ], [ 103781.8984375, 169585.09375 ], [ 103801.0, 169491.796875 ], [ 103812.203125, 169419.40625 ], [ 103821.703125, 169348.5 ], [ 103836.0, 169258.40625 ], [ 103845.5, 169179.59375 ], [ 103856.703125, 169113.59375 ], [ 103864.5, 169013.796875 ], [ 103862.796875, 168928.59375 ], [ 103851.296875, 168840.09375 ], [ 103839.8984375, 168771.0 ], [ 103814.1015625, 168700.296875 ], [ 103775.296875, 168637.703125 ], [ 103723.703125, 168570.296875 ], [ 103479.6015625, 168343.09375 ], [ 103471.8984375, 168357.0 ], [ 103461.703125, 168381.09375 ], [ 103461.703125, 168398.90625 ], [ 103470.5, 168416.703125 ], [ 103481.8984375, 168426.90625 ], [ 103543.703125, 168622.703125 ], [ 103539.796875, 168634.09375 ], [ 103527.0, 168659.40625 ], [ 103509.1015625, 168688.59375 ], [ 103502.703125, 168716.5 ], [ 103498.796875, 168747.0 ], [ 103485.8984375, 168814.203125 ], [ 103470.5, 168867.5 ], [ 103450.0, 168928.40625 ], [ 103437.203125, 168950.0 ], [ 103406.6015625, 168995.59375 ], [ 103342.796875, 169072.796875 ], [ 103318.6015625, 169104.5 ], [ 103305.796875, 169128.59375 ], [ 103282.796875, 169184.40625 ], [ 103250.703125, 169289.703125 ], [ 103175.203125, 169483.796875 ], [ 103116.296875, 169619.5 ], [ 103081.703125, 169720.90625 ], [ 103062.5, 169793.296875 ], [ 103031.703125, 169877.0 ], [ 102989.6015625, 169958.09375 ], [ 102962.703125, 170022.796875 ], [ 102924.296875, 170128.09375 ], [ 102894.796875, 170213.09375 ], [ 102864.0, 170312.0 ], [ 102834.6015625, 170385.59375 ], [ 102797.3984375, 170493.40625 ], [ 102747.3984375, 170636.796875 ], [ 102726.8984375, 170707.796875 ], [ 102705.1015625, 170790.296875 ], [ 102666.703125, 170877.796875 ], [ 102642.3984375, 170936.09375 ], [ 102612.8984375, 171022.40625 ], [ 102583.5, 171094.703125 ], [ 102542.5, 171182.203125 ], [ 102528.3984375, 171221.5 ], [ 102477.0, 171425.796875 ], [ 102452.703125, 171504.40625 ], [ 102432.203125, 171555.203125 ], [ 102406.6015625, 171604.59375 ], [ 102373.3984375, 171674.40625 ], [ 102355.5, 171718.796875 ], [ 102321.0, 171784.703125 ], [ 102308.203125, 171820.203125 ], [ 102294.1015625, 171841.703125 ], [ 102266.1015625, 171875.90625 ], [ 102231.6015625, 171922.796875 ], [ 102209.796875, 171999.0 ], [ 102148.203125, 172194.296875 ], [ 102116.1015625, 172307.203125 ], [ 102063.703125, 172420.09375 ], [ 102015.1015625, 172531.703125 ], [ 101981.796875, 172634.5 ], [ 101968.8984375, 172671.203125 ], [ 101931.8984375, 172752.40625 ], [ 101881.8984375, 172881.796875 ], [ 101833.296875, 172988.296875 ], [ 101811.5, 173054.296875 ], [ 101780.6015625, 173193.796875 ], [ 101758.796875, 173268.703125 ], [ 101739.6015625, 173335.90625 ], [ 101729.296875, 173374.0 ], [ 101702.5, 173423.5 ], [ 101653.8984375, 173505.796875 ], [ 101620.703125, 173565.40625 ], [ 101583.5, 173680.90625 ], [ 101552.796875, 173753.203125 ], [ 101525.8984375, 173844.5 ], [ 101513.1015625, 173874.90625 ], [ 101474.703125, 173977.703125 ], [ 101456.6015625, 174058.90625 ], [ 101442.5, 174121.09375 ], [ 101393.796875, 174275.796875 ], [ 101273.6015625, 174538.296875 ], [ 101259.5, 174571.296875 ], [ 101217.1015625, 174712.09375 ], [ 101192.6015625, 174836.5 ], [ 101173.5, 174879.59375 ], [ 101161.8984375, 174935.5 ], [ 101146.296875, 174985.90625 ], [ 101137.3984375, 175008.796875 ], [ 101128.5, 175038.0 ], [ 101108.0, 175077.40625 ], [ 101086.3984375, 175118.0 ], [ 101068.5, 175147.203125 ], [ 101040.5, 175186.59375 ], [ 101004.796875, 175240.0 ], [ 100970.296875, 175322.5 ], [ 100937.1015625, 175420.40625 ], [ 100910.203125, 175519.5 ], [ 100887.203125, 175608.40625 ], [ 100864.203125, 175685.90625 ], [ 100831.0, 175785.0 ], [ 100811.796875, 175868.90625 ], [ 100776.0, 175959.09375 ], [ 100745.296875, 176050.5 ], [ 100717.203125, 176124.203125 ], [ 100691.703125, 176215.703125 ], [ 100671.203125, 176288.09375 ], [ 100649.5, 176363.09375 ], [ 100613.703125, 176469.796875 ], [ 100602.1015625, 176523.203125 ], [ 100586.796875, 176589.296875 ], [ 100565.0, 176673.09375 ], [ 100547.1015625, 176744.296875 ], [ 100534.296875, 176798.90625 ], [ 100511.296875, 176859.90625 ], [ 100484.5, 176945.0 ], [ 100462.703125, 177046.703125 ], [ 100434.3984375, 177199.09375 ], [ 100429.296875, 177247.40625 ], [ 100430.5, 177269.0 ], [ 100433.0, 177290.59375 ], [ 100430.5, 177303.40625 ], [ 100421.5, 177331.296875 ], [ 100406.203125, 177372.0 ], [ 100383.203125, 177435.5 ], [ 100355.1015625, 177493.90625 ], [ 100333.3984375, 177547.296875 ], [ 100304.0, 177641.296875 ], [ 100281.0, 177731.5 ], [ 100268.203125, 177778.5 ], [ 100240.0, 177881.40625 ], [ 100211.8984375, 177978.0 ], [ 100194.0, 178055.5 ], [ 100169.703125, 178155.90625 ], [ 100150.5, 178214.296875 ], [ 100110.8984375, 178323.59375 ], [ 100105.0, 178342.0 ], [ 100070.0, 178450.59375 ], [ 100039.296875, 178528.09375 ], [ 99993.3828125, 178648.796875 ], [ 99952.546875, 178734.0 ], [ 99933.40625, 178773.296875 ], [ 99925.7265625, 178808.90625 ], [ 99921.84375, 178845.796875 ], [ 99914.140625, 178891.5 ], [ 99902.640625, 178923.296875 ], [ 99889.8828125, 178953.796875 ], [ 99868.2109375, 178986.796875 ], [ 99856.71875, 179017.296875 ], [ 99850.296875, 179049.0 ], [ 99841.3125, 179102.40625 ], [ 99827.25, 179150.703125 ], [ 99810.6328125, 179209.09375 ], [ 99794.0078125, 179261.203125 ], [ 99774.84375, 179318.40625 ], [ 99754.4296875, 179356.5 ], [ 99745.4765625, 179385.703125 ], [ 99740.296875, 179439.09375 ], [ 99727.5078125, 179491.203125 ], [ 99718.5390625, 179530.59375 ], [ 99700.6484375, 179585.203125 ], [ 99689.1328125, 179632.203125 ], [ 99671.25, 179676.703125 ], [ 99643.1875, 179731.296875 ], [ 99618.953125, 179784.703125 ], [ 99598.4765625, 179855.796875 ], [ 99575.4375, 179951.09375 ], [ 99554.953125, 180033.703125 ], [ 99538.328125, 180092.203125 ], [ 99525.5390625, 180135.40625 ], [ 99500.03125, 180186.203125 ], [ 99464.3203125, 180251.0 ], [ 99427.34375, 180315.703125 ], [ 99396.703125, 180397.0 ], [ 99361.0078125, 180452.90625 ], [ 99341.8828125, 180487.203125 ], [ 99338.0234375, 180513.90625 ], [ 99337.9609375, 180548.203125 ], [ 99342.9921875, 180576.203125 ], [ 99348.0, 180620.703125 ], [ 99351.7109375, 180679.09375 ], [ 99356.703125, 180735.09375 ], [ 99356.6015625, 180792.296875 ], [ 99345.09375, 180838.0 ], [ 99336.078125, 180900.296875 ], [ 99311.7734375, 180986.703125 ], [ 99283.65625, 181069.203125 ], [ 99255.546875, 181156.90625 ], [ 99236.34375, 181234.40625 ], [ 99229.8984375, 181285.203125 ], [ 99229.8203125, 181331.0 ], [ 99224.6875, 181360.203125 ], [ 99213.203125, 181386.90625 ], [ 99199.1875, 181406.0 ], [ 99188.96875, 181432.59375 ], [ 99176.203125, 181468.203125 ], [ 99168.5078125, 181503.796875 ], [ 99160.84375, 181527.90625 ], [ 99160.7578125, 181573.703125 ], [ 99172.15625, 181596.59375 ], [ 99192.46875, 181611.796875 ], [ 99216.6015625, 181623.296875 ], [ 99224.2109375, 181634.703125 ], [ 99235.6328125, 181651.296875 ], [ 99249.5625, 181678.0 ], [ 99274.890625, 181735.203125 ], [ 99292.609375, 181779.703125 ], [ 99306.5078125, 181829.203125 ], [ 99331.8203125, 181894.09375 ], [ 99345.71875, 181939.796875 ], [ 99344.3984375, 181970.296875 ], [ 99332.7734375, 182080.90625 ], [ 99308.453125, 182178.703125 ], [ 99286.7265625, 182237.203125 ], [ 99281.5390625, 182298.203125 ], [ 99276.3828125, 182343.90625 ], [ 99266.09375, 182410.0 ], [ 99249.4609375, 182471.0 ], [ 99244.2578125, 182540.90625 ], [ 99232.546875, 182693.40625 ], [ 99223.546875, 182753.09375 ], [ 99228.5390625, 182807.796875 ], [ 99233.4921875, 182884.0 ], [ 99235.9375, 182939.90625 ], [ 99218.0, 183021.296875 ], [ 99206.4375, 183093.703125 ], [ 99207.6328125, 183140.703125 ], [ 99215.1875, 183178.796875 ], [ 99226.59375, 183204.296875 ], [ 99225.2890625, 183219.5 ], [ 99220.1171875, 183266.5 ], [ 99213.640625, 183337.703125 ], [ 99208.40625, 183422.796875 ], [ 99203.1796875, 183508.0 ], [ 99195.4609375, 183557.5 ], [ 99185.203125, 183610.90625 ], [ 99154.5234375, 183711.296875 ], [ 99123.8671875, 183792.59375 ], [ 99111.046875, 183854.796875 ], [ 99093.1015625, 183942.5 ], [ 99076.40625, 184034.0 ], [ 99059.7109375, 184136.90625 ], [ 99037.90625, 184244.90625 ], [ 99026.359375, 184313.59375 ], [ 99019.84375, 184406.296875 ], [ 99009.5, 184505.5 ], [ 98988.9765625, 184605.796875 ], [ 98977.4296875, 184671.90625 ], [ 98978.59375, 184736.703125 ], [ 98961.9765625, 184783.703125 ], [ 98958.1484375, 184793.90625 ], [ 98950.5, 184807.90625 ], [ 98946.6484375, 184830.703125 ], [ 98944.0234375, 184876.5 ], [ 98946.5, 184917.203125 ], [ 98936.28125, 184946.40625 ], [ 98924.78125, 184979.40625 ], [ 98917.0625, 185031.5 ], [ 98908.0, 185126.796875 ], [ 98900.296875, 185166.203125 ], [ 98888.78125, 185212.0 ], [ 98878.5234375, 185265.296875 ], [ 98843.859375, 185462.296875 ], [ 98819.4765625, 185594.40625 ], [ 98795.0703125, 185741.796875 ], [ 98763.046875, 185881.59375 ], [ 98737.296875, 186067.09375 ], [ 98710.421875, 186173.796875 ], [ 98700.171875, 186219.59375 ], [ 98674.671875, 186264.0 ], [ 98647.8515625, 186337.703125 ], [ 98623.59375, 186403.796875 ], [ 98608.2109375, 186471.09375 ], [ 98598.0078125, 186488.90625 ], [ 98597.9921875, 186501.59375 ], [ 98599.21875, 186524.5 ], [ 98604.2734375, 186543.59375 ], [ 98615.703125, 186547.40625 ], [ 98624.59375, 186552.5 ], [ 98616.90625, 186586.796875 ], [ 98605.4609375, 186593.09375 ], [ 98595.2734375, 186605.796875 ], [ 98590.15625, 186619.796875 ], [ 98588.84375, 186649.0 ], [ 98584.953125, 186687.203125 ], [ 98570.8515625, 186755.796875 ], [ 98561.8671875, 186805.296875 ], [ 98547.7890625, 186860.0 ], [ 98526.09375, 186912.09375 ], [ 98510.7734375, 186951.5 ], [ 98505.6484375, 186973.0 ], [ 98501.7734375, 187006.09375 ], [ 98492.78125, 187062.0 ], [ 98485.09375, 187101.40625 ], [ 98468.453125, 187163.703125 ], [ 98449.2421875, 187247.5 ], [ 98437.703125, 187306.0 ], [ 98421.046875, 187378.40625 ], [ 98414.6015625, 187429.203125 ], [ 98405.6328125, 187475.0 ], [ 98392.796875, 187543.59375 ], [ 98386.359375, 187590.59375 ], [ 98376.1015625, 187641.40625 ], [ 98368.390625, 187687.203125 ], [ 98356.890625, 187721.5 ], [ 98337.75, 187762.09375 ], [ 98319.859375, 187816.796875 ], [ 98309.59375, 187879.0 ], [ 98300.5703125, 187947.59375 ], [ 98288.96875, 188040.40625 ], [ 98276.1328125, 188110.296875 ], [ 98265.8984375, 188147.09375 ], [ 98254.3828125, 188189.09375 ], [ 98244.15625, 188223.40625 ], [ 98239.0234375, 188253.90625 ], [ 98232.59375, 188299.59375 ], [ 98224.8828125, 188345.40625 ], [ 98210.8203125, 188389.796875 ], [ 98187.84375, 188444.5 ], [ 98167.40625, 188496.5 ], [ 98167.3828125, 188516.90625 ], [ 98157.15625, 188544.796875 ], [ 98146.90625, 188588.0 ], [ 98123.9375, 188645.203125 ], [ 98095.84375, 188720.203125 ], [ 98077.953125, 188771.0 ], [ 98070.2421875, 188818.0 ], [ 98048.421875, 188942.5 ], [ 98036.84375, 189025.09375 ], [ 98018.9296875, 189087.40625 ], [ 97999.78125, 189131.796875 ], [ 97975.546875, 189178.796875 ], [ 97958.9375, 189227.09375 ], [ 97952.53125, 189260.203125 ], [ 97939.7578125, 189294.5 ], [ 97929.53125, 189326.203125 ], [ 97902.75, 189378.296875 ], [ 97884.8828125, 189419.0 ], [ 97865.6875, 189490.09375 ], [ 97851.6484375, 189523.09375 ], [ 97831.203125, 189585.40625 ], [ 97814.546875, 189654.0 ], [ 97814.4609375, 189707.40625 ], [ 97806.796875, 189723.90625 ], [ 97785.0390625, 189814.09375 ], [ 97758.2109375, 189892.90625 ], [ 97728.828125, 189974.203125 ], [ 97709.6328125, 190049.203125 ], [ 97696.8125, 190114.0 ], [ 97662.328125, 190205.40625 ], [ 97655.90625, 190244.796875 ], [ 97643.046875, 190323.59375 ], [ 97636.59375, 190391.0 ], [ 97628.8828125, 190438.0 ], [ 97622.4765625, 190460.796875 ], [ 97605.8828125, 190506.59375 ], [ 97588.0, 190553.59375 ], [ 97568.8515625, 190596.796875 ], [ 97552.28125, 190624.703125 ], [ 97535.671875, 190671.703125 ], [ 97522.8828125, 190721.296875 ], [ 97515.1484375, 190778.5 ], [ 97501.046875, 190848.40625 ], [ 97488.1875, 190931.0 ], [ 97479.1875, 190989.40625 ], [ 97467.6875, 191023.703125 ], [ 97408.9375, 191182.5 ], [ 97374.4375, 191284.203125 ], [ 97347.65625, 191335.0 ], [ 97328.4765625, 191394.703125 ], [ 97314.3671875, 191472.203125 ], [ 97293.8828125, 191554.796875 ], [ 97273.3828125, 191651.40625 ], [ 97259.296875, 191703.5 ], [ 97222.2890625, 191792.40625 ], [ 97195.453125, 191873.703125 ], [ 97160.9765625, 191962.59375 ], [ 97117.59375, 192061.703125 ], [ 97090.7265625, 192148.09375 ], [ 97053.703125, 192244.703125 ], [ 97033.2578125, 192309.5 ], [ 97012.796875, 192376.796875 ], [ 96993.6015625, 192451.796875 ], [ 96978.2265625, 192517.796875 ], [ 96964.1484375, 192573.796875 ], [ 96957.7109375, 192620.796875 ], [ 96960.2109375, 192646.203125 ], [ 96957.6328125, 192670.296875 ], [ 96952.5, 192694.5 ], [ 96939.7265625, 192732.59375 ], [ 96921.8671875, 192768.203125 ], [ 96910.3515625, 192811.296875 ], [ 96901.3828125, 192853.296875 ], [ 96893.6875, 192888.90625 ], [ 96889.828125, 192915.5 ], [ 96880.90625, 192928.296875 ], [ 96869.453125, 192943.5 ], [ 96859.2265625, 192967.59375 ], [ 96861.7421875, 192986.703125 ], [ 96874.4296875, 193002.0 ], [ 96893.4609375, 193021.0 ], [ 96917.5703125, 193046.5 ], [ 96989.8515625, 193150.703125 ], [ 96996.1875, 193163.5 ], [ 97002.46875, 193204.09375 ], [ 97008.703125, 193277.796875 ], [ 97016.1875, 193356.59375 ], [ 97008.4765625, 193399.796875 ], [ 97103.5703125, 193551.203125 ], [ 97159.3828125, 193621.09375 ], [ 97165.640625, 193675.796875 ], [ 97182.0390625, 193749.5 ], [ 97213.4765625, 193941.40625 ], [ 97238.609375, 194115.5 ], [ 97275.15625, 194297.296875 ], [ 97307.9765625, 194432.09375 ], [ 97316.7890625, 194482.90625 ], [ 97316.7265625, 194515.90625 ], [ 97315.421875, 194540.09375 ], [ 97307.6796875, 194604.90625 ], [ 97306.3203125, 194657.0 ], [ 97310.046875, 194709.09375 ], [ 97317.5703125, 194768.796875 ], [ 97327.59375, 194851.5 ], [ 97333.859375, 194906.09375 ], [ 97345.21875, 194953.09375 ], [ 97342.59375, 195000.203125 ], [ 97337.4375, 195042.09375 ], [ 97341.1796875, 195081.5 ], [ 97344.96875, 195094.203125 ], [ 97355.1328125, 195101.796875 ], [ 97362.75, 195105.703125 ], [ 97369.109375, 195104.40625 ], [ 97372.9296875, 195098.0 ], [ 97374.2265625, 195086.59375 ], [ 97374.2421875, 195073.90625 ], [ 97370.46875, 195051.0 ], [ 97362.890625, 195023.09375 ], [ 97359.140625, 194984.90625 ], [ 97360.53125, 194916.296875 ], [ 97359.296875, 194893.40625 ], [ 97349.2109375, 194847.703125 ], [ 97350.4921875, 194843.90625 ], [ 97356.84375, 194843.90625 ], [ 97373.34375, 194857.90625 ], [ 97380.96875, 194862.90625 ], [ 97398.7578125, 194864.203125 ], [ 97419.1171875, 194852.796875 ], [ 97429.34375, 194827.40625 ], [ 97428.09375, 194808.296875 ], [ 97426.8515625, 194790.5 ], [ 97409.1015625, 194765.09375 ], [ 97379.9375, 194724.40625 ], [ 97355.859375, 194681.203125 ], [ 97341.9375, 194643.0 ], [ 97335.65625, 194593.5 ], [ 97410.7421875, 194552.90625 ], [ 97394.5234375, 194380.0 ], [ 97326.46875, 194031.796875 ], [ 97316.4609375, 193937.703125 ], [ 97272.3515625, 193717.796875 ], [ 97251.078125, 193523.296875 ], [ 97237.2265625, 193443.296875 ], [ 97224.59375, 193397.5 ], [ 97200.453125, 193397.5 ], [ 97194.078125, 193405.09375 ], [ 97180.078125, 193411.40625 ], [ 97166.09375, 193414.0 ], [ 97159.7421875, 193410.09375 ], [ 97152.1328125, 193400.0 ], [ 97149.609375, 193391.09375 ], [ 97144.546875, 193378.40625 ], [ 97145.8515625, 193359.296875 ], [ 97157.328125, 193337.703125 ], [ 97175.140625, 193327.5 ], [ 97189.1328125, 193321.203125 ], [ 97213.28125, 193326.296875 ], [ 97218.3828125, 193317.40625 ], [ 97222.2265625, 193298.40625 ], [ 97266.7265625, 193288.203125 ], [ 97280.65625, 193326.40625 ], [ 97304.8203125, 193320.0 ], [ 97301.09375, 193273.0 ], [ 97331.6015625, 193268.0 ], [ 97346.796875, 193301.0 ], [ 97360.796875, 193293.40625 ], [ 97355.78125, 193251.5 ], [ 97382.4765625, 193248.90625 ], [ 97426.796875, 193351.90625 ], [ 97457.1796875, 193428.203125 ], [ 97468.5703125, 193456.203125 ], [ 97525.5234375, 193603.59375 ], [ 97628.546875, 193565.59375 ], [ 97535.1328125, 193194.40625 ], [ 97598.7734375, 193150.0 ], [ 97605.21875, 193090.296875 ], [ 97662.421875, 193091.59375 ], [ 97666.109375, 193164.0 ], [ 97829.8515625, 193306.5 ], [ 97766.1328125, 193400.5 ], [ 97786.453125, 193415.796875 ], [ 97866.7265625, 193302.703125 ], [ 97875.609375, 193309.09375 ], [ 97870.5, 193323.09375 ], [ 97871.7578125, 193332.0 ], [ 97883.1875, 193337.09375 ], [ 97841.15625, 193386.59375 ], [ 97860.203125, 193399.296875 ], [ 97897.1328125, 193359.90625 ], [ 98060.90625, 193485.90625 ], [ 98017.609375, 193527.796875 ], [ 98037.90625, 193545.59375 ], [ 98072.296875, 193508.796875 ], [ 98230.8828125, 193698.296875 ], [ 98181.2421875, 193731.296875 ], [ 98212.9609375, 193768.203125 ], [ 98257.5078125, 193737.703125 ], [ 98451.4765625, 194041.59375 ], [ 98574.25, 195085.09375 ], [ 98706.296875, 195171.59375 ], [ 98703.7109375, 195203.40625 ], [ 98394.796875, 195204.40625 ], [ 98383.2734375, 195255.203125 ], [ 98627.21875, 195329.203125 ], [ 98643.7265625, 195338.09375 ], [ 98653.8828125, 195349.5 ], [ 98641.1171875, 195380.0 ], [ 98323.3828125, 195340.296875 ], [ 98324.609375, 195367.0 ], [ 98643.609375, 195409.203125 ], [ 98647.2890625, 195484.203125 ], [ 98653.53125, 195552.796875 ], [ 98650.9765625, 195557.90625 ], [ 98625.5390625, 195566.796875 ], [ 98630.578125, 195592.203125 ], [ 98643.2578125, 195610.0 ], [ 98644.5, 195629.09375 ], [ 98638.109375, 195648.203125 ], [ 98504.6328125, 195646.796875 ], [ 98396.59375, 195642.90625 ], [ 98294.8984375, 195636.40625 ], [ 98292.328125, 195654.203125 ], [ 98301.1484375, 195698.703125 ], [ 98325.2890625, 195707.59375 ], [ 98353.25, 195708.90625 ], [ 98477.8203125, 195715.40625 ], [ 98621.4609375, 195720.59375 ], [ 98640.46875, 195756.203125 ], [ 98669.703125, 195762.59375 ], [ 98730.703125, 195770.203125 ], [ 98753.53125, 195795.703125 ], [ 98766.203125, 195822.40625 ], [ 98748.3203125, 195869.40625 ], [ 98729.0390625, 195993.90625 ], [ 98718.7734375, 196054.90625 ], [ 98711.0234375, 196118.40625 ], [ 98730.09375, 196121.0 ], [ 98742.921875, 196049.796875 ], [ 98750.5390625, 196056.203125 ], [ 98781.0078125, 196081.59375 ], [ 98796.2265625, 196096.90625 ], [ 98801.3203125, 196096.90625 ], [ 98811.546875, 196065.09375 ], [ 98795.046875, 196047.296875 ], [ 98778.546875, 196030.796875 ], [ 98774.7734375, 196015.5 ], [ 98793.9296875, 195960.90625 ], [ 98820.7734375, 195875.796875 ], [ 98883.0234375, 195896.203125 ], [ 98894.3125, 195982.59375 ], [ 98898.0234375, 196044.90625 ], [ 98902.9765625, 196116.09375 ], [ 98910.578125, 196133.90625 ], [ 98946.1796875, 196132.59375 ], [ 98943.71875, 196085.59375 ], [ 98936.15625, 196039.796875 ], [ 98936.21875, 196009.296875 ], [ 98935.0, 195978.796875 ], [ 98938.828125, 195971.203125 ], [ 98949.0078125, 195967.40625 ], [ 98971.8984375, 195958.5 ], [ 98993.53125, 195948.40625 ], [ 99007.5234375, 195947.09375 ], [ 99039.2890625, 195952.203125 ], [ 99078.6875, 195957.40625 ], [ 99124.4296875, 195967.59375 ], [ 99163.828125, 195975.203125 ], [ 99180.34375, 195982.90625 ], [ 99203.21875, 195984.09375 ], [ 99234.9921875, 195986.703125 ], [ 99257.859375, 195998.203125 ], [ 99269.28125, 196005.796875 ], [ 99273.078125, 196018.5 ], [ 99280.65625, 196042.703125 ], [ 99285.703125, 196066.796875 ], [ 99292.0234375, 196091.0 ], [ 99298.328125, 196116.40625 ], [ 99302.109375, 196138.0 ], [ 99310.9765625, 196152.0 ], [ 99321.1328125, 196162.203125 ], [ 99335.09375, 196173.59375 ], [ 99352.890625, 196174.90625 ], [ 99379.59375, 196174.90625 ], [ 99406.28125, 196176.203125 ], [ 99434.25, 196173.703125 ], [ 99458.390625, 196181.40625 ], [ 99488.8828125, 196196.59375 ], [ 99519.34375, 196219.5 ], [ 99553.6328125, 196245.0 ], [ 99585.3515625, 196273.0 ], [ 99610.7265625, 196300.90625 ], [ 99636.109375, 196327.703125 ], [ 99660.2265625, 196346.703125 ], [ 99689.4375, 196363.296875 ], [ 99723.71875, 196387.5 ], [ 99750.3828125, 196407.796875 ], [ 99779.5703125, 196433.296875 ], [ 99816.390625, 196461.296875 ], [ 99845.59375, 196482.90625 ], [ 99862.09375, 196502.0 ], [ 99874.7734375, 196518.5 ], [ 99884.8984375, 196538.796875 ], [ 99888.65625, 196569.296875 ], [ 99900.0234375, 196615.09375 ], [ 99917.7421875, 196662.09375 ], [ 99930.34375, 196730.796875 ], [ 99945.3984375, 196841.40625 ], [ 99951.65625, 196897.296875 ], [ 99966.796875, 196958.296875 ], [ 99979.421875, 197014.203125 ], [ 99994.59375, 197062.5 ], [ 100013.6015625, 197114.703125 ], [ 100023.703125, 197147.703125 ], [ 100026.203125, 197174.40625 ], [ 100026.1015625, 197199.796875 ], [ 100023.6015625, 197222.703125 ], [ 100014.6015625, 197251.90625 ], [ 100004.3984375, 197277.296875 ], [ 99994.1796875, 197302.703125 ], [ 99990.328125, 197324.296875 ], [ 99989.0234375, 197345.90625 ], [ 99991.53125, 197363.703125 ], [ 99997.859375, 197380.296875 ], [ 100009.296875, 197400.59375 ], [ 100034.6015625, 197446.40625 ], [ 100048.6015625, 197472.796875 ], [ 100122.796875, 197519.203125 ], [ 100153.296875, 197538.296875 ], [ 100191.3984375, 197558.5 ], [ 100216.796875, 197572.5 ], [ 100244.703125, 197591.5 ], [ 100271.3984375, 197606.703125 ], [ 100299.296875, 197620.59375 ], [ 100322.1015625, 197634.59375 ], [ 100346.296875, 197651.09375 ], [ 100367.796875, 197661.203125 ], [ 100398.296875, 197671.296875 ], [ 100445.296875, 197677.703125 ], [ 100473.203125, 197684.0 ], [ 100496.0, 197690.296875 ], [ 100520.1015625, 197704.296875 ], [ 100544.296875, 197706.796875 ], [ 100568.3984375, 197705.5 ], [ 100597.5, 197706.796875 ], [ 100622.8984375, 197705.5 ], [ 100647.0, 197705.5 ], [ 100671.1015625, 197704.203125 ], [ 100695.296875, 197703.0 ], [ 100719.3984375, 197702.90625 ], [ 100744.703125, 197702.90625 ], [ 100770.1015625, 197702.90625 ], [ 100799.296875, 197701.59375 ], [ 100823.3984375, 197702.90625 ], [ 100848.796875, 197701.59375 ], [ 100878.0, 197701.59375 ], [ 100903.3984375, 197697.796875 ], [ 100927.5, 197696.5 ], [ 100952.796875, 197695.296875 ], [ 100979.5, 197695.203125 ], [ 101007.3984375, 197692.703125 ], [ 101035.296875, 197688.90625 ], [ 101060.703125, 197685.09375 ], [ 101084.796875, 197681.296875 ], [ 101115.296875, 197676.203125 ], [ 101144.3984375, 197669.796875 ], [ 101173.6015625, 197664.703125 ], [ 101209.1015625, 197658.40625 ], [ 101239.6015625, 197654.5 ], [ 101267.5, 197646.90625 ], [ 101296.703125, 197636.796875 ], [ 101323.296875, 197622.796875 ], [ 101343.6015625, 197607.59375 ], [ 101367.703125, 197587.296875 ], [ 101389.296875, 197568.203125 ], [ 101408.296875, 197551.703125 ], [ 101429.8984375, 197536.5 ], [ 101450.1015625, 197522.5 ], [ 101474.296875, 197502.296875 ], [ 101499.6015625, 197479.40625 ], [ 101522.3984375, 197460.40625 ], [ 101535.1015625, 197436.296875 ], [ 101550.296875, 197414.703125 ], [ 101566.796875, 197395.703125 ], [ 101583.296875, 197371.5 ], [ 101590.8984375, 197348.703125 ], [ 101594.703125, 197322.09375 ], [ 101601.0, 197298.0 ], [ 101608.6015625, 197267.5 ], [ 101618.703125, 197246.0 ], [ 101628.8984375, 197221.90625 ], [ 101640.296875, 197194.0 ], [ 101647.8984375, 197167.296875 ], [ 101649.1015625, 197135.59375 ], [ 101650.3984375, 197109.0 ], [ 101650.703125, 197105.296875 ], [ 101652.8984375, 197078.5 ], [ 101656.703125, 197046.796875 ], [ 101661.703125, 197017.59375 ], [ 101664.296875, 196993.5 ], [ 101659.203125, 196965.59375 ], [ 101649.0, 196935.203125 ], [ 101637.6015625, 196904.703125 ], [ 101628.703125, 196879.40625 ], [ 101621.0, 196852.703125 ], [ 101609.6015625, 196823.59375 ], [ 101600.703125, 196800.703125 ], [ 101589.296875, 196769.0 ], [ 101577.796875, 196743.703125 ], [ 101560.0, 196714.5 ], [ 101543.5, 196690.40625 ], [ 101527.0, 196663.796875 ], [ 101510.5, 196637.09375 ], [ 101491.3984375, 196610.5 ], [ 101474.8984375, 196590.203125 ], [ 101457.203125, 196569.90625 ], [ 101439.3984375, 196552.203125 ], [ 101421.6015625, 196534.40625 ], [ 101401.296875, 196514.09375 ], [ 101381.0, 196492.59375 ], [ 101360.703125, 196472.296875 ], [ 101342.8984375, 196452.0 ], [ 101326.3984375, 196431.703125 ], [ 101311.1015625, 196412.703125 ], [ 101297.203125, 196393.703125 ], [ 101281.8984375, 196373.40625 ], [ 101262.8984375, 196350.5 ], [ 101243.796875, 196327.703125 ], [ 101224.796875, 196311.203125 ], [ 101207.0, 196293.5 ], [ 101182.8984375, 196273.203125 ], [ 101163.796875, 196254.203125 ], [ 101147.296875, 196235.203125 ], [ 101129.5, 196214.90625 ], [ 101110.5, 196192.0 ], [ 101090.203125, 196171.796875 ], [ 101072.3984375, 196150.203125 ], [ 101057.203125, 196131.203125 ], [ 101040.6015625, 196107.09375 ], [ 101025.3984375, 196088.0 ], [ 101016.5, 196058.90625 ], [ 101005.1015625, 196033.5 ], [ 100996.203125, 196010.703125 ], [ 100988.5, 195980.296875 ], [ 100983.3984375, 195951.09375 ], [ 100984.703125, 195925.703125 ], [ 100983.3984375, 195896.5 ], [ 100982.1015625, 195866.09375 ], [ 100980.796875, 195835.59375 ], [ 100978.296875, 195807.703125 ], [ 100975.703125, 195779.796875 ], [ 100974.3984375, 195751.90625 ], [ 100975.703125, 195727.796875 ], [ 100975.703125, 195698.703125 ], [ 100974.3984375, 195672.0 ], [ 100975.6015625, 195644.09375 ], [ 100979.3984375, 195617.5 ], [ 100980.203125, 195614.0 ], [ 100985.796875, 195588.296875 ], [ 100990.796875, 195562.90625 ], [ 100997.1015625, 195540.09375 ], [ 101002.203125, 195510.90625 ], [ 101007.296875, 195485.5 ], [ 101017.3984375, 195461.40625 ], [ 101022.5, 195436.09375 ], [ 101026.203125, 195409.40625 ], [ 101033.796875, 195382.796875 ], [ 101041.3984375, 195358.703125 ], [ 101052.796875, 195335.796875 ], [ 101066.796875, 195313.0 ], [ 101080.703125, 195294.0 ], [ 101099.796875, 195276.203125 ], [ 101118.796875, 195255.90625 ], [ 101141.6015625, 195229.296875 ], [ 101158.1015625, 195211.5 ], [ 101172.0, 195192.5 ], [ 101188.5, 195173.40625 ], [ 101206.296875, 195148.0 ], [ 101222.796875, 195129.0 ], [ 101238.0, 195110.0 ], [ 101254.3984375, 195090.90625 ], [ 101272.203125, 195073.203125 ], [ 101292.5, 195055.40625 ], [ 101309.0, 195037.59375 ], [ 101328.0, 195021.203125 ], [ 101349.6015625, 195005.90625 ], [ 101371.1015625, 194993.203125 ], [ 101392.703125, 194980.5 ], [ 101414.296875, 194969.09375 ], [ 101438.3984375, 194959.0 ], [ 101465.0, 194953.90625 ], [ 101490.3984375, 194947.5 ], [ 101514.5, 194939.90625 ], [ 101542.3984375, 194933.5 ], [ 101566.5, 194928.5 ], [ 101591.8984375, 194928.5 ], [ 101616.0, 194923.40625 ], [ 101640.1015625, 194919.59375 ], [ 101664.203125, 194917.0 ], [ 101692.1015625, 194911.90625 ], [ 101717.5, 194913.203125 ], [ 101750.5, 194917.0 ], [ 101778.3984375, 194919.5 ], [ 101811.3984375, 194923.296875 ], [ 101838.0, 194923.296875 ], [ 101864.703125, 194924.5 ], [ 101888.796875, 194927.09375 ], [ 101920.5, 194932.09375 ], [ 101944.6015625, 194938.5 ], [ 101975.1015625, 194944.796875 ], [ 102001.796875, 194951.09375 ], [ 102031.0, 194957.5 ], [ 102057.6015625, 194961.296875 ], [ 102089.296875, 194963.796875 ], [ 102117.203125, 194967.59375 ], [ 102145.203125, 194971.40625 ], [ 102179.3984375, 194976.40625 ], [ 102203.5, 194981.5 ], [ 102231.5, 194987.796875 ], [ 102259.3984375, 194994.203125 ], [ 102286.0, 195000.5 ], [ 102312.703125, 195005.59375 ], [ 102340.6015625, 195010.59375 ], [ 102369.796875, 195010.59375 ], [ 102395.203125, 195004.296875 ], [ 102420.5, 195001.703125 ], [ 102449.703125, 194996.59375 ], [ 102473.796875, 194996.59375 ], [ 102501.796875, 194996.59375 ], [ 102528.3984375, 194997.90625 ], [ 102558.8984375, 194996.59375 ], [ 102584.203125, 194994.0 ], [ 102618.5, 194995.296875 ], [ 102647.703125, 195000.40625 ], [ 102671.796875, 195006.703125 ], [ 102697.203125, 195015.59375 ], [ 102721.296875, 195024.40625 ], [ 102754.296875, 195034.59375 ], [ 102777.1015625, 195044.703125 ], [ 102805.1015625, 195054.90625 ], [ 102826.6015625, 195065.0 ], [ 102855.796875, 195073.90625 ], [ 102881.203125, 195081.5 ], [ 102918.0, 195091.59375 ], [ 102943.3984375, 195097.90625 ], [ 102967.5, 195103.0 ], [ 102999.203125, 195108.09375 ], [ 103039.8984375, 195115.703125 ], [ 103062.703125, 195122.0 ], [ 103086.796875, 195128.296875 ], [ 103110.8984375, 195132.09375 ], [ 103147.703125, 195133.40625 ], [ 103171.796875, 195135.90625 ], [ 103201.0, 195135.90625 ], [ 103225.1015625, 195135.90625 ], [ 103249.203125, 195137.09375 ], [ 103279.703125, 195134.59375 ], [ 103303.796875, 195129.5 ], [ 103327.8984375, 195115.5 ], [ 103352.0, 195105.40625 ], [ 103374.796875, 195095.203125 ], [ 103396.3984375, 195082.5 ], [ 103416.703125, 195068.59375 ], [ 103434.3984375, 195052.09375 ], [ 103450.8984375, 195034.296875 ], [ 103463.6015625, 195012.796875 ], [ 103469.8984375, 194984.796875 ], [ 103472.5, 194954.40625 ], [ 103469.8984375, 194926.5 ], [ 103463.5, 194902.40625 ], [ 103453.3984375, 194878.296875 ], [ 103433.1015625, 194856.703125 ], [ 103410.203125, 194840.296875 ], [ 103383.5, 194826.296875 ], [ 103358.203125, 194814.90625 ], [ 103334.0, 194803.5 ], [ 103308.703125, 194790.796875 ], [ 103284.5, 194778.203125 ], [ 103260.3984375, 194770.5 ], [ 103228.703125, 194763.0 ], [ 103204.6015625, 194754.09375 ], [ 103179.203125, 194746.5 ], [ 103156.3984375, 194740.09375 ], [ 103132.203125, 194730.0 ], [ 103109.3984375, 194719.90625 ], [ 103089.1015625, 194704.703125 ], [ 103070.0, 194690.703125 ], [ 103047.203125, 194670.40625 ], [ 103033.203125, 194646.296875 ], [ 103029.3984375, 194621.0 ], [ 103031.8984375, 194594.296875 ], [ 103037.0, 194565.09375 ], [ 103043.296875, 194541.0 ], [ 103053.3984375, 194514.40625 ], [ 103064.796875, 194492.796875 ], [ 103083.8984375, 194468.703125 ], [ 103096.5, 194448.40625 ], [ 103114.296875, 194420.5 ], [ 103127.0, 194400.203125 ], [ 103147.203125, 194376.09375 ], [ 103165.0, 194357.09375 ], [ 103184.0, 194340.59375 ], [ 103203.0, 194320.296875 ], [ 103219.5, 194301.203125 ], [ 103242.296875, 194277.09375 ], [ 103262.6015625, 194263.203125 ], [ 103281.703125, 194247.90625 ], [ 103305.796875, 194235.203125 ], [ 103336.203125, 194217.5 ], [ 103361.6015625, 194202.203125 ], [ 103385.703125, 194190.796875 ], [ 103407.203125, 194176.796875 ], [ 103430.1015625, 194170.5 ], [ 103458.0, 194176.796875 ], [ 103487.203125, 194173.0 ], [ 103512.6015625, 194170.5 ], [ 103536.703125, 194170.5 ], [ 103564.6015625, 194173.0 ], [ 103593.796875, 194179.296875 ], [ 103624.203125, 194185.59375 ], [ 103656.0, 194189.40625 ], [ 103687.703125, 194193.203125 ], [ 103723.203125, 194200.796875 ], [ 103756.203125, 194204.59375 ], [ 103786.703125, 194209.703125 ], [ 103817.1015625, 194214.796875 ], [ 103845.1015625, 194222.296875 ], [ 103869.203125, 194227.40625 ], [ 103899.6015625, 194232.5 ], [ 103933.8984375, 194235.0 ], [ 103959.296875, 194240.09375 ], [ 103988.5, 194247.703125 ], [ 104021.5, 194260.296875 ], [ 104048.1015625, 194274.296875 ], [ 104072.203125, 194287.0 ], [ 104101.3984375, 194297.09375 ], [ 104128.1015625, 194306.0 ], [ 104154.703125, 194316.09375 ], [ 104182.703125, 194332.59375 ], [ 104206.796875, 194350.296875 ], [ 104232.203125, 194368.09375 ], [ 104258.796875, 194388.40625 ], [ 104280.3984375, 194403.59375 ], [ 104300.703125, 194420.09375 ], [ 104323.6015625, 194437.796875 ], [ 104347.703125, 194453.0 ], [ 104370.5, 194468.296875 ], [ 104395.8984375, 194483.5 ], [ 104416.296875, 194497.40625 ], [ 104445.3984375, 194515.203125 ], [ 104468.296875, 194522.796875 ], [ 104492.3984375, 194522.703125 ], [ 104516.5, 194526.5 ], [ 104553.296875, 194530.296875 ], [ 104580.0, 194534.09375 ], [ 104602.796875, 194517.59375 ], [ 104620.5, 194501.09375 ], [ 104642.1015625, 194478.296875 ], [ 104657.296875, 194454.203125 ], [ 104664.8984375, 194426.296875 ], [ 104671.203125, 194395.796875 ], [ 104680.1015625, 194373.0 ], [ 104689.0, 194346.296875 ], [ 104695.296875, 194322.296875 ], [ 104708.0, 194296.90625 ], [ 104716.796875, 194274.0 ], [ 104724.3984375, 194244.90625 ], [ 104737.1015625, 194223.296875 ], [ 104754.8984375, 194206.796875 ], [ 104770.1015625, 194185.203125 ], [ 104784.0, 194158.59375 ], [ 104800.5, 194140.796875 ], [ 104818.296875, 194124.296875 ], [ 104839.796875, 194114.203125 ], [ 104865.203125, 194105.296875 ], [ 104888.0, 194097.703125 ], [ 104910.8984375, 194086.203125 ], [ 104933.703125, 194079.90625 ], [ 104957.796875, 194072.296875 ], [ 104983.203125, 194065.90625 ], [ 105007.296875, 194055.796875 ], [ 105031.3984375, 194045.59375 ], [ 105055.5, 194035.40625 ], [ 105078.296875, 194026.5 ], [ 105106.203125, 194022.703125 ], [ 105131.6015625, 194022.703125 ], [ 105163.296875, 194024.0 ], [ 105187.5, 194027.796875 ], [ 105212.796875, 194032.796875 ], [ 105244.6015625, 194043.0 ], [ 105276.296875, 194048.0 ], [ 105302.8984375, 194054.40625 ], [ 105329.6015625, 194067.0 ], [ 105356.296875, 194079.703125 ], [ 105374.0, 194096.203125 ], [ 105393.1015625, 194112.703125 ], [ 105412.1015625, 194129.203125 ], [ 105433.703125, 194145.703125 ], [ 105447.703125, 194164.703125 ], [ 105473.1015625, 194191.296875 ], [ 105488.296875, 194210.296875 ], [ 105506.1015625, 194235.703125 ], [ 105521.296875, 194266.09375 ], [ 105534.0, 194294.0 ], [ 105541.703125, 194316.90625 ], [ 105543.0, 194343.5 ], [ 105549.296875, 194372.703125 ], [ 105560.796875, 194398.0 ], [ 105574.703125, 194427.203125 ], [ 105587.3984375, 194456.40625 ], [ 105598.8984375, 194484.296875 ], [ 105609.1015625, 194510.90625 ], [ 105618.0, 194537.5 ], [ 105626.8984375, 194565.5 ], [ 105635.796875, 194589.5 ], [ 105647.203125, 194618.703125 ], [ 105656.1015625, 194645.40625 ], [ 105672.6015625, 194666.90625 ], [ 105691.6015625, 194689.703125 ], [ 105714.5, 194712.59375 ], [ 105738.6015625, 194725.203125 ], [ 105762.703125, 194718.90625 ], [ 105790.6015625, 194721.40625 ], [ 105816.0, 194721.40625 ], [ 105842.703125, 194727.703125 ], [ 105870.6015625, 194734.09375 ], [ 105901.0, 194734.09375 ], [ 105925.203125, 194730.296875 ], [ 105949.296875, 194723.90625 ], [ 105978.3984375, 194717.5 ], [ 106001.296875, 194708.703125 ], [ 106022.796875, 194698.5 ], [ 106045.703125, 194684.5 ], [ 106067.203125, 194670.59375 ], [ 106088.796875, 194657.90625 ], [ 106110.3984375, 194641.40625 ], [ 106134.5, 194622.296875 ], [ 106157.296875, 194602.0 ], [ 106177.6015625, 194585.5 ], [ 106194.1015625, 194567.796875 ], [ 106208.0, 194544.90625 ], [ 106210.5, 194519.59375 ], [ 106214.296875, 194494.203125 ], [ 106221.8984375, 194470.09375 ], [ 106234.6015625, 194444.703125 ], [ 106251.1015625, 194424.40625 ], [ 106267.6015625, 194406.703125 ], [ 106284.0, 194383.796875 ], [ 106300.5, 194366.0 ], [ 106318.296875, 194349.59375 ], [ 106339.796875, 194329.296875 ], [ 106362.703125, 194314.0 ], [ 106385.5, 194306.40625 ], [ 106416.0, 194301.296875 ], [ 106446.3984375, 194301.296875 ], [ 106475.6015625, 194307.59375 ], [ 106503.5, 194316.5 ], [ 106528.8984375, 194317.796875 ], [ 106559.3984375, 194322.796875 ], [ 106582.203125, 194330.40625 ], [ 106605.1015625, 194345.59375 ], [ 106628.296875, 194358.40625 ] ] ] ] } },
{ "type": "Feature", "properties": { "PROVINCE_N": "Western Province", "Area": 1646.7050863699999, "District": "Kalutara", "Sinhalese": 928914.0, "SL_Tamils": 12665.0, "Ind_Tamils": 28895.0, "Moor": 93293.0, "Burgher": 836.0, "Malay": 973.0, "Other": 663.0, "Male": 527281.0, "Female": 538958.0, "Pop1963": 632000.0, "Pop1971": 730000.0, "Pop1981_": 829704, "Pop2001_": 1066239, "Pop2012": 1217374, "Sin_2012": 1055424, "In_Tam2012": 23754, "Sl_Tam2012": 24245, "Mus_2012": 111904, "Other_2012": 2047 }, "geometry": { "type": "MultiPolygon", "coordinates": [ [ [ [ 111711.1015625, 140000.203125 ], [ 111696.0, 140014.09375 ], [ 111689.703125, 140023.0 ], [ 111694.796875, 140033.09375 ], [ 111705.0, 140043.296875 ], [ 111716.3984375, 140039.40625 ], [ 111730.3984375, 140026.796875 ], [ 111741.796875, 140014.09375 ], [ 111740.203125, 140004.59375 ], [ 111739.203125, 139998.0 ], [ 111730.296875, 139988.796875 ], [ 111725.203125, 139988.796875 ], [ 111717.6015625, 139993.796875 ], [ 111711.1015625, 140000.203125 ] ] ], [ [ [ 111780.6015625, 139994.59375 ], [ 111807.8984375, 139992.40625 ], [ 111805.296875, 139984.796875 ], [ 111797.703125, 139970.90625 ], [ 111796.3984375, 139951.90625 ], [ 111791.296875, 139934.203125 ], [ 111781.1015625, 139920.296875 ], [ 111768.3984375, 139919.09375 ], [ 111767.1015625, 139933.0 ], [ 111771.0, 139952.0 ], [ 111777.3984375, 139977.296875 ], [ 111780.6015625, 139994.59375 ] ] ], [ [ [ 111815.8984375, 139768.59375 ], [ 111807.6015625, 139793.59375 ], [ 111803.796875, 139812.59375 ], [ 111803.8984375, 139825.296875 ], [ 111809.0, 139839.203125 ], [ 111822.8984375, 139835.40625 ], [ 111836.8984375, 139821.5 ], [ 111850.8984375, 139796.09375 ], [ 111864.796875, 139764.40625 ], [ 111878.796875, 139740.296875 ], [ 111894.0, 139725.09375 ], [ 111904.203125, 139712.5 ], [ 111906.703125, 139698.5 ], [ 111899.1015625, 139689.703125 ], [ 111888.8984375, 139682.09375 ], [ 111872.296875, 139680.796875 ], [ 111854.5, 139693.5 ], [ 111845.703125, 139707.5 ], [ 111834.296875, 139734.09375 ], [ 111824.1015625, 139750.59375 ], [ 111815.8984375, 139768.59375 ] ] ], [ [ [ 110832.796875, 140768.203125 ], [ 110855.203125, 140790.40625 ], [ 110880.703125, 140804.296875 ], [ 110926.3984375, 140800.40625 ], [ 110965.796875, 140787.703125 ], [ 111005.203125, 140768.59375 ], [ 111033.203125, 140731.90625 ], [ 111057.296875, 140700.203125 ], [ 111082.703125, 140668.5 ], [ 111110.6015625, 140638.0 ], [ 111119.5, 140611.40625 ], [ 111111.796875, 140592.5 ], [ 111087.6015625, 140571.0 ], [ 111066.0, 140582.40625 ], [ 111053.296875, 140578.59375 ], [ 111038.0, 140560.90625 ], [ 111016.3984375, 140538.09375 ], [ 110989.6015625, 140521.703125 ], [ 110956.6015625, 140521.796875 ], [ 110937.5, 140529.40625 ], [ 110904.5, 140557.296875 ], [ 110877.796875, 140583.90625 ], [ 110851.1015625, 140606.796875 ], [ 110824.5, 140634.703125 ], [ 110810.5, 140652.40625 ], [ 110804.203125, 140674.0 ], [ 110809.296875, 140701.796875 ], [ 110822.1015625, 140736.0 ], [ 110832.796875, 140768.203125 ] ] ], [ [ [ 111373.203125, 141361.5 ], [ 111369.796875, 141377.09375 ], [ 111364.703125, 141401.203125 ], [ 111369.796875, 141418.90625 ], [ 111386.3984375, 141435.40625 ], [ 111408.0, 141434.09375 ], [ 111427.0, 141416.296875 ], [ 111429.5, 141383.40625 ], [ 111427.0, 141354.296875 ], [ 111420.6015625, 141336.5 ], [ 111402.796875, 141325.203125 ], [ 111373.203125, 141361.5 ] ] ], [ [ [ 111274.1015625, 141483.5 ], [ 111250.3984375, 141493.796875 ], [ 111240.296875, 141533.09375 ], [ 111228.8984375, 141572.40625 ], [ 111221.296875, 141605.296875 ], [ 111220.0, 141637.0 ], [ 111227.703125, 141668.59375 ], [ 111240.5, 141688.796875 ], [ 111259.6015625, 141700.203125 ], [ 111288.796875, 141701.40625 ], [ 111311.703125, 141682.40625 ], [ 111321.796875, 141648.203125 ], [ 111320.5, 141619.09375 ], [ 111328.1015625, 141589.90625 ], [ 111328.1015625, 141568.40625 ], [ 111319.1015625, 141552.0 ], [ 111301.296875, 141520.296875 ], [ 111297.3984375, 141498.796875 ], [ 111289.796875, 141484.90625 ], [ 111274.1015625, 141483.5 ] ] ], [ [ [ 109098.8984375, 173733.5 ], [ 109153.5, 173707.59375 ], [ 109204.8984375, 173654.40625 ], [ 109256.296875, 173599.5 ], [ 109304.5, 173546.296875 ], [ 109359.203125, 173499.40625 ], [ 109418.6015625, 173459.0 ], [ 109489.3984375, 173426.703125 ], [ 109561.796875, 173402.296875 ], [ 109632.5, 173386.0 ], [ 109695.296875, 173360.09375 ], [ 109756.296875, 173311.59375 ], [ 109825.5, 173280.796875 ], [ 109891.3984375, 173256.5 ], [ 109967.0, 173240.203125 ], [ 110047.5, 173236.703125 ], [ 110119.8984375, 173246.09375 ], [ 110192.3984375, 173255.59375 ], [ 110277.703125, 173268.203125 ], [ 110361.3984375, 173292.0 ], [ 110432.296875, 173325.59375 ], [ 110501.6015625, 173352.703125 ], [ 110570.796875, 173376.703125 ], [ 110635.296875, 173413.5 ], [ 110698.1015625, 173450.296875 ], [ 110772.203125, 173472.5 ], [ 110846.203125, 173488.40625 ], [ 110912.203125, 173502.703125 ], [ 110983.1015625, 173525.0 ], [ 111063.6015625, 173528.0 ], [ 111131.203125, 173522.90625 ], [ 111200.296875, 173513.0 ], [ 111225.3984375, 173507.59375 ], [ 111276.0, 173496.703125 ], [ 111350.0, 173485.203125 ], [ 111425.6015625, 173472.09375 ], [ 111498.0, 173457.40625 ], [ 111568.796875, 173434.703125 ], [ 111641.1015625, 173408.703125 ], [ 111707.0, 173368.296875 ], [ 111761.703125, 173324.703125 ], [ 111826.0, 173276.296875 ], [ 111895.1015625, 173247.09375 ], [ 111965.8984375, 173230.796875 ], [ 112043.1015625, 173224.09375 ], [ 112117.203125, 173230.296875 ], [ 112188.0, 173244.59375 ], [ 112254.1015625, 173263.703125 ], [ 112316.8984375, 173295.59375 ], [ 112357.203125, 173353.40625 ], [ 112404.0, 173417.59375 ], [ 112442.703125, 173478.59375 ], [ 112492.703125, 173530.0 ], [ 112550.703125, 173571.59375 ], [ 112610.3984375, 173618.09375 ], [ 112670.0, 173651.703125 ], [ 112732.796875, 173678.796875 ], [ 112802.0, 173701.09375 ], [ 112874.5, 173704.09375 ], [ 112946.8984375, 173684.59375 ], [ 113017.6015625, 173658.59375 ], [ 113085.203125, 173655.203125 ], [ 113156.1015625, 173674.296875 ], [ 113218.8984375, 173703.0 ], [ 113278.5, 173746.296875 ], [ 113331.703125, 173796.0 ], [ 113364.0, 173855.40625 ], [ 113394.703125, 173930.90625 ], [ 113439.8984375, 173991.90625 ], [ 113499.5, 174046.40625 ], [ 113559.203125, 174099.296875 ], [ 113618.796875, 174141.0 ], [ 113686.5, 174172.90625 ], [ 113757.296875, 174198.5 ], [ 113821.796875, 174228.796875 ], [ 113892.703125, 174273.703125 ], [ 113953.8984375, 174305.59375 ], [ 114015.1015625, 174345.703125 ], [ 114060.296875, 174403.40625 ], [ 114099.0, 174472.5 ], [ 114145.796875, 174536.703125 ], [ 114200.6015625, 174584.796875 ], [ 114268.203125, 174592.59375 ], [ 114339.0, 174587.59375 ], [ 114421.1015625, 174584.09375 ], [ 114503.203125, 174587.09375 ], [ 114575.6015625, 174577.203125 ], [ 114654.5, 174573.703125 ], [ 114726.8984375, 174575.09375 ], [ 114796.1015625, 174589.40625 ], [ 114863.703125, 174613.296875 ], [ 114929.796875, 174638.796875 ], [ 114983.0, 174685.296875 ], [ 115016.8984375, 174743.09375 ], [ 115058.8984375, 174813.796875 ], [ 115070.203125, 174879.703125 ], [ 115034.8984375, 174944.09375 ], [ 114998.0, 175003.796875 ], [ 114964.3984375, 175065.0 ], [ 114951.6015625, 175134.203125 ], [ 114959.796875, 175206.59375 ], [ 114992.1015625, 175270.796875 ], [ 115022.796875, 175343.09375 ], [ 115053.5, 175405.796875 ], [ 115113.1015625, 175441.0 ], [ 115179.0, 175400.59375 ], [ 115241.703125, 175365.0 ], [ 115304.3984375, 175342.296875 ], [ 115370.3984375, 175329.203125 ], [ 115444.5, 175346.703125 ], [ 115512.1015625, 175367.40625 ], [ 115579.796875, 175410.59375 ], [ 115626.5, 175461.90625 ], [ 115650.796875, 175534.203125 ], [ 115673.5, 175603.296875 ], [ 115697.796875, 175678.90625 ], [ 115734.8984375, 175747.90625 ], [ 115786.5, 175800.796875 ], [ 115842.8984375, 175848.90625 ], [ 115900.8984375, 175895.40625 ], [ 115960.5, 175925.796875 ], [ 116020.1015625, 175957.796875 ], [ 116094.203125, 175989.703125 ], [ 116158.6015625, 176013.59375 ], [ 116224.703125, 176039.203125 ], [ 116289.1015625, 176076.0 ], [ 116315.0, 176138.59375 ], [ 116282.8984375, 176204.703125 ], [ 116220.203125, 176238.703125 ], [ 116154.296875, 176258.203125 ], [ 116091.5, 176284.09375 ], [ 116043.296875, 176330.90625 ], [ 116016.1015625, 176393.703125 ], [ 116061.296875, 176445.09375 ], [ 116125.703125, 176464.203125 ], [ 116193.203125, 176454.296875 ], [ 116257.6015625, 176426.796875 ], [ 116326.703125, 176399.203125 ], [ 116408.796875, 176402.203125 ], [ 116479.6015625, 176411.59375 ], [ 116558.5, 176427.40625 ], [ 116627.796875, 176446.5 ], [ 116708.296875, 176481.703125 ], [ 116777.6015625, 176518.5 ], [ 116846.796875, 176550.40625 ], [ 116912.8984375, 176587.203125 ], [ 116988.6015625, 176630.40625 ], [ 117059.5, 176668.796875 ], [ 117123.8984375, 176699.203125 ], [ 117191.6015625, 176724.703125 ], [ 117257.6015625, 176769.5 ], [ 117318.8984375, 176806.296875 ], [ 117388.1015625, 176844.703125 ], [ 117454.203125, 176883.09375 ], [ 117481.703125, 176968.296875 ], [ 117509.203125, 177031.0 ], [ 117564.0, 177103.203125 ], [ 117606.0, 177156.09375 ], [ 117662.3984375, 177217.09375 ], [ 117726.8984375, 177257.09375 ], [ 117792.8984375, 177298.703125 ], [ 117854.1015625, 177332.296875 ], [ 117926.6015625, 177362.703125 ], [ 117997.5, 177396.203125 ], [ 118060.296875, 177436.296875 ], [ 118086.203125, 177500.5 ], [ 118100.796875, 177568.0 ], [ 118115.3984375, 177640.40625 ], [ 118133.296875, 177709.5 ], [ 118152.703125, 177775.40625 ], [ 118144.796875, 177847.796875 ], [ 118141.703125, 177921.796875 ], [ 118177.203125, 177987.703125 ], [ 118244.8984375, 178027.703125 ], [ 118317.296875, 178043.5 ], [ 118381.796875, 178072.296875 ], [ 118422.1015625, 178128.5 ], [ 118464.1015625, 178189.5 ], [ 118461.0, 178265.09375 ], [ 118430.5, 178327.90625 ], [ 118438.703125, 178406.703125 ], [ 118467.796875, 178471.0 ], [ 118494.1015625, 178491.296875 ], [ 118525.796875, 178515.796875 ], [ 118599.796875, 178520.40625 ], [ 118662.6015625, 178494.5 ], [ 118718.796875, 178450.90625 ], [ 118765.3984375, 178402.5 ], [ 118818.3984375, 178344.40625 ], [ 118874.6015625, 178294.40625 ], [ 118955.1015625, 178273.203125 ], [ 119035.6015625, 178279.40625 ], [ 119108.0, 178288.796875 ], [ 119175.6015625, 178295.0 ], [ 119215.703125, 178232.203125 ], [ 119254.296875, 178175.796875 ], [ 119267.0, 178106.5 ], [ 119263.703125, 178039.0 ], [ 119273.203125, 177963.296875 ], [ 119289.1015625, 177886.09375 ], [ 119306.703125, 177818.5 ], [ 119342.0, 177754.0 ], [ 119398.203125, 177704.0 ], [ 119462.6015625, 177678.0 ], [ 119531.703125, 177660.09375 ], [ 119597.703125, 177635.796875 ], [ 119658.796875, 177592.203125 ], [ 119703.703125, 177526.09375 ], [ 119742.203125, 177458.40625 ], [ 119796.796875, 177393.90625 ], [ 119851.3984375, 177342.203125 ], [ 119920.6015625, 177305.0 ], [ 119988.1015625, 177282.296875 ], [ 120060.5, 177274.0 ], [ 120128.1015625, 177280.203125 ], [ 120199.0, 177281.59375 ], [ 120273.0, 177266.90625 ], [ 120342.1015625, 177234.5 ], [ 120408.0, 177184.5 ], [ 120464.203125, 177137.59375 ], [ 120509.203125, 177082.796875 ], [ 120559.0, 177029.59375 ], [ 120618.5, 176990.796875 ], [ 120682.796875, 176961.59375 ], [ 120737.3984375, 176910.0 ], [ 120796.8984375, 176872.796875 ], [ 120864.5, 176842.0 ], [ 120930.3984375, 176814.5 ], [ 121002.796875, 176788.5 ], [ 121075.1015625, 176765.796875 ], [ 121155.6015625, 176751.0 ], [ 121228.0, 176741.203125 ], [ 121303.6015625, 176750.59375 ], [ 121366.5, 176772.90625 ], [ 121419.6015625, 176813.0 ], [ 121468.0, 176867.5 ], [ 121529.296875, 176902.703125 ], [ 121595.296875, 176929.796875 ], [ 121661.296875, 176960.203125 ], [ 121701.703125, 177014.796875 ], [ 121713.0, 177082.296875 ], [ 121726.0, 177148.203125 ], [ 121700.3984375, 177220.703125 ], [ 121673.203125, 177281.90625 ], [ 121649.1015625, 177346.296875 ], [ 121697.5, 177394.40625 ], [ 121750.5, 177342.796875 ], [ 121811.6015625, 177313.59375 ], [ 121884.0, 177303.796875 ], [ 121958.1015625, 177338.90625 ], [ 122012.8984375, 177387.0 ], [ 122019.5, 177461.0 ], [ 121997.1015625, 177535.09375 ], [ 121968.296875, 177607.5 ], [ 122005.3984375, 177670.203125 ], [ 122069.8984375, 177726.296875 ], [ 122119.8984375, 177779.203125 ], [ 122155.3984375, 177838.59375 ], [ 122187.703125, 177917.296875 ], [ 122218.3984375, 177991.203125 ], [ 122260.3984375, 178049.0 ], [ 122308.796875, 178095.5 ], [ 122336.203125, 178156.59375 ], [ 122354.1015625, 178227.296875 ], [ 122368.703125, 178301.203125 ], [ 122383.296875, 178376.796875 ], [ 122391.5, 178458.796875 ], [ 122412.5, 178529.5 ], [ 122452.8984375, 178588.90625 ], [ 122507.703125, 178633.796875 ], [ 122556.1015625, 178683.5 ], [ 122602.796875, 178733.203125 ], [ 122644.796875, 178799.09375 ], [ 122675.5, 178858.5 ], [ 122694.8984375, 178924.40625 ], [ 122685.3984375, 179008.09375 ], [ 122680.703125, 179075.59375 ], [ 122693.703125, 179143.203125 ], [ 122734.1015625, 179209.0 ], [ 122785.6015625, 179257.09375 ], [ 122816.296875, 179319.703125 ], [ 122851.8984375, 179380.796875 ], [ 122893.796875, 179438.5 ], [ 122922.796875, 179472.203125 ], [ 122939.8984375, 179513.703125 ], [ 122946.296875, 179517.0 ], [ 122949.5, 179518.59375 ], [ 122959.1015625, 179521.90625 ], [ 122965.5, 179525.203125 ], [ 122971.8984375, 179528.40625 ], [ 122976.703125, 179530.09375 ], [ 122981.5, 179533.296875 ], [ 122987.8984375, 179535.0 ], [ 122991.1015625, 179536.59375 ], [ 122995.8984375, 179539.90625 ], [ 123002.296875, 179539.90625 ], [ 123007.1015625, 179544.796875 ], [ 123013.5, 179548.0 ], [ 123016.703125, 179548.09375 ], [ 123019.8984375, 179551.296875 ], [ 123026.296875, 179554.59375 ], [ 123034.296875, 179557.796875 ], [ 123039.1015625, 179562.703125 ], [ 123045.5, 179566.0 ], [ 123050.296875, 179566.0 ], [ 123056.703125, 179570.90625 ], [ 123059.8984375, 179572.5 ], [ 123066.296875, 179577.40625 ], [ 123069.5, 179580.59375 ], [ 123075.8984375, 179583.90625 ], [ 123080.703125, 179587.09375 ], [ 123085.5, 179590.40625 ], [ 123091.8984375, 179595.296875 ], [ 123096.703125, 179596.90625 ], [ 123099.8984375, 179601.796875 ], [ 123109.5, 179606.59375 ], [ 123117.3984375, 179613.09375 ], [ 123125.3984375, 179618.0 ], [ 123133.3984375, 179621.296875 ], [ 123138.296875, 179622.90625 ], [ 123146.296875, 179624.59375 ], [ 123152.703125, 179629.5 ], [ 123159.1015625, 179631.09375 ], [ 123162.296875, 179631.203125 ], [ 123168.703125, 179634.40625 ], [ 123175.1015625, 179636.09375 ], [ 123184.703125, 179639.40625 ], [ 123189.6015625, 179639.40625 ], [ 123194.3984375, 179639.40625 ], [ 123199.203125, 179641.09375 ], [ 123204.0, 179644.296875 ], [ 123210.3984375, 179644.40625 ], [ 123216.796875, 179649.296875 ], [ 123221.6015625, 179650.90625 ], [ 123226.3984375, 179654.203125 ], [ 123232.796875, 179657.40625 ], [ 123239.203125, 179662.296875 ], [ 123242.3984375, 179665.5 ], [ 123247.203125, 179667.203125 ], [ 123248.796875, 179670.40625 ], [ 123251.8984375, 179673.59375 ], [ 123255.203125, 179673.703125 ], [ 123258.3984375, 179675.296875 ], [ 123261.6015625, 179676.90625 ], [ 123266.3984375, 179678.59375 ], [ 123271.203125, 179681.796875 ], [ 123274.3984375, 179685.09375 ], [ 123279.203125, 179686.703125 ], [ 123282.3984375, 179686.703125 ], [ 123287.203125, 179686.796875 ], [ 123290.3984375, 179690.0 ], [ 123293.6015625, 179690.0 ], [ 123298.3984375, 179691.703125 ], [ 123301.6015625, 179691.703125 ], [ 123309.6015625, 179693.40625 ], [ 123314.5, 179695.0 ], [ 123317.703125, 179695.0 ], [ 123322.5, 179695.09375 ], [ 123325.703125, 179698.296875 ], [ 123330.5, 179701.59375 ], [ 123336.8984375, 179703.203125 ], [ 123343.296875, 179704.90625 ], [ 123348.1015625, 179706.5 ], [ 123354.5, 179709.796875 ], [ 123362.5, 179713.09375 ], [ 123367.296875, 179714.703125 ], [ 123373.796875, 179716.40625 ], [ 123378.5, 179721.203125 ], [ 123383.3984375, 179721.296875 ], [ 123389.796875, 179724.5 ], [ 123396.203125, 179726.203125 ], [ 123404.203125, 179727.90625 ], [ 123410.6015625, 179727.90625 ], [ 123413.796875, 179727.90625 ], [ 123417.0, 179728.0 ], [ 123420.296875, 179729.59375 ], [ 123428.296875, 179729.703125 ], [ 123431.5, 179729.703125 ], [ 123436.296875, 179731.296875 ], [ 123441.1015625, 179731.40625 ], [ 123445.8984375, 179734.59375 ], [ 123450.796875, 179734.703125 ], [ 123454.0, 179734.703125 ], [ 123460.3984375, 179736.296875 ], [ 123465.203125, 179738.0 ], [ 123468.3984375, 179738.0 ], [ 123473.203125, 179741.296875 ], [ 123478.0, 179741.296875 ], [ 123481.203125, 179742.90625 ], [ 123489.203125, 179744.59375 ], [ 123497.296875, 179746.296875 ], [ 123502.1015625, 179746.296875 ], [ 123505.296875, 179746.296875 ], [ 123510.1015625, 179748.0 ], [ 123518.1015625, 179749.59375 ], [ 123524.5, 179751.296875 ], [ 123529.3984375, 179751.296875 ], [ 123534.203125, 179751.40625 ], [ 123537.3984375, 179753.0 ], [ 123540.6015625, 179751.40625 ], [ 123545.3984375, 179753.09375 ], [ 123550.296875, 179753.09375 ], [ 123553.5, 179753.09375 ], [ 123561.5, 179751.59375 ], [ 123566.296875, 179753.203125 ], [ 123571.203125, 179751.703125 ], [ 123579.203125, 179751.703125 ], [ 123582.3984375, 179750.09375 ], [ 123587.203125, 179751.796875 ], [ 123593.703125, 179750.203125 ], [ 123600.1015625, 179748.703125 ], [ 123608.203125, 179747.09375 ], [ 123616.203125, 179747.203125 ], [ 123624.296875, 179747.296875 ], [ 123632.296875, 179745.703125 ], [ 123638.796875, 179742.5 ], [ 123642.0, 179742.59375 ], [ 123645.203125, 179739.40625 ], [ 123650.1015625, 179734.59375 ], [ 123654.8984375, 179731.40625 ], [ 123659.796875, 179728.203125 ], [ 123664.6015625, 179725.0 ], [ 123667.8984375, 179721.90625 ], [ 123669.5, 179718.703125 ], [ 123674.296875, 179717.09375 ], [ 123677.6015625, 179715.5 ], [ 123685.6015625, 179712.40625 ], [ 123692.1015625, 179709.203125 ], [ 123698.6015625, 179704.40625 ], [ 123703.3984375, 179701.296875 ], [ 123708.296875, 179699.703125 ], [ 123714.703125, 179694.90625 ], [ 123718.0, 179691.703125 ], [ 123721.203125, 179690.09375 ], [ 123724.3984375, 179688.5 ], [ 123730.8984375, 179685.40625 ], [ 123739.0, 179680.59375 ], [ 123745.3984375, 179675.796875 ], [ 123750.296875, 179672.703125 ], [ 123755.1015625, 179669.5 ], [ 123758.3984375, 179664.703125 ], [ 123763.203125, 179663.09375 ], [ 123766.5, 179656.703125 ], [ 123773.0, 179653.59375 ], [ 123776.203125, 179652.0 ], [ 123781.0, 179647.203125 ], [ 123785.8984375, 179645.59375 ], [ 123792.3984375, 179640.796875 ], [ 123795.6015625, 179637.703125 ], [ 123798.796875, 179639.296875 ], [ 123805.203125, 179637.703125 ], [ 123810.1015625, 179634.59375 ], [ 123813.296875, 179633.0 ], [ 123816.5, 179633.0 ], [ 123821.3984375, 179631.40625 ], [ 123829.5, 179626.703125 ], [ 123834.296875, 179623.5 ], [ 123839.1015625, 179623.5 ], [ 123844.0, 179622.0 ], [ 123848.796875, 179620.40625 ], [ 123853.6015625, 179617.203125 ], [ 123856.8984375, 179617.203125 ], [ 123860.1015625, 179614.0 ], [ 123863.296875, 179612.5 ], [ 123866.6015625, 179610.90625 ], [ 123869.796875, 179609.296875 ], [ 123874.6015625, 179606.09375 ], [ 123877.8984375, 179604.5 ], [ 123881.1015625, 179603.0 ], [ 123885.8984375, 179601.40625 ], [ 123890.796875, 179598.203125 ], [ 123894.0, 179595.0 ], [ 123897.296875, 179591.796875 ], [ 123902.1015625, 179588.703125 ], [ 123903.796875, 179585.5 ], [ 123908.6015625, 179582.296875 ], [ 123911.796875, 179579.09375 ], [ 123913.5, 179575.90625 ], [ 123916.703125, 179574.296875 ], [ 123918.296875, 179571.09375 ], [ 123921.6015625, 179569.5 ], [ 123924.796875, 179566.296875 ], [ 123926.5, 179563.09375 ], [ 123929.703125, 179559.90625 ], [ 123932.8984375, 179560.0 ], [ 123934.5, 179556.796875 ], [ 123936.203125, 179553.59375 ], [ 123939.3984375, 179550.40625 ], [ 123941.1015625, 179547.203125 ], [ 123944.296875, 179542.40625 ], [ 123947.6015625, 179539.203125 ], [ 123949.203125, 179536.0 ], [ 123950.796875, 179532.796875 ], [ 123950.8984375, 179528.0 ], [ 123952.5, 179524.796875 ], [ 123957.3984375, 179518.40625 ], [ 123959.0, 179515.203125 ], [ 123960.703125, 179510.296875 ], [ 123963.8984375, 179505.5 ], [ 123965.6015625, 179502.296875 ], [ 123967.203125, 179499.09375 ], [ 123972.0, 179497.59375 ], [ 123973.703125, 179492.796875 ], [ 123976.8984375, 179491.203125 ], [ 123980.203125, 179488.0 ], [ 123983.3984375, 179484.796875 ], [ 123986.703125, 179480.0 ], [ 123989.8984375, 179480.0 ], [ 123993.1015625, 179476.796875 ], [ 123998.0, 179473.703125 ], [ 124001.203125, 179470.5 ], [ 124006.0, 179470.5 ], [ 124009.296875, 179465.703125 ], [ 124012.5, 179464.09375 ], [ 124015.796875, 179460.90625 ], [ 124020.6015625, 179459.40625 ], [ 124023.796875, 179459.40625 ], [ 124028.6015625, 179459.40625 ], [ 124031.8984375, 179456.296875 ], [ 124036.703125, 179456.296875 ], [ 124039.8984375, 179454.703125 ], [ 124043.1015625, 179454.703125 ], [ 124048.0, 179454.796875 ], [ 124051.203125, 179453.203125 ], [ 124054.3984375, 179453.203125 ], [ 124062.3984375, 179453.296875 ], [ 124065.703125, 179453.296875 ], [ 124068.8984375, 179454.90625 ], [ 124072.1015625, 179456.59375 ], [ 124075.296875, 179456.59375 ], [ 124078.5, 179455.0 ], [ 124084.8984375, 179458.296875 ], [ 124091.296875, 179456.703125 ], [ 124096.1015625, 179458.296875 ], [ 124102.6015625, 179458.40625 ], [ 124107.3984375, 179456.796875 ], [ 124112.203125, 179456.90625 ], [ 124117.0, 179458.5 ], [ 124121.8984375, 179460.203125 ], [ 124126.703125, 179460.203125 ], [ 124131.5, 179458.59375 ], [ 124136.296875, 179460.296875 ], [ 124139.5, 179460.296875 ], [ 124146.0, 179458.703125 ], [ 124149.203125, 179458.796875 ], [ 124155.6015625, 179460.40625 ], [ 124162.0, 179460.5 ], [ 124165.296875, 179460.5 ], [ 124168.5, 179460.5 ], [ 124171.703125, 179460.5 ], [ 124174.8984375, 179460.59375 ], [ 124179.703125, 179462.203125 ], [ 124184.5, 179465.5 ], [ 124189.296875, 179465.5 ], [ 124192.5, 179465.5 ], [ 124199.0, 179467.203125 ], [ 124202.203125, 179468.796875 ], [ 124207.0, 179468.796875 ], [ 124210.203125, 179470.5 ], [ 124213.3984375, 179470.5 ], [ 124216.6015625, 179472.09375 ], [ 124219.796875, 179473.796875 ], [ 124223.0, 179477.0 ], [ 124226.203125, 179478.59375 ], [ 124229.3984375, 179480.296875 ], [ 124234.203125, 179483.5 ], [ 124240.6015625, 179486.796875 ], [ 124243.796875, 179488.40625 ], [ 124250.203125, 179493.296875 ], [ 124256.6015625, 179495.0 ], [ 124261.3984375, 179498.203125 ], [ 124266.203125, 179499.796875 ], [ 124271.0, 179503.09375 ], [ 124275.796875, 179506.40625 ], [ 124280.6015625, 179506.40625 ], [ 124283.796875, 179508.0 ], [ 124285.3984375, 179511.296875 ], [ 124290.203125, 179514.5 ], [ 124293.3984375, 179516.09375 ], [ 124299.796875, 179519.40625 ], [ 124306.203125, 179524.296875 ], [ 124310.8984375, 179529.09375 ], [ 124314.1015625, 179530.796875 ], [ 124318.8984375, 179534.0 ], [ 124323.796875, 179535.703125 ], [ 124330.203125, 179537.296875 ], [ 124335.0, 179539.0 ], [ 124338.203125, 179539.0 ], [ 124341.3984375, 179542.203125 ], [ 124346.203125, 179543.90625 ], [ 124351.0, 179543.90625 ], [ 124357.3984375, 179547.203125 ], [ 124360.6015625, 179548.796875 ], [ 124363.796875, 179548.796875 ], [ 124368.6015625, 179548.90625 ], [ 124373.5, 179548.90625 ], [ 124384.703125, 179549.0 ], [ 124391.1015625, 179549.0 ], [ 124396.0, 179549.09375 ], [ 124400.796875, 179549.09375 ], [ 124405.6015625, 179547.5 ], [ 124408.796875, 179549.203125 ], [ 124412.1015625, 179547.59375 ], [ 124415.296875, 179547.59375 ], [ 124418.5, 179546.0 ], [ 124421.703125, 179544.5 ], [ 124425.0, 179542.90625 ], [ 124431.3984375, 179539.703125 ], [ 124434.6015625, 179539.703125 ], [ 124437.8984375, 179538.09375 ], [ 124441.1015625, 179538.203125 ], [ 124444.296875, 179533.40625 ], [ 124449.1015625, 179533.40625 ], [ 124450.796875, 179530.203125 ], [ 124454.0, 179528.59375 ], [ 124458.8984375, 179523.796875 ], [ 124462.1015625, 179522.296875 ], [ 124465.296875, 179520.703125 ], [ 124468.6015625, 179519.09375 ], [ 124471.796875, 179517.5 ], [ 124475.0, 179514.296875 ], [ 124479.8984375, 179511.09375 ], [ 124481.5, 179507.90625 ], [ 124486.296875, 179508.0 ], [ 124488.0, 179504.796875 ], [ 124491.203125, 179503.203125 ], [ 124496.0, 179501.59375 ], [ 124499.296875, 179500.0 ], [ 124504.1015625, 179495.296875 ], [ 124509.0, 179490.5 ], [ 124510.6015625, 179487.296875 ], [ 124515.5, 179482.5 ], [ 124518.703125, 179479.296875 ], [ 124522.0, 179476.09375 ], [ 124525.203125, 179472.90625 ], [ 124528.5, 179466.5 ], [ 124533.3984375, 179463.296875 ], [ 124564.5, 179450.09375 ], [ 124581.1015625, 179423.0 ], [ 124628.5, 179336.5 ], [ 124635.703125, 179249.703125 ], [ 124658.8984375, 179172.59375 ], [ 124682.1015625, 179087.5 ], [ 124673.203125, 179003.703125 ], [ 124666.0, 178912.0 ], [ 124663.5, 178831.5 ], [ 124655.8984375, 178804.40625 ], [ 124674.203125, 178765.40625 ], [ 124701.3984375, 178699.40625 ], [ 124715.796875, 178631.796875 ], [ 124741.3984375, 178559.296875 ], [ 124789.6015625, 178502.90625 ], [ 124844.203125, 178462.5 ], [ 124905.296875, 178425.296875 ], [ 124969.703125, 178401.0 ], [ 125037.296875, 178394.296875 ], [ 125120.8984375, 178384.40625 ], [ 125188.5, 178360.09375 ], [ 125247.8984375, 178308.40625 ], [ 125294.5, 178258.40625 ], [ 125297.6015625, 178176.296875 ], [ 125294.203125, 178100.796875 ], [ 125329.5, 178039.5 ], [ 125380.8984375, 177986.296875 ], [ 125422.703125, 177929.796875 ], [ 125425.703125, 177855.796875 ], [ 125415.8984375, 177773.796875 ], [ 125414.203125, 177701.40625 ], [ 125406.0, 177633.90625 ], [ 125381.796875, 177558.40625 ], [ 125354.296875, 177492.5 ], [ 125339.703125, 177426.59375 ], [ 125318.6015625, 177352.59375 ], [ 125328.1015625, 177277.0 ], [ 125360.203125, 177211.0 ], [ 125403.5, 177154.5 ], [ 125472.6015625, 177077.09375 ], [ 125519.203125, 177025.5 ], [ 125520.703125, 176957.90625 ], [ 125496.3984375, 176859.796875 ], [ 125505.8984375, 176784.203125 ], [ 125554.1015625, 176726.203125 ], [ 125597.3984375, 176674.5 ], [ 125639.203125, 176619.703125 ], [ 125688.8984375, 176553.59375 ], [ 125732.296875, 176492.296875 ], [ 125777.203125, 176418.203125 ], [ 125806.0, 176345.703125 ], [ 125826.796875, 176276.5 ], [ 125821.8984375, 176207.296875 ], [ 125810.5, 176138.203125 ], [ 125810.296875, 176049.703125 ], [ 125815.0, 175972.5 ], [ 125839.0, 175883.90625 ], [ 125858.203125, 175800.203125 ], [ 125880.6015625, 175726.203125 ], [ 125911.0, 175664.90625 ], [ 125954.3984375, 175610.09375 ], [ 125996.1015625, 175550.5 ], [ 126041.1015625, 175486.0 ], [ 126089.203125, 175423.09375 ], [ 126143.796875, 175334.40625 ], [ 126191.8984375, 175253.90625 ], [ 126227.203125, 175191.0 ], [ 126262.5, 175129.796875 ], [ 126307.5, 175068.5 ], [ 126354.0, 175005.59375 ], [ 126411.796875, 174926.59375 ], [ 126456.796875, 174873.40625 ], [ 126498.5, 174812.09375 ], [ 126546.703125, 174760.5 ], [ 126602.8984375, 174707.296875 ], [ 126660.796875, 174668.5 ], [ 126739.6015625, 174632.796875 ], [ 126812.0, 174610.09375 ], [ 126886.0, 174600.203125 ], [ 126952.0, 174616.09375 ], [ 127019.6015625, 174625.5 ], [ 127092.1015625, 174636.59375 ], [ 127170.8984375, 174647.59375 ], [ 127259.5, 174668.203125 ], [ 127340.0, 174682.5 ], [ 127412.3984375, 174690.296875 ], [ 127480.0, 174675.59375 ], [ 127545.8984375, 174625.5 ], [ 127611.796875, 174604.40625 ], [ 127695.5, 174589.703125 ], [ 127769.6015625, 174595.90625 ], [ 127853.296875, 174618.09375 ], [ 127922.6015625, 174654.90625 ], [ 127982.203125, 174707.796875 ], [ 128038.6015625, 174759.09375 ], [ 128090.203125, 174818.5 ], [ 128141.796875, 174868.203125 ], [ 128180.6015625, 174940.5 ], [ 128204.796875, 175007.90625 ], [ 128217.8984375, 175086.703125 ], [ 128221.203125, 175157.5 ], [ 128218.1015625, 175226.703125 ], [ 128216.6015625, 175295.796875 ], [ 128220.0, 175371.40625 ], [ 128223.3984375, 175450.296875 ], [ 128233.1015625, 175519.40625 ], [ 128241.296875, 175591.796875 ], [ 128246.296875, 175664.09375 ], [ 128246.3984375, 175739.796875 ], [ 128246.5, 175812.09375 ], [ 128243.3984375, 175881.296875 ], [ 128235.5, 175950.5 ], [ 128221.203125, 176023.0 ], [ 128197.203125, 176111.5 ], [ 128174.796875, 176188.796875 ], [ 128162.1015625, 176261.203125 ], [ 128146.1015625, 176332.0 ], [ 128131.703125, 176401.296875 ], [ 128114.203125, 176470.5 ], [ 128093.3984375, 176534.90625 ], [ 128074.203125, 176613.796875 ], [ 128051.796875, 176676.59375 ], [ 128018.1015625, 176736.203125 ], [ 127981.203125, 176799.09375 ], [ 127941.0, 176860.296875 ], [ 127899.296875, 176920.0 ], [ 127868.796875, 176981.203125 ], [ 127870.6015625, 177052.0 ], [ 127878.796875, 177119.5 ], [ 127874.1015625, 177191.90625 ], [ 127867.703125, 177261.09375 ], [ 127842.1015625, 177340.0 ], [ 127810.1015625, 177402.796875 ], [ 127771.5, 177457.703125 ], [ 127729.796875, 177515.703125 ], [ 127683.203125, 177564.09375 ], [ 127620.5, 177594.90625 ], [ 127562.6015625, 177635.296875 ], [ 127514.3984375, 177682.09375 ], [ 127467.8984375, 177736.90625 ], [ 127431.0, 177794.90625 ], [ 127405.296875, 177861.0 ], [ 127384.5, 177925.40625 ], [ 127358.8984375, 177991.40625 ], [ 127333.296875, 178065.5 ], [ 127314.1015625, 178133.09375 ], [ 127277.203125, 178194.296875 ], [ 127245.1015625, 178263.59375 ], [ 127242.0, 178331.203125 ], [ 127274.296875, 178406.703125 ], [ 127314.703125, 178466.09375 ], [ 127369.5, 178520.59375 ], [ 127443.6015625, 178554.203125 ], [ 127511.203125, 178576.5 ], [ 127582.1015625, 178587.5 ], [ 127656.1015625, 178595.296875 ], [ 127728.6015625, 178599.90625 ], [ 127807.5, 178628.703125 ], [ 127873.5, 178652.59375 ], [ 127937.8984375, 178673.296875 ], [ 128007.203125, 178705.296875 ], [ 128071.6015625, 178745.296875 ], [ 128131.296875, 178793.296875 ], [ 128194.1015625, 178849.5 ], [ 128253.703125, 178891.09375 ], [ 128313.3984375, 178926.296875 ], [ 128381.0, 178964.703125 ], [ 128453.5, 178985.40625 ], [ 128543.703125, 179017.296875 ], [ 128606.5, 179041.203125 ], [ 128667.703125, 179082.796875 ], [ 128724.1015625, 179132.5 ], [ 128745.8984375, 179154.90625 ], [ 128809.0, 179203.296875 ], [ 128874.796875, 179249.0 ], [ 128969.203125, 179320.5 ], [ 128969.203125, 179323.296875 ], [ 128972.0, 179323.296875 ], [ 129029.203125, 179363.40625 ], [ 129073.703125, 179406.09375 ], [ 129270.796875, 179586.59375 ], [ 129511.0, 179700.90625 ], [ 129773.1015625, 179724.796875 ], [ 130034.0, 179805.09375 ], [ 130283.703125, 179906.40625 ], [ 130496.796875, 180064.296875 ], [ 130692.296875, 180246.40625 ], [ 130769.296875, 180503.40625 ], [ 131012.5, 180593.40625 ], [ 131274.296875, 180546.59375 ], [ 131534.59375, 180523.90625 ], [ 131798.09375, 180494.796875 ], [ 132037.0, 180380.5 ], [ 132182.09375, 180163.90625 ], [ 132352.90625, 179945.5 ], [ 132491.5, 179714.40625 ], [ 132635.0, 179488.203125 ], [ 132905.203125, 179513.703125 ], [ 133165.703125, 179532.796875 ], [ 133423.09375, 179569.703125 ], [ 133658.703125, 179716.203125 ], [ 133771.0, 179968.09375 ], [ 133940.203125, 179748.09375 ], [ 134203.796875, 179755.90625 ], [ 134345.703125, 179524.796875 ], [ 134336.90625, 179335.0 ], [ 134317.203125, 179338.796875 ], [ 134249.59375, 179358.296875 ], [ 134180.5, 179373.0 ], [ 134109.703125, 179376.5 ], [ 134091.796875, 179307.40625 ], [ 134094.90625, 179235.0 ], [ 134094.796875, 179159.296875 ], [ 134102.703125, 179082.09375 ], [ 134107.40625, 179011.296875 ], [ 134116.90625, 178943.703125 ], [ 134128.0, 178871.296875 ], [ 134137.59375, 178795.703125 ], [ 134147.09375, 178726.5 ], [ 134172.703125, 178662.0 ], [ 134206.40625, 178600.796875 ], [ 134241.703125, 178534.703125 ], [ 134275.40625, 178463.796875 ], [ 134302.59375, 178401.0 ], [ 134294.5, 178333.5 ], [ 134310.40625, 178257.796875 ], [ 134329.59375, 178187.0 ], [ 134358.40625, 178101.59375 ], [ 134382.40625, 178029.203125 ], [ 134409.703125, 177964.796875 ], [ 134438.5, 177897.09375 ], [ 134467.296875, 177826.203125 ], [ 134494.59375, 177758.59375 ], [ 134520.203125, 177690.90625 ], [ 134545.796875, 177620.09375 ], [ 134566.59375, 177554.09375 ], [ 134589.0, 177491.296875 ], [ 134609.796875, 177426.796875 ], [ 134635.5, 177360.796875 ], [ 134680.40625, 177302.796875 ], [ 134736.703125, 177260.796875 ], [ 134797.796875, 177225.203125 ], [ 134862.09375, 177200.796875 ], [ 134923.203125, 177158.796875 ], [ 134976.203125, 177118.5 ], [ 135022.796875, 177066.796875 ], [ 135066.203125, 177007.203125 ], [ 135101.5, 176941.09375 ], [ 135131.90625, 176867.0 ], [ 135151.09375, 176796.203125 ], [ 135165.40625, 176722.09375 ], [ 135165.296875, 176654.59375 ], [ 135142.59375, 176583.90625 ], [ 135132.90625, 176513.09375 ], [ 135139.203125, 176442.296875 ], [ 135153.5, 176374.703125 ], [ 135193.703125, 176321.5 ], [ 135256.40625, 176292.296875 ], [ 135322.296875, 176266.40625 ], [ 135365.703125, 176201.90625 ], [ 135394.5, 176127.796875 ], [ 135447.5, 176056.90625 ], [ 135518.296875, 176035.796875 ], [ 135585.796875, 176024.296875 ], [ 135651.796875, 176011.203125 ], [ 135683.90625, 175945.203125 ], [ 135698.203125, 175858.203125 ], [ 135710.90625, 175785.796875 ], [ 135725.296875, 175711.796875 ], [ 135739.59375, 175640.90625 ], [ 135752.40625, 175565.296875 ], [ 135760.296875, 175491.296875 ], [ 135744.09375, 175425.40625 ], [ 135686.09375, 175390.203125 ], [ 135640.90625, 175337.203125 ], [ 135619.90625, 175268.09375 ], [ 135613.296875, 175200.59375 ], [ 135616.40625, 175128.203125 ], [ 135587.296875, 175041.40625 ], [ 135553.296875, 174973.90625 ], [ 135524.203125, 174901.59375 ], [ 135512.796875, 174834.09375 ], [ 135506.296875, 174761.703125 ], [ 135504.5, 174691.0 ], [ 135507.59375, 174608.90625 ], [ 135513.90625, 174536.5 ], [ 135531.5, 174459.203125 ], [ 135549.09375, 174394.796875 ], [ 135571.5, 174330.40625 ], [ 135600.296875, 174254.703125 ], [ 135643.59375, 174185.40625 ], [ 135678.90625, 174121.0 ], [ 135711.0, 174054.90625 ], [ 135720.5, 173977.59375 ], [ 135707.5, 173910.09375 ], [ 135667.203125, 173841.09375 ], [ 135646.09375, 173772.0 ], [ 135658.796875, 173693.09375 ], [ 135673.203125, 173620.703125 ], [ 135687.5, 173548.203125 ], [ 135706.703125, 173464.5 ], [ 135735.5, 173379.203125 ], [ 135769.203125, 173306.703125 ], [ 135801.296875, 173242.203125 ], [ 135833.296875, 173181.0 ], [ 135865.40625, 173106.90625 ], [ 135892.59375, 173045.703125 ], [ 135926.296875, 172971.59375 ], [ 135960.0, 172897.5 ], [ 135995.203125, 172826.59375 ], [ 136030.5, 172760.5 ], [ 136067.703125, 172704.5 ], [ 136069.0, 172702.5 ], [ 136117.203125, 172641.203125 ], [ 136173.40625, 172584.796875 ], [ 136231.296875, 172529.90625 ], [ 136281.09375, 172467.0 ], [ 136321.203125, 172399.296875 ], [ 136366.09375, 172321.90625 ], [ 136414.296875, 172257.5 ], [ 136460.796875, 172201.0 ], [ 136492.90625, 172136.59375 ], [ 136507.296875, 172065.703125 ], [ 136518.40625, 171999.703125 ], [ 136529.5, 171933.796875 ], [ 136566.40625, 171854.796875 ], [ 136604.90625, 171785.5 ], [ 136637.0, 171719.5 ], [ 136661.0, 171655.0 ], [ 136697.90625, 171577.703125 ], [ 136738.0, 171506.796875 ], [ 136779.703125, 171431.09375 ], [ 136813.40625, 171373.09375 ], [ 136853.5, 171315.0 ], [ 136890.40625, 171257.0 ], [ 136927.296875, 171199.0 ], [ 136954.59375, 171134.5 ], [ 136972.203125, 171068.5 ], [ 136986.5, 171000.90625 ], [ 136992.796875, 170930.09375 ], [ 136995.90625, 170859.296875 ], [ 136999.0, 170791.796875 ], [ 137013.40625, 170724.203125 ], [ 137045.40625, 170653.296875 ], [ 137085.59375, 170600.09375 ], [ 137128.90625, 170548.5 ], [ 137165.796875, 170477.5 ], [ 137197.90625, 170414.703125 ], [ 137210.59375, 170340.703125 ], [ 137210.5, 170271.5 ], [ 137205.59375, 170202.296875 ], [ 137199.0, 170126.796875 ], [ 137154.59375, 170071.5 ], [ 137153.796875, 170070.59375 ], [ 137084.59375, 170056.296875 ], [ 137017.0, 170053.296875 ], [ 136943.0, 170056.796875 ], [ 136875.40625, 170063.40625 ], [ 136806.203125, 170086.203125 ], [ 136735.5, 170118.5 ], [ 136659.90625, 170159.0 ], [ 136597.203125, 170188.09375 ], [ 136532.90625, 170214.09375 ], [ 136460.40625, 170217.5 ], [ 136421.703125, 170158.09375 ], [ 136418.40625, 170087.40625 ], [ 136424.703125, 170016.5 ], [ 136435.796875, 169931.296875 ], [ 136437.296875, 169863.703125 ], [ 136453.203125, 169789.59375 ], [ 136476.703125, 169732.0 ], [ 136478.90625, 169726.796875 ], [ 136512.5, 169664.0 ], [ 136585.0, 169663.796875 ], [ 136652.59375, 169682.90625 ], [ 136718.59375, 169702.0 ], [ 136731.40625, 169632.796875 ], [ 136745.703125, 169565.09375 ], [ 136774.59375, 169489.40625 ], [ 136813.09375, 169428.203125 ], [ 136872.5, 169383.0 ], [ 136928.796875, 169344.203125 ], [ 136983.40625, 169297.40625 ], [ 136976.90625, 169220.203125 ], [ 136909.203125, 169180.203125 ], [ 136860.796875, 169133.703125 ], [ 136886.5, 169070.796875 ], [ 136934.703125, 169024.0 ], [ 136986.09375, 168974.0 ], [ 137014.90625, 168911.203125 ], [ 137058.296875, 168851.5 ], [ 137098.40625, 168793.5 ], [ 137120.796875, 168730.703125 ], [ 137160.90625, 168669.40625 ], [ 137193.0, 168606.59375 ], [ 137212.203125, 168532.5 ], [ 137234.59375, 168464.90625 ], [ 137263.40625, 168395.59375 ], [ 137298.703125, 168316.703125 ], [ 137330.796875, 168245.796875 ], [ 137364.5, 168184.59375 ], [ 137412.59375, 168133.0 ], [ 137483.40625, 168115.09375 ], [ 137551.0, 168098.796875 ], [ 137594.296875, 168027.796875 ], [ 137631.203125, 167963.40625 ], [ 137647.203125, 167891.0 ], [ 137668.0, 167824.90625 ], [ 137682.296875, 167750.90625 ], [ 137693.5, 167676.796875 ], [ 137703.0, 167606.0 ], [ 137707.703125, 167528.796875 ], [ 137731.703125, 167466.0 ], [ 137752.5, 167388.703125 ], [ 137779.703125, 167309.796875 ], [ 137808.5, 167240.5 ], [ 137840.59375, 167174.5 ], [ 137874.296875, 167113.296875 ], [ 137911.203125, 167042.40625 ], [ 137951.296875, 166979.5 ], [ 137985.0, 166911.796875 ], [ 138013.796875, 166839.40625 ], [ 138044.296875, 166766.90625 ], [ 138053.796875, 166699.296875 ], [ 138023.09375, 166635.0 ], [ 138003.703125, 166570.703125 ], [ 138013.203125, 166498.296875 ], [ 138051.703125, 166429.0 ], [ 138085.40625, 166371.0 ], [ 138133.59375, 166324.203125 ], [ 138176.90625, 166271.0 ], [ 138205.796875, 166205.0 ], [ 138213.703125, 166135.796875 ], [ 138224.796875, 166063.296875 ], [ 138237.59375, 165997.296875 ], [ 138245.5, 165923.296875 ], [ 138258.296875, 165855.703125 ], [ 138301.59375, 165794.40625 ], [ 138372.40625, 165783.0 ], [ 138443.203125, 165771.5 ], [ 138512.40625, 165766.40625 ], [ 138580.0, 165775.90625 ], [ 138654.0, 165774.0 ], [ 138716.796875, 165749.703125 ], [ 138781.09375, 165720.59375 ], [ 138843.796875, 165685.0 ], [ 138901.59375, 165641.40625 ], [ 138959.5, 165588.09375 ], [ 139004.40625, 165522.0 ], [ 139034.90625, 165462.40625 ], [ 139057.296875, 165399.59375 ], [ 139086.203125, 165333.5 ], [ 139105.40625, 165269.09375 ], [ 139126.09375, 165193.5 ], [ 139166.296875, 165124.203125 ], [ 139206.40625, 165058.09375 ], [ 139240.0, 164995.296875 ], [ 139267.296875, 164930.796875 ], [ 139296.09375, 164869.59375 ], [ 139334.59375, 164797.09375 ], [ 139361.90625, 164731.0 ], [ 139389.09375, 164665.0 ], [ 139422.796875, 164600.59375 ], [ 139456.5, 164539.296875 ], [ 139498.203125, 164486.09375 ], [ 139541.59375, 164434.5 ], [ 139604.296875, 164395.703125 ], [ 139671.796875, 164364.90625 ], [ 139737.796875, 164342.203125 ], [ 139816.59375, 164330.703125 ], [ 139885.796875, 164322.40625 ], [ 139948.5, 164299.703125 ], [ 140003.203125, 164261.0 ], [ 140059.40625, 164223.796875 ], [ 140128.59375, 164186.59375 ], [ 140209.0, 164144.5 ], [ 140278.09375, 164105.703125 ], [ 140334.40625, 164068.5 ], [ 140384.203125, 164010.40625 ], [ 140414.59375, 163949.203125 ], [ 140438.59375, 163878.296875 ], [ 140473.90625, 163809.09375 ], [ 140520.5, 163746.203125 ], [ 140573.5, 163699.40625 ], [ 140631.40625, 163660.59375 ], [ 140703.703125, 163634.59375 ], [ 140768.09375, 163611.90625 ], [ 140835.59375, 163595.59375 ], [ 140906.40625, 163572.90625 ], [ 140970.796875, 163548.5 ], [ 141043.09375, 163524.203125 ], [ 141110.703125, 163506.296875 ], [ 141171.796875, 163478.703125 ], [ 141215.203125, 163427.09375 ], [ 141260.09375, 163361.0 ], [ 141288.90625, 163291.796875 ], [ 141295.296875, 163217.796875 ], [ 141295.09375, 163148.59375 ], [ 141298.203125, 163073.0 ], [ 141317.40625, 163005.296875 ], [ 141354.296875, 162937.703125 ], [ 141407.296875, 162876.40625 ], [ 141468.296875, 162819.90625 ], [ 141524.59375, 162774.703125 ], [ 141571.203125, 162719.796875 ], [ 141612.90625, 162665.0 ], [ 141646.59375, 162600.5 ], [ 141681.90625, 162524.796875 ], [ 141717.203125, 162465.203125 ], [ 141747.59375, 162405.59375 ], [ 141784.5, 162347.59375 ], [ 141837.59375, 162302.40625 ], [ 141897.0, 162245.90625 ], [ 141948.40625, 162197.5 ], [ 142004.59375, 162141.0 ], [ 142043.09375, 162073.296875 ], [ 142065.59375, 162004.0 ], [ 142060.59375, 161926.796875 ], [ 142042.796875, 161856.09375 ], [ 142036.203125, 161788.59375 ], [ 142074.703125, 161722.5 ], [ 142132.59375, 161678.90625 ], [ 142190.40625, 161636.90625 ], [ 142237.0, 161577.203125 ], [ 142254.59375, 161511.203125 ], [ 142240.0, 161443.703125 ], [ 142215.703125, 161381.0 ], [ 142209.09375, 161308.703125 ], [ 142217.0, 161233.0 ], [ 142229.796875, 161159.0 ], [ 142239.296875, 161083.40625 ], [ 142245.59375, 161015.796875 ], [ 142247.09375, 160943.40625 ], [ 142235.703125, 160872.59375 ], [ 142219.5, 160803.5 ], [ 142201.703125, 160739.203125 ], [ 142171.0, 160668.5 ], [ 142129.0, 160609.09375 ], [ 142074.203125, 160546.59375 ], [ 142029.0, 160492.0 ], [ 141983.796875, 160437.5 ], [ 141964.40625, 160373.203125 ], [ 141977.203125, 160304.0 ], [ 141991.5, 160231.5 ], [ 141973.703125, 160156.0 ], [ 141960.703125, 160083.59375 ], [ 141970.203125, 160011.203125 ], [ 141987.796875, 159942.0 ], [ 142008.59375, 159877.59375 ], [ 142043.90625, 159816.296875 ], [ 142079.203125, 159753.5 ], [ 142096.796875, 159685.90625 ], [ 142117.5, 159613.40625 ], [ 142152.796875, 159553.796875 ], [ 142197.796875, 159500.59375 ], [ 142260.5, 159442.5 ], [ 142315.09375, 159390.796875 ], [ 142371.296875, 159337.5 ], [ 142424.296875, 159281.09375 ], [ 142475.703125, 159227.796875 ], [ 142520.703125, 159169.796875 ], [ 142556.0, 159095.703125 ], [ 142567.09375, 159016.796875 ], [ 142557.296875, 158939.59375 ], [ 142553.90625, 158870.5 ], [ 142568.296875, 158802.90625 ], [ 142608.40625, 158738.40625 ], [ 142638.90625, 158670.703125 ], [ 142695.09375, 158620.703125 ], [ 142754.59375, 158570.59375 ], [ 142807.59375, 158517.40625 ], [ 142870.296875, 158485.0 ], [ 142923.296875, 158438.203125 ], [ 142971.5, 158383.40625 ], [ 143021.296875, 158331.703125 ], [ 143074.296875, 158281.703125 ], [ 143104.796875, 158214.0 ], [ 143135.203125, 158151.203125 ], [ 143201.203125, 158123.703125 ], [ 143218.59375, 158122.0 ], [ 143272.0, 158117.0 ], [ 143342.796875, 158112.0 ], [ 143412.0, 158116.59375 ], [ 143478.0, 158153.40625 ], [ 143553.703125, 158154.703125 ], [ 143637.40625, 158138.40625 ], [ 143708.09375, 158114.0 ], [ 143770.796875, 158084.90625 ], [ 143830.296875, 158054.09375 ], [ 143891.40625, 158017.0 ], [ 143957.296875, 157984.59375 ], [ 144039.40625, 157952.203125 ], [ 144108.5, 157934.296875 ], [ 144176.09375, 157911.5 ], [ 144242.0, 157888.796875 ], [ 144312.796875, 157885.40625 ], [ 144380.40625, 157864.203125 ], [ 144462.40625, 157827.0 ], [ 144534.796875, 157786.5 ], [ 144597.5, 157747.703125 ], [ 144671.40625, 157707.296875 ], [ 144729.296875, 157671.703125 ], [ 144792.0, 157636.09375 ], [ 144869.296875, 157647.203125 ], [ 144936.90625, 157685.59375 ], [ 145014.203125, 157703.0 ], [ 145085.0, 157698.0 ], [ 145155.796875, 157686.5 ], [ 145225.0, 157689.5 ], [ 145291.0, 157708.59375 ], [ 145363.5, 157727.703125 ], [ 145431.09375, 157740.296875 ], [ 145503.5, 157720.796875 ], [ 145569.40625, 157685.203125 ], [ 145625.703125, 157649.59375 ], [ 145678.703125, 157604.40625 ], [ 145743.0, 157551.203125 ], [ 145789.59375, 157494.703125 ], [ 145831.296875, 157438.296875 ], [ 145885.90625, 157378.59375 ], [ 145948.59375, 157338.203125 ], [ 146017.796875, 157313.796875 ], [ 146037.0, 157247.796875 ], [ 146056.203125, 157178.59375 ], [ 146102.703125, 157109.296875 ], [ 146147.703125, 157059.296875 ], [ 146192.59375, 157002.796875 ], [ 146237.59375, 156943.203125 ], [ 146274.5, 156885.09375 ], [ 146316.203125, 156825.5 ], [ 146369.203125, 156754.5 ], [ 146407.703125, 156691.703125 ], [ 146447.90625, 156633.59375 ], [ 146497.59375, 156557.90625 ], [ 146534.5, 156501.5 ], [ 146584.296875, 156424.09375 ], [ 146626.0, 156364.40625 ], [ 146672.59375, 156290.296875 ], [ 146720.703125, 156219.40625 ], [ 146762.5, 156164.5 ], [ 146815.5, 156108.09375 ], [ 146868.5, 156067.703125 ], [ 146939.296875, 156048.203125 ], [ 147010.0, 156027.0 ], [ 147064.703125, 155980.203125 ], [ 147101.59375, 155917.40625 ], [ 147156.203125, 155862.5 ], [ 147207.59375, 155814.09375 ], [ 147273.5, 155776.90625 ], [ 147333.0, 155739.703125 ], [ 147392.5, 155704.09375 ], [ 147384.296875, 155636.59375 ], [ 147337.59375, 155588.5 ], [ 147387.40625, 155527.203125 ], [ 147456.5, 155490.0 ], [ 147512.703125, 155446.40625 ], [ 147564.203125, 155402.796875 ], [ 147626.90625, 155373.59375 ], [ 147691.203125, 155350.90625 ], [ 147755.59375, 155371.59375 ], [ 147824.796875, 155340.796875 ], [ 147887.5, 155300.40625 ], [ 147940.5, 155242.40625 ], [ 147980.59375, 155171.5 ], [ 148011.0, 155097.40625 ], [ 148022.203125, 155029.796875 ], [ 148033.296875, 154962.203125 ], [ 148052.5, 154894.5 ], [ 148087.796875, 154828.5 ], [ 148126.296875, 154762.40625 ], [ 148164.796875, 154701.203125 ], [ 148214.59375, 154641.5 ], [ 148256.296875, 154583.40625 ], [ 148286.796875, 154520.59375 ], [ 148301.203125, 154451.40625 ], [ 148318.703125, 154382.203125 ], [ 148341.09375, 154314.5 ], [ 148339.40625, 154234.09375 ], [ 148310.296875, 154171.5 ], [ 148313.40625, 154095.796875 ], [ 148358.296875, 154026.5 ], [ 148395.203125, 153960.5 ], [ 148427.296875, 153896.0 ], [ 148467.40625, 153825.09375 ], [ 148514.0, 153773.5 ], [ 148567.0, 153723.5 ], [ 148607.09375, 153662.203125 ], [ 148634.40625, 153599.40625 ], [ 148647.09375, 153525.296875 ], [ 148659.796875, 153446.5 ], [ 148671.0, 153377.296875 ], [ 148688.5, 153306.40625 ], [ 148706.09375, 153238.796875 ], [ 148723.703125, 153166.40625 ], [ 148765.40625, 153103.5 ], [ 148826.5, 153051.796875 ], [ 148887.59375, 153003.40625 ], [ 148940.59375, 152955.0 ], [ 148988.796875, 152896.90625 ], [ 149020.796875, 152830.796875 ], [ 149044.796875, 152755.203125 ], [ 149068.90625, 152690.703125 ], [ 149084.796875, 152623.09375 ], [ 149083.09375, 152552.40625 ], [ 149095.796875, 152475.09375 ], [ 149088.296875, 152412.796875 ], [ 149087.703125, 152407.59375 ], [ 149023.296875, 152388.5 ], [ 148955.703125, 152411.203125 ], [ 148884.90625, 152437.09375 ], [ 148822.203125, 152459.90625 ], [ 148757.90625, 152485.796875 ], [ 148691.90625, 152508.5 ], [ 148614.703125, 152524.796875 ], [ 148553.5, 152483.203125 ], [ 148516.296875, 152427.0 ], [ 148487.296875, 152366.0 ], [ 148451.703125, 152298.5 ], [ 148406.59375, 152242.40625 ], [ 148358.203125, 152195.90625 ], [ 148305.0, 152151.0 ], [ 148231.0, 152138.296875 ], [ 148156.90625, 152140.203125 ], [ 148089.296875, 152143.59375 ], [ 148010.5, 152145.5 ], [ 147942.90625, 152137.59375 ], [ 147868.796875, 152120.203125 ], [ 147798.0, 152104.296875 ], [ 147723.90625, 152090.0 ], [ 147657.90625, 152067.703125 ], [ 147587.0, 152043.796875 ], [ 147517.796875, 152031.203125 ], [ 147450.203125, 152012.09375 ], [ 147382.5, 151993.0 ], [ 147318.09375, 151973.90625 ], [ 147248.90625, 151943.5 ], [ 147190.90625, 151909.90625 ], [ 147136.09375, 151865.0 ], [ 147084.5, 151821.796875 ], [ 147031.296875, 151773.703125 ], [ 146979.703125, 151722.40625 ], [ 146950.59375, 151659.703125 ], [ 146955.296875, 151588.90625 ], [ 146985.796875, 151521.296875 ], [ 147029.09375, 151461.59375 ], [ 147067.59375, 151400.40625 ], [ 147112.59375, 151340.703125 ], [ 147167.203125, 151297.09375 ], [ 147210.59375, 151245.5 ], [ 147255.5, 151195.5 ], [ 147310.203125, 151140.59375 ], [ 147430.5, 150890.5 ], [ 147459.703125, 150848.796875 ], [ 147487.40625, 150807.203125 ], [ 147515.0, 150768.703125 ], [ 147539.40625, 150728.703125 ], [ 147563.796875, 150685.40625 ], [ 147583.40625, 150645.296875 ], [ 147601.296875, 150603.59375 ], [ 147617.703125, 150563.5 ], [ 147635.703125, 150521.703125 ], [ 147652.0, 150473.59375 ], [ 147665.203125, 150430.203125 ], [ 147684.796875, 150390.09375 ], [ 147699.5, 150348.40625 ], [ 147712.59375, 150306.703125 ], [ 147727.40625, 150258.5 ], [ 147743.796875, 150212.0 ], [ 147761.796875, 150165.40625 ], [ 147789.40625, 150128.59375 ], [ 147828.296875, 150091.796875 ], [ 147857.5, 150059.796875 ], [ 147888.296875, 150023.0 ], [ 147917.5, 149986.09375 ], [ 147953.203125, 149946.09375 ], [ 147993.796875, 149899.703125 ], [ 148026.296875, 149858.0 ], [ 148061.90625, 149822.796875 ], [ 148096.0, 149784.40625 ], [ 148126.796875, 149747.59375 ], [ 148154.5, 149702.703125 ], [ 148175.703125, 149662.59375 ], [ 148196.90625, 149619.296875 ], [ 148210.0, 149576.0 ], [ 148215.09375, 149529.40625 ], [ 148202.5, 149484.296875 ], [ 148180.09375, 149447.203125 ], [ 148148.09375, 149405.203125 ], [ 148092.0, 149335.796875 ], [ 148087.5, 149290.796875 ], [ 148097.40625, 149239.296875 ], [ 148113.796875, 149196.0 ], [ 148136.59375, 149157.5 ], [ 148167.40625, 149112.703125 ], [ 148195.09375, 149074.203125 ], [ 148222.703125, 149034.203125 ], [ 148252.0, 148989.296875 ], [ 148287.703125, 148946.09375 ], [ 148313.703125, 148909.203125 ], [ 148346.203125, 148867.59375 ], [ 148373.796875, 148817.90625 ], [ 148399.90625, 148776.203125 ], [ 148432.40625, 148731.296875 ], [ 148458.40625, 148691.296875 ], [ 148503.59375, 148680.296875 ], [ 148548.703125, 148683.703125 ], [ 148595.5, 148667.90625 ], [ 148634.40625, 148642.296875 ], [ 148676.40625, 148618.40625 ], [ 148716.90625, 148592.90625 ], [ 148754.09375, 148570.59375 ], [ 148797.796875, 148545.09375 ], [ 148839.796875, 148524.40625 ], [ 148877.0, 148495.59375 ], [ 148912.703125, 148463.703125 ], [ 148946.796875, 148423.59375 ], [ 148980.796875, 148386.796875 ], [ 149014.90625, 148354.796875 ], [ 149045.703125, 148321.203125 ], [ 149076.5, 148282.796875 ], [ 149097.703125, 148244.296875 ], [ 149118.90625, 148202.59375 ], [ 149141.703125, 148157.703125 ], [ 149164.5, 148116.0 ], [ 149195.40625, 148064.703125 ], [ 149221.5, 148024.703125 ], [ 149247.40625, 147989.40625 ], [ 149275.0, 147952.59375 ], [ 149302.703125, 147917.296875 ], [ 149336.796875, 147872.5 ], [ 149370.90625, 147821.203125 ], [ 149388.90625, 147777.90625 ], [ 149414.90625, 147734.59375 ], [ 149447.40625, 147697.796875 ], [ 149483.0, 147661.0 ], [ 149509.09375, 147619.296875 ], [ 149536.703125, 147571.203125 ], [ 149561.203125, 147529.5 ], [ 149587.09375, 147494.296875 ], [ 149618.0, 147454.296875 ], [ 149648.796875, 147415.796875 ], [ 149676.5, 147380.59375 ], [ 149697.59375, 147342.09375 ], [ 149717.203125, 147295.59375 ], [ 149732.0, 147252.203125 ], [ 149750.0, 147208.90625 ], [ 149772.796875, 147168.796875 ], [ 149800.40625, 147127.203125 ], [ 149824.796875, 147085.5 ], [ 149847.59375, 147042.203125 ], [ 149875.296875, 146994.09375 ], [ 149896.5, 146955.59375 ], [ 149927.296875, 146909.09375 ], [ 149958.203125, 146870.703125 ], [ 149985.796875, 146837.09375 ], [ 150011.796875, 146800.203125 ], [ 150037.796875, 146761.796875 ], [ 150065.40625, 146723.296875 ], [ 150187.796875, 146657.703125 ], [ 150272.59375, 146590.09375 ], [ 150343.703125, 146517.59375 ], [ 150382.59375, 146424.0 ], [ 150439.203125, 146332.09375 ], [ 150487.796875, 146241.796875 ], [ 150539.59375, 146149.90625 ], [ 150617.09375, 146075.796875 ], [ 150681.796875, 145990.296875 ], [ 150730.40625, 145901.59375 ], [ 150796.59375, 145813.0 ], [ 150862.90625, 145729.09375 ], [ 150901.796875, 145632.40625 ], [ 150950.40625, 145543.703125 ], [ 150994.203125, 145435.703125 ], [ 151039.59375, 145345.40625 ], [ 151094.59375, 145253.5 ], [ 151148.0, 145151.90625 ], [ 151203.0, 145055.09375 ], [ 151246.796875, 144951.90625 ], [ 151279.296875, 144850.296875 ], [ 151315.0, 144750.296875 ], [ 151365.203125, 144660.0 ], [ 151433.09375, 144574.59375 ], [ 151501.0, 144498.796875 ], [ 151570.5, 144418.203125 ], [ 151643.203125, 144334.40625 ], [ 151715.90625, 144252.203125 ], [ 151790.203125, 144178.0 ], [ 151877.296875, 144124.796875 ], [ 151935.5, 144029.703125 ], [ 151958.40625, 143931.296875 ], [ 151979.59375, 143829.703125 ], [ 152045.90625, 143737.796875 ], [ 152128.296875, 143658.796875 ], [ 152215.40625, 143599.203125 ], [ 152294.5, 143525.09375 ], [ 152356.0, 143436.40625 ], [ 152393.296875, 143339.59375 ], [ 152443.5, 143239.59375 ], [ 152519.40625, 143160.703125 ], [ 152584.09375, 143080.0 ], [ 152643.90625, 142997.796875 ], [ 152698.90625, 142905.90625 ], [ 152752.296875, 142817.203125 ], [ 152805.703125, 142728.5 ], [ 152857.5, 142641.5 ], [ 152912.5, 142551.203125 ], [ 152985.203125, 142475.40625 ], [ 153045.0, 142393.203125 ], [ 153100.09375, 142299.703125 ], [ 153150.296875, 142206.203125 ], [ 153202.0, 142119.09375 ], [ 153257.09375, 142027.203125 ], [ 153307.203125, 141936.90625 ], [ 153365.5, 141851.40625 ], [ 153436.59375, 141769.203125 ], [ 153504.40625, 141687.0 ], [ 153575.5, 141612.796875 ], [ 153659.5, 141540.296875 ], [ 153740.203125, 141479.09375 ], [ 153819.296875, 141413.0 ], [ 153887.09375, 141329.09375 ], [ 153929.296875, 141235.59375 ], [ 153957.0, 141130.796875 ], [ 153984.59375, 141027.59375 ], [ 154030.0, 140930.796875 ], [ 154091.5, 140834.09375 ], [ 154162.59375, 140761.5 ], [ 154236.796875, 140690.59375 ], [ 154295.09375, 140601.90625 ], [ 154334.0, 140502.0 ], [ 154400.296875, 140416.5 ], [ 154492.203125, 140371.40625 ], [ 154592.09375, 140340.796875 ], [ 154653.59375, 140257.0 ], [ 154653.90625, 140148.90625 ], [ 154678.40625, 140039.203125 ], [ 154717.296875, 139942.5 ], [ 154777.203125, 139850.59375 ], [ 154843.40625, 139773.203125 ], [ 154887.203125, 139679.703125 ], [ 154930.90625, 139578.09375 ], [ 154981.09375, 139479.703125 ], [ 155041.0, 139397.5 ], [ 155110.40625, 139320.09375 ], [ 155189.5, 139257.203125 ], [ 155275.09375, 139191.203125 ], [ 155355.796875, 139110.59375 ], [ 155431.703125, 139036.40625 ], [ 155512.5, 138962.296875 ], [ 155581.90625, 138888.09375 ], [ 155648.203125, 138801.0 ], [ 155704.796875, 138717.203125 ], [ 155759.796875, 138625.296875 ], [ 155830.90625, 138541.5 ], [ 155882.796875, 138448.0 ], [ 155934.59375, 138349.59375 ], [ 155975.09375, 138248.0 ], [ 156001.203125, 138149.59375 ], [ 156038.5, 138044.796875 ], [ 156088.703125, 137952.90625 ], [ 156156.59375, 137877.09375 ], [ 156237.296875, 137806.203125 ], [ 156318.0, 137732.0 ], [ 156389.09375, 137649.796875 ], [ 156428.09375, 137546.59375 ], [ 156391.296875, 137448.203125 ], [ 156351.296875, 137349.796875 ], [ 156383.90625, 137241.703125 ], [ 156426.0, 137149.796875 ], [ 156471.40625, 137054.703125 ], [ 156502.296875, 136954.703125 ], [ 156549.296875, 136848.296875 ], [ 156596.296875, 136740.203125 ], [ 156632.0, 136637.0 ], [ 156662.90625, 136537.0 ], [ 156658.59375, 136438.59375 ], [ 156602.0, 136440.203125 ], [ 156494.09375, 136443.40625 ], [ 156397.296875, 136494.90625 ], [ 156319.796875, 136572.296875 ], [ 156251.90625, 136654.5 ], [ 156169.59375, 136715.796875 ], [ 156063.203125, 136744.703125 ], [ 155957.0, 136728.5 ], [ 155863.703125, 136673.59375 ], [ 155770.5, 136618.703125 ], [ 155674.0, 136571.90625 ], [ 155570.90625, 136567.0 ], [ 155459.796875, 136560.5 ], [ 155351.90625, 136581.40625 ], [ 155243.90625, 136600.703125 ], [ 155134.5, 136582.796875 ], [ 155047.703125, 136523.09375 ], [ 154965.796875, 136447.296875 ], [ 154891.90625, 136376.203125 ], [ 154813.296875, 136287.5 ], [ 154749.09375, 136206.796875 ], [ 154652.59375, 136159.90625 ], [ 154546.40625, 136111.5 ], [ 154443.5, 136064.59375 ], [ 154345.40625, 136022.59375 ], [ 154268.296875, 135956.5 ], [ 154184.796875, 135870.90625 ], [ 154106.09375, 135796.703125 ], [ 154025.796875, 135727.296875 ], [ 153934.203125, 135665.90625 ], [ 153829.5, 135651.296875 ], [ 153726.40625, 135659.296875 ], [ 153629.703125, 135701.203125 ], [ 153537.703125, 135754.40625 ], [ 153436.203125, 135781.703125 ], [ 153334.796875, 135762.296875 ], [ 153236.703125, 135720.296875 ], [ 153137.0, 135668.59375 ], [ 153042.09375, 135613.703125 ], [ 152972.90625, 135506.40625 ], [ 152889.703125, 135436.203125 ], [ 152814.203125, 135368.40625 ], [ 152727.40625, 135305.5 ], [ 152629.296875, 135268.296875 ], [ 152523.09375, 135234.296875 ], [ 152410.5, 135202.0 ], [ 152310.703125, 135184.203125 ], [ 152207.59375, 135177.703125 ], [ 152101.40625, 135161.5 ], [ 151983.90625, 135124.296875 ], [ 151868.09375, 135077.5 ], [ 151776.5, 135025.796875 ], [ 151680.0, 134979.0 ], [ 151577.0, 134928.90625 ], [ 151477.40625, 134867.5 ], [ 151385.703125, 134817.5 ], [ 151287.59375, 134772.296875 ], [ 151202.40625, 134717.40625 ], [ 151109.203125, 134668.90625 ], [ 151022.40625, 134615.59375 ], [ 150937.203125, 134555.90625 ], [ 150852.0, 134497.796875 ], [ 150768.5, 134426.796875 ], [ 150683.296875, 134365.40625 ], [ 150588.40625, 134308.90625 ], [ 150506.5, 134241.09375 ], [ 150424.59375, 134160.40625 ], [ 150349.09375, 134092.59375 ], [ 150275.296875, 134016.703125 ], [ 150194.90625, 133945.703125 ], [ 150159.40625, 133796.09375 ], [ 150099.703125, 133799.0 ], [ 150052.90625, 133800.40625 ], [ 150003.0, 133800.09375 ], [ 149944.90625, 133799.796875 ], [ 149898.203125, 133798.0 ], [ 149843.40625, 133794.5 ], [ 149793.5, 133783.0 ], [ 149753.203125, 133766.703125 ], [ 149701.796875, 133742.296875 ], [ 149663.203125, 133714.796875 ], [ 149623.09375, 133685.59375 ], [ 149584.5, 133662.90625 ], [ 149547.59375, 133637.0 ], [ 149507.40625, 133611.09375 ], [ 149468.90625, 133577.09375 ], [ 149428.796875, 133543.09375 ], [ 149387.0, 133509.203125 ], [ 149348.5, 133480.0 ], [ 149303.5, 133449.203125 ], [ 149261.796875, 133416.90625 ], [ 149210.703125, 133378.90625 ], [ 149152.703125, 133319.796875 ], [ 149115.796875, 133297.09375 ], [ 149074.0, 133272.796875 ], [ 149035.40625, 133240.5 ], [ 148996.90625, 133209.703125 ], [ 148956.703125, 133190.203125 ], [ 148902.203125, 133176.296875 ], [ 148852.0, 133173.59375 ], [ 148797.203125, 133168.5 ], [ 148742.5, 133161.203125 ], [ 148694.09375, 133158.296875 ], [ 148644.5, 133161.0 ], [ 148594.0, 133162.796875 ], [ 148471.59375, 133160.40625 ], [ 148418.40625, 133148.90625 ], [ 148375.0, 133139.0 ], [ 148304.59375, 133109.59375 ], [ 148248.296875, 133095.796875 ], [ 148197.5, 133083.203125 ], [ 148114.09375, 133086.203125 ], [ 148006.90625, 133116.203125 ], [ 147955.703125, 133144.90625 ], [ 147912.09375, 133165.59375 ], [ 147866.796875, 133180.09375 ], [ 147774.90625, 133209.703125 ], [ 147663.90625, 133251.0 ], [ 147594.203125, 133209.0 ], [ 147544.296875, 133192.703125 ], [ 147494.5, 133169.90625 ], [ 147443.0, 133142.296875 ], [ 147402.796875, 133122.796875 ], [ 147349.796875, 133098.40625 ], [ 147303.09375, 133077.296875 ], [ 147258.09375, 133057.796875 ], [ 147209.796875, 133035.0 ], [ 147161.59375, 133015.5 ], [ 147116.5, 132999.203125 ], [ 147074.703125, 132981.296875 ], [ 147023.203125, 132960.09375 ], [ 146979.796875, 132940.59375 ], [ 146936.296875, 132925.90625 ], [ 146883.203125, 132914.296875 ], [ 146834.90625, 132898.0 ], [ 146794.796875, 132873.703125 ], [ 146756.203125, 132851.0 ], [ 146714.40625, 132828.296875 ], [ 146677.40625, 132804.0 ], [ 146640.5, 132771.59375 ], [ 146605.296875, 132739.296875 ], [ 146558.703125, 132706.90625 ], [ 146533.09375, 132666.59375 ], [ 146534.90625, 132623.203125 ], [ 146538.40625, 132579.796875 ], [ 146535.40625, 132536.296875 ], [ 146535.703125, 132489.703125 ], [ 146531.203125, 132418.90625 ], [ 146528.296875, 132369.09375 ], [ 146527.0, 132306.296875 ], [ 146524.0, 132262.90625 ], [ 146521.09375, 132205.0 ], [ 146516.59375, 132143.90625 ], [ 146513.703125, 132087.59375 ], [ 146507.59375, 132032.90625 ], [ 146498.203125, 131979.796875 ], [ 146501.703125, 131936.40625 ], [ 146510.0, 131886.59375 ], [ 146520.0, 131832.0 ], [ 146529.90625, 131785.40625 ], [ 146539.796875, 131735.59375 ], [ 146535.296875, 131684.09375 ], [ 146525.90625, 131637.5 ], [ 146518.203125, 131574.703125 ], [ 146505.5, 131532.796875 ], [ 146489.59375, 131487.703125 ], [ 146470.5, 131441.0 ], [ 146461.09375, 131389.5 ], [ 146463.09375, 131333.203125 ], [ 146466.59375, 131283.40625 ], [ 146479.703125, 131233.59375 ], [ 146500.90625, 131195.09375 ], [ 146525.296875, 131155.09375 ], [ 146549.703125, 131111.796875 ], [ 146569.40625, 131062.0 ], [ 146582.5, 131020.296875 ], [ 146590.796875, 130970.5 ], [ 146591.09375, 130920.6015625 ], [ 146591.296875, 130875.6015625 ], [ 146593.203125, 130827.3984375 ], [ 146590.296875, 130780.796875 ], [ 146590.5, 130729.296875 ], [ 146590.796875, 130685.8984375 ], [ 146591.09375, 130636.0 ], [ 146589.703125, 130587.796875 ], [ 146585.203125, 130534.703125 ], [ 146580.59375, 130481.6015625 ], [ 146582.5, 130436.6015625 ], [ 146587.59375, 130393.203125 ], [ 146587.90625, 130340.203125 ], [ 146591.296875, 130296.796875 ], [ 146601.296875, 130248.6015625 ], [ 146624.09375, 130192.3984375 ], [ 146642.09375, 130150.703125 ], [ 146661.703125, 130107.3984375 ], [ 146684.5, 130067.296875 ], [ 146712.09375, 130028.8984375 ], [ 146743.0, 129984.0 ], [ 146770.59375, 129945.5 ], [ 146795.0, 129908.703125 ], [ 146821.0, 129870.203125 ], [ 146843.796875, 129828.5 ], [ 146860.203125, 129783.6015625 ], [ 146870.09375, 129740.203125 ], [ 146872.0, 129690.3984375 ], [ 146877.09375, 129645.3984375 ], [ 146878.90625, 129600.3984375 ], [ 146879.203125, 129557.0 ], [ 146879.40625, 129513.6015625 ], [ 146879.703125, 129470.203125 ], [ 146881.5, 129425.1015625 ], [ 146894.703125, 129370.5 ], [ 146907.90625, 129325.6015625 ], [ 146919.40625, 129272.6015625 ], [ 146934.203125, 129230.8984375 ], [ 146953.796875, 129189.1015625 ], [ 146992.59375, 129158.796875 ], [ 147023.40625, 129125.203125 ], [ 147054.296875, 129080.296875 ], [ 147073.90625, 129040.203125 ], [ 147085.40625, 128998.5 ], [ 147093.703125, 128953.5 ], [ 147098.796875, 128905.296875 ], [ 147107.09375, 128861.8984375 ], [ 147117.0, 128815.296875 ], [ 147117.40625, 128760.703125 ], [ 147116.0, 128712.3984375 ], [ 147113.09375, 128661.0 ], [ 147113.40625, 128606.296875 ], [ 147129.796875, 128559.703125 ], [ 147139.703125, 128514.796875 ], [ 147152.796875, 128473.0 ], [ 147178.796875, 128436.203125 ], [ 147212.90625, 128388.1015625 ], [ 147240.5, 128354.5 ], [ 147276.203125, 128316.1015625 ], [ 147302.203125, 128279.203125 ], [ 147368.796875, 128200.796875 ], [ 147404.40625, 128164.0 ], [ 147435.296875, 128127.1015625 ], [ 147464.5, 128090.296875 ], [ 147487.296875, 128045.3984375 ], [ 147505.296875, 127997.296875 ], [ 147513.59375, 127950.703125 ], [ 147513.90625, 127902.3984375 ], [ 147520.59375, 127847.796875 ], [ 147529.0, 127801.203125 ], [ 147537.296875, 127751.3984375 ], [ 147534.296875, 127708.0 ], [ 147552.40625, 127651.796875 ], [ 147584.796875, 127610.203125 ], [ 147612.40625, 127576.5 ], [ 147646.5, 127534.8984375 ], [ 147674.09375, 127498.1015625 ], [ 147698.5, 127458.0 ], [ 147721.296875, 127414.703125 ], [ 147740.90625, 127369.796875 ], [ 147765.59375, 127281.5 ], [ 147780.40625, 127233.296875 ], [ 147792.0, 127181.8984375 ], [ 147800.296875, 127130.5 ], [ 147807.0, 127085.5 ], [ 147815.296875, 127042.1015625 ], [ 147822.0, 126992.296875 ], [ 147825.5, 126944.1015625 ], [ 147825.796875, 126899.1015625 ], [ 147822.796875, 126846.0 ], [ 147818.296875, 126797.703125 ], [ 147810.5, 126752.703125 ], [ 147804.296875, 126707.6015625 ], [ 147794.796875, 126662.6015625 ], [ 147782.203125, 126619.1015625 ], [ 147761.5, 126570.703125 ], [ 147744.0, 126528.796875 ], [ 147729.703125, 126487.0 ], [ 147713.796875, 126441.8984375 ], [ 147698.0, 126393.5 ], [ 147680.5, 126345.203125 ], [ 147666.203125, 126303.296875 ], [ 147650.296875, 126259.796875 ], [ 147631.203125, 126219.5 ], [ 147608.796875, 126182.3984375 ], [ 147593.0, 126137.296875 ], [ 147566.0, 126055.203125 ], [ 147556.59375, 126008.5 ], [ 147553.59375, 125957.1015625 ], [ 147558.796875, 125904.0 ], [ 147570.296875, 125862.296875 ], [ 147577.0, 125809.296875 ], [ 147577.296875, 125764.203125 ], [ 147575.90625, 125720.796875 ], [ 147571.296875, 125670.8984375 ], [ 147568.40625, 125625.8984375 ], [ 147559.0, 125564.796875 ], [ 147556.09375, 125514.8984375 ], [ 147551.5, 125471.5 ], [ 147543.703125, 125416.703125 ], [ 147534.296875, 125373.296875 ], [ 147470.703125, 125308.203125 ], [ 147415.5, 125284.203125 ], [ 147371.90625, 125287.203125 ], [ 147330.0, 125298.296875 ], [ 147276.703125, 125307.703125 ], [ 147226.703125, 125307.3984375 ], [ 147176.703125, 125307.1015625 ], [ 147126.703125, 125314.8984375 ], [ 147083.0, 125338.796875 ], [ 147037.796875, 125361.1015625 ], [ 146990.90625, 125385.0 ], [ 146953.703125, 125408.8984375 ], [ 146921.203125, 125442.5 ], [ 146892.0, 125477.703125 ], [ 146867.59375, 125521.0 ], [ 146846.40625, 125564.296875 ], [ 146825.203125, 125604.3984375 ], [ 146805.59375, 125646.1015625 ], [ 146786.0, 125699.1015625 ], [ 146766.40625, 125739.203125 ], [ 146740.40625, 125784.1015625 ], [ 146711.203125, 125816.1015625 ], [ 146677.09375, 125852.8984375 ], [ 146644.703125, 125881.703125 ], [ 146605.90625, 125912.0 ], [ 146567.0, 125937.6015625 ], [ 146524.90625, 125967.8984375 ], [ 146489.296875, 125993.5 ], [ 146452.09375, 126022.203125 ], [ 146416.5, 126049.3984375 ], [ 146371.203125, 126079.703125 ], [ 146333.90625, 126111.6015625 ], [ 146298.296875, 126140.3984375 ], [ 146265.90625, 126169.203125 ], [ 146228.59375, 126197.8984375 ], [ 146194.59375, 126226.703125 ], [ 146160.59375, 126258.703125 ], [ 146120.0, 126303.5 ], [ 146089.203125, 126337.1015625 ], [ 146060.0, 126370.703125 ], [ 146032.40625, 126407.6015625 ], [ 146004.796875, 126446.0 ], [ 145975.5, 126489.296875 ], [ 145944.59375, 126534.203125 ], [ 145918.59375, 126569.3984375 ], [ 145887.796875, 126609.3984375 ], [ 145863.40625, 126646.296875 ], [ 145837.296875, 126691.203125 ], [ 145812.90625, 126729.703125 ], [ 145786.90625, 126774.5 ], [ 145759.203125, 126822.6015625 ], [ 145731.5, 126872.296875 ], [ 145708.796875, 126910.796875 ], [ 145674.703125, 126939.6015625 ], [ 145640.703125, 126976.3984375 ], [ 145606.59375, 127016.3984375 ], [ 145577.40625, 127051.6015625 ], [ 145553.0, 127088.5 ], [ 145528.59375, 127131.796875 ], [ 145505.703125, 127178.296875 ], [ 145487.703125, 127224.8984375 ], [ 145464.90625, 127264.8984375 ], [ 145443.703125, 127309.796875 ], [ 145422.5, 127353.1015625 ], [ 145398.09375, 127390.0 ], [ 145367.296875, 127422.0 ], [ 145326.796875, 127457.203125 ], [ 145289.59375, 127484.296875 ], [ 145249.09375, 127516.296875 ], [ 145213.5, 127551.5 ], [ 145179.40625, 127591.5 ], [ 145150.09375, 127631.5 ], [ 145124.09375, 127670.0 ], [ 145096.5, 127714.8984375 ], [ 145073.703125, 127755.0 ], [ 145049.296875, 127791.796875 ], [ 145016.796875, 127833.5 ], [ 144990.796875, 127868.703125 ], [ 144953.5, 127910.296875 ], [ 144921.09375, 127942.296875 ], [ 144875.796875, 127974.203125 ], [ 144819.203125, 128006.1015625 ], [ 144770.703125, 128028.3984375 ], [ 144727.0, 128042.6015625 ], [ 144673.796875, 128053.6015625 ], [ 144627.0, 128061.3984375 ], [ 144577.0, 128062.796875 ], [ 144522.203125, 128062.5 ], [ 144478.59375, 128071.8984375 ], [ 144433.40625, 128078.1015625 ], [ 144386.703125, 128077.8984375 ], [ 144338.296875, 128072.796875 ], [ 144290.0, 128066.1015625 ], [ 144241.59375, 128075.5 ], [ 144198.0, 128085.0 ], [ 144144.703125, 128100.796875 ], [ 144096.296875, 128108.6015625 ], [ 144059.09375, 128130.8984375 ], [ 144029.90625, 128164.5 ], [ 144007.09375, 128206.203125 ], [ 143995.5, 128247.8984375 ], [ 143980.796875, 128297.703125 ], [ 143958.0, 128334.6015625 ], [ 143930.296875, 128379.5 ], [ 143901.09375, 128417.8984375 ], [ 143867.0, 128457.8984375 ], [ 143834.59375, 128489.8984375 ], [ 143795.703125, 128525.1015625 ], [ 143761.703125, 128555.5 ], [ 143718.0, 128587.3984375 ], [ 143677.5, 128619.3984375 ], [ 143640.296875, 128646.5 ], [ 143603.0, 128676.8984375 ], [ 143567.40625, 128705.6015625 ], [ 143534.90625, 128739.203125 ], [ 143499.296875, 128768.0 ], [ 143463.703125, 128793.5 ], [ 143428.0, 128830.296875 ], [ 143395.59375, 128859.1015625 ], [ 143347.0, 128894.203125 ], [ 143309.796875, 128919.796875 ], [ 143263.0, 128942.0 ], [ 143209.59375, 128962.703125 ], [ 143162.796875, 128978.5 ], [ 143114.296875, 128994.3984375 ], [ 143073.90625, 129010.203125 ], [ 143028.59375, 129040.5 ], [ 142991.40625, 129072.5 ], [ 142960.5, 129104.5 ], [ 142936.203125, 129141.3984375 ], [ 142913.296875, 129186.296875 ], [ 142893.703125, 129237.6015625 ], [ 142872.5, 129280.8984375 ], [ 142852.90625, 129329.1015625 ], [ 142831.703125, 129380.3984375 ], [ 142810.5, 129418.8984375 ], [ 142786.0, 129468.6015625 ], [ 142760.0, 129511.8984375 ], [ 142725.90625, 129560.0 ], [ 142691.796875, 129595.203125 ], [ 142659.40625, 129625.6015625 ], [ 142625.40625, 129652.703125 ], [ 142589.796875, 129678.296875 ], [ 142547.703125, 129707.0 ], [ 142497.59375, 129735.703125 ], [ 142449.0, 129766.0 ], [ 142408.59375, 129791.5 ], [ 142366.5, 129813.796875 ], [ 142322.90625, 129826.3984375 ], [ 142269.59375, 129839.0 ], [ 142214.796875, 129842.0 ], [ 142168.09375, 129841.703125 ], [ 142114.796875, 129851.1015625 ], [ 142035.59375, 129889.296875 ], [ 141998.296875, 129918.1015625 ], [ 141969.09375, 129956.5 ], [ 141941.5, 129990.1015625 ], [ 141909.0, 130036.6015625 ], [ 141886.203125, 130073.5 ], [ 141857.0, 130119.8984375 ], [ 141830.90625, 130161.6015625 ], [ 141798.5, 130203.296875 ], [ 141772.5, 130238.5 ], [ 141741.59375, 130278.5 ], [ 141707.5, 130318.6015625 ], [ 141681.5, 130353.796875 ], [ 141652.296875, 130397.1015625 ], [ 141627.90625, 130435.5 ], [ 141605.0, 130482.0 ], [ 141585.5, 130522.1015625 ], [ 141559.40625, 130570.296875 ], [ 141536.59375, 130615.203125 ], [ 141507.296875, 130660.0 ], [ 141476.5, 130696.8984375 ], [ 141440.796875, 130741.703125 ], [ 141403.5, 130778.5 ], [ 141367.796875, 130808.8984375 ], [ 141325.796875, 130839.203125 ], [ 141278.90625, 130866.296875 ], [ 141233.59375, 130888.6015625 ], [ 141185.09375, 130906.0 ], [ 141136.703125, 130910.6015625 ], [ 141091.5, 130916.796875 ], [ 141038.296875, 130924.6015625 ], [ 140988.203125, 130953.203125 ], [ 140947.703125, 130980.3984375 ], [ 140904.0, 131004.296875 ], [ 140858.796875, 131021.703125 ], [ 140813.59375, 131034.3984375 ], [ 140761.90625, 131043.703125 ], [ 140718.40625, 131050.0 ], [ 140671.59375, 131057.796875 ], [ 140628.0, 131064.0 ], [ 140581.296875, 131063.703125 ], [ 140526.40625, 131061.796875 ], [ 140479.703125, 131061.6015625 ], [ 140436.203125, 131058.203125 ], [ 140384.59375, 131051.5 ], [ 140334.703125, 131046.3984375 ], [ 140281.5, 131042.8984375 ], [ 140229.90625, 131044.296875 ], [ 140186.296875, 131047.296875 ], [ 140142.796875, 131047.0 ], [ 140089.59375, 131046.796875 ], [ 140036.40625, 131046.5 ], [ 139989.703125, 131043.0 ], [ 139934.90625, 131033.1015625 ], [ 139892.90625, 131049.0 ], [ 139852.5, 131068.1015625 ], [ 139812.0, 131093.59375 ], [ 139774.796875, 131120.703125 ], [ 139740.796875, 131147.90625 ], [ 139700.296875, 131176.59375 ], [ 139651.796875, 131200.5 ], [ 139606.5, 131221.203125 ], [ 139558.09375, 131237.0 ], [ 139512.90625, 131246.40625 ], [ 139469.296875, 131255.796875 ], [ 139422.5, 131260.40625 ], [ 139367.703125, 131265.0 ], [ 139314.5, 131264.703125 ], [ 139261.296875, 131261.203125 ], [ 139217.796875, 131262.59375 ], [ 139169.296875, 131270.40625 ], [ 139125.703125, 131283.0 ], [ 139074.09375, 131294.0 ], [ 139025.59375, 131313.09375 ], [ 138980.40625, 131319.296875 ], [ 138927.203125, 131330.296875 ], [ 138870.703125, 131330.0 ], [ 138827.203125, 131329.796875 ], [ 138782.0, 131344.0 ], [ 138739.90625, 131367.90625 ], [ 138683.40625, 131393.296875 ], [ 138638.203125, 131399.5 ], [ 138586.59375, 131391.296875 ], [ 138536.703125, 131378.09375 ], [ 138490.0, 131374.703125 ], [ 138436.90625, 131359.90625 ], [ 138393.40625, 131346.796875 ], [ 138306.703125, 131367.0 ], [ 138285.703125, 131286.796875 ], [ 138284.296875, 131243.40625 ], [ 138284.59375, 131195.203125 ], [ 138276.796875, 131143.703125 ], [ 138264.296875, 131085.703125 ], [ 138246.796875, 131032.6015625 ], [ 138226.09375, 130987.3984375 ], [ 138205.40625, 130947.1015625 ], [ 138178.203125, 130902.0 ], [ 138149.40625, 130864.796875 ], [ 138114.09375, 130829.296875 ], [ 138091.796875, 130790.6015625 ], [ 138077.5, 130739.1015625 ], [ 138077.796875, 130694.0 ], [ 138076.40625, 130649.0 ], [ 138070.203125, 130600.703125 ], [ 138047.90625, 130562.0 ], [ 138022.296875, 130526.5 ], [ 137985.40625, 130489.3984375 ], [ 137956.59375, 130449.0 ], [ 137922.90625, 130418.296875 ], [ 137877.90625, 130392.296875 ], [ 137826.40625, 130377.6015625 ], [ 137776.40625, 130380.6015625 ], [ 137716.59375, 130396.296875 ], [ 137668.203125, 130417.0 ], [ 137624.5, 130437.703125 ], [ 137579.203125, 130461.6015625 ], [ 137535.5, 130495.1015625 ], [ 137493.40625, 130525.3984375 ], [ 137445.0, 130541.296875 ], [ 137396.703125, 130533.0 ], [ 137353.203125, 130519.8984375 ], [ 137340.5, 130478.0 ], [ 137335.90625, 130433.0 ], [ 137336.203125, 130384.796875 ], [ 137344.5, 130338.203125 ], [ 137360.90625, 130288.3984375 ], [ 137372.40625, 130246.703125 ], [ 137379.203125, 130198.5 ], [ 137384.203125, 130153.5 ], [ 137386.09375, 130100.3984375 ], [ 137388.09375, 130037.703125 ], [ 137402.90625, 129992.796875 ], [ 137419.203125, 129949.3984375 ], [ 137438.796875, 129904.5 ], [ 137447.203125, 129848.296875 ], [ 137441.0, 129796.796875 ], [ 137430.0, 129751.703125 ], [ 137412.5, 129711.3984375 ], [ 137399.796875, 129666.296875 ], [ 137385.59375, 129616.3984375 ], [ 137368.203125, 129560.1015625 ], [ 137358.796875, 129506.8984375 ], [ 137359.09375, 129458.703125 ], [ 137369.0, 129410.5 ], [ 137380.59375, 129359.1015625 ], [ 137388.90625, 129315.796875 ], [ 137390.703125, 129270.703125 ], [ 137386.203125, 129216.0 ], [ 137386.40625, 129171.0 ], [ 137377.0, 129122.703125 ], [ 137377.296875, 129079.296875 ], [ 137335.59375, 129042.1015625 ], [ 137287.203125, 129040.296875 ], [ 137235.59375, 129033.6015625 ], [ 137187.296875, 129030.1015625 ], [ 137137.296875, 129029.8984375 ], [ 137090.5, 129040.8984375 ], [ 137046.90625, 129051.8984375 ], [ 137001.796875, 129050.1015625 ], [ 136945.40625, 129035.296875 ], [ 136897.203125, 129007.796875 ], [ 136865.203125, 128970.6015625 ], [ 136833.09375, 128941.5 ], [ 136788.09375, 128910.703125 ], [ 136744.703125, 128888.0 ], [ 136694.796875, 128871.6015625 ], [ 136651.296875, 128865.0 ], [ 136598.09375, 128861.5 ], [ 136551.40625, 128861.296875 ], [ 136504.59375, 128862.6015625 ], [ 136451.40625, 128868.796875 ], [ 136399.796875, 128868.5 ], [ 136349.796875, 128868.296875 ], [ 136299.796875, 128861.6015625 ], [ 136249.90625, 128854.8984375 ], [ 136195.203125, 128838.6015625 ], [ 136155.0, 128822.296875 ], [ 136069.703125, 128784.8984375 ], [ 136029.5, 128767.0 ], [ 135986.09375, 128749.1015625 ], [ 135949.09375, 128721.5 ], [ 135909.0, 128684.3984375 ], [ 135872.09375, 128652.0 ], [ 135835.203125, 128626.1015625 ], [ 135795.0, 128600.203125 ], [ 135735.5, 128585.3984375 ], [ 135682.296875, 128572.296875 ], [ 135634.0, 128554.296875 ], [ 135589.0, 128538.0 ], [ 135542.296875, 128533.0 ], [ 135493.90625, 128534.296875 ], [ 135450.296875, 128540.5 ], [ 135406.796875, 128545.1015625 ], [ 135363.09375, 128561.0 ], [ 135322.703125, 128588.1015625 ], [ 135287.0, 128621.703125 ], [ 135251.40625, 128655.296875 ], [ 135222.203125, 128690.5 ], [ 135189.703125, 128732.1015625 ], [ 135162.09375, 128767.3984375 ], [ 135132.796875, 128805.796875 ], [ 135102.0, 128841.0 ], [ 135068.0, 128869.796875 ], [ 135027.59375, 128893.703125 ], [ 134985.5, 128914.3984375 ], [ 134941.90625, 128933.5 ], [ 134893.5, 128946.1015625 ], [ 134848.203125, 128960.296875 ], [ 134803.0, 128969.796875 ], [ 134759.40625, 128980.796875 ], [ 134711.0, 128993.3984375 ], [ 134659.296875, 129007.6015625 ], [ 134610.90625, 129018.6015625 ], [ 134567.296875, 129026.3984375 ], [ 134512.5, 129029.3984375 ], [ 134460.90625, 129035.6015625 ], [ 134415.703125, 129043.3984375 ], [ 134372.09375, 129051.203125 ], [ 134320.5, 129060.6015625 ], [ 134273.703125, 129065.1015625 ], [ 134223.703125, 129068.1015625 ], [ 134170.5, 129067.796875 ], [ 134123.703125, 129069.203125 ], [ 134070.5, 129072.203125 ], [ 134026.90625, 129073.5 ], [ 133980.203125, 129073.296875 ], [ 133931.796875, 129071.5 ], [ 133885.09375, 129069.6015625 ], [ 133836.703125, 129066.1015625 ], [ 133793.203125, 129062.703125 ], [ 133735.203125, 129056.0 ], [ 133688.40625, 129057.3984375 ], [ 133640.0, 129061.8984375 ], [ 133583.59375, 129061.6015625 ], [ 133530.40625, 129059.796875 ], [ 133465.90625, 129059.3984375 ], [ 133409.40625, 129073.6015625 ], [ 133364.203125, 129086.296875 ], [ 133323.796875, 129102.1015625 ], [ 133283.40625, 129118.0 ], [ 133233.296875, 129143.5 ], [ 133192.90625, 129164.203125 ], [ 133149.203125, 129184.8984375 ], [ 133100.796875, 129203.8984375 ], [ 133044.296875, 129206.796875 ], [ 132986.203125, 129224.203125 ], [ 132950.5, 129251.3984375 ], [ 132913.296875, 129275.296875 ], [ 132876.09375, 129299.203125 ], [ 132834.09375, 129323.1015625 ], [ 132795.203125, 129347.1015625 ], [ 132756.40625, 129372.6015625 ], [ 132714.40625, 129393.296875 ], [ 132670.703125, 129410.703125 ], [ 132620.703125, 129428.203125 ], [ 132569.0, 129442.3984375 ], [ 132519.0, 129450.203125 ], [ 132478.5, 129470.8984375 ], [ 132438.09375, 129490.0 ], [ 132397.703125, 129513.8984375 ], [ 132354.0, 129536.203125 ], [ 132305.59375, 129550.3984375 ], [ 132262.0, 129559.796875 ], [ 132205.5, 129572.3984375 ], [ 132160.296875, 129585.0 ], [ 132115.09375, 129600.8984375 ], [ 132068.203125, 129616.703125 ], [ 132023.0, 129632.6015625 ], [ 131982.59375, 129650.0 ], [ 131943.796875, 129672.3984375 ], [ 131901.703125, 129694.6015625 ], [ 131864.5, 129717.0 ], [ 131822.40625, 129744.1015625 ], [ 131788.40625, 129771.296875 ], [ 131751.203125, 129793.6015625 ], [ 131710.796875, 129815.8984375 ], [ 131610.5, 129874.8984375 ], [ 131532.90625, 129916.296875 ], [ 131489.296875, 129924.1015625 ], [ 131445.796875, 129922.296875 ], [ 131400.703125, 129918.796875 ], [ 131352.296875, 129912.1015625 ], [ 131305.59375, 129905.5 ], [ 131257.296875, 129892.3984375 ], [ 131209.0, 129890.5 ], [ 131159.0, 129890.296875 ], [ 131115.5, 129888.3984375 ], [ 131068.703125, 129885.0 ], [ 131013.8984375, 129881.5 ], [ 130965.6015625, 129878.0 ], [ 130918.796875, 129877.796875 ], [ 130867.203125, 129877.5 ], [ 130818.796875, 129882.1015625 ], [ 130767.203125, 129891.5 ], [ 130723.6015625, 129899.296875 ], [ 130680.0, 129903.8984375 ], [ 130636.5, 129911.703125 ], [ 130588.1015625, 129911.5 ], [ 130544.6015625, 129911.203125 ], [ 130494.6015625, 129909.3984375 ], [ 130447.8984375, 129907.5 ], [ 130402.796875, 129897.703125 ], [ 130359.296875, 129883.0 ], [ 130314.296875, 129865.0 ], [ 130274.1015625, 129843.8984375 ], [ 130217.796875, 129824.3984375 ], [ 130172.6015625, 129824.1015625 ], [ 130121.0, 129827.1015625 ], [ 130074.203125, 129833.296875 ], [ 130022.6015625, 129839.3984375 ], [ 129974.1015625, 129853.703125 ], [ 129930.5, 129874.3984375 ], [ 129882.0, 129888.6015625 ], [ 129841.796875, 129872.296875 ], [ 129804.8984375, 129841.6015625 ], [ 129769.6015625, 129809.203125 ], [ 129726.296875, 129776.796875 ], [ 129684.3984375, 129763.796875 ], [ 129639.296875, 129752.296875 ], [ 129592.6015625, 129745.6015625 ], [ 129549.1015625, 129748.6015625 ], [ 129502.296875, 129756.3984375 ], [ 129416.6015625, 129788.1015625 ], [ 129374.5, 129818.5 ], [ 129337.296875, 129848.796875 ], [ 129300.1015625, 129876.0 ], [ 129262.796875, 129904.703125 ], [ 129222.3984375, 129925.3984375 ], [ 129175.6015625, 129936.3984375 ], [ 129127.203125, 129931.3984375 ], [ 129098.3984375, 129897.5 ], [ 129071.203125, 129858.703125 ], [ 129003.8984375, 129819.1015625 ], [ 128942.3984375, 129819.5 ], [ 128895.6015625, 129832.1015625 ], [ 128845.5, 129854.3984375 ], [ 128805.0, 129883.1015625 ], [ 128767.796875, 129916.703125 ], [ 128738.6015625, 129953.5 ], [ 128702.8984375, 129987.1015625 ], [ 128668.8984375, 130019.1015625 ], [ 128630.0, 130046.203125 ], [ 128591.203125, 130068.5 ], [ 128550.796875, 130084.3984375 ], [ 128508.796875, 130101.8984375 ], [ 128457.1015625, 130120.8984375 ], [ 128411.796875, 130143.203125 ], [ 128371.3984375, 130162.296875 ], [ 128332.6015625, 130183.0 ], [ 128290.6015625, 130203.703125 ], [ 128246.8984375, 130234.0 ], [ 128204.796875, 130257.8984375 ], [ 128166.0, 130283.3984375 ], [ 128122.296875, 130312.203125 ], [ 128088.296875, 130342.5 ], [ 128054.203125, 130379.296875 ], [ 128025.0, 130413.0 ], [ 127990.8984375, 130454.6015625 ], [ 127960.1015625, 130486.6015625 ], [ 127930.8984375, 130526.6015625 ], [ 127906.3984375, 130569.8984375 ], [ 127885.203125, 130611.6015625 ], [ 127857.6015625, 130653.296875 ], [ 127828.296875, 130701.3984375 ], [ 127807.1015625, 130739.8984375 ], [ 127782.796875, 130776.703125 ], [ 127759.8984375, 130820.0 ], [ 127753.203125, 130874.703125 ], [ 127735.203125, 130919.6015625 ], [ 127720.3984375, 130966.1015625 ], [ 127705.703125, 131009.5 ], [ 127689.296875, 131057.6015625 ], [ 127669.703125, 131105.796875 ], [ 127643.703125, 131147.5 ], [ 127612.796875, 131187.5 ], [ 127580.3984375, 131221.09375 ], [ 127539.8984375, 131259.5 ], [ 127510.6015625, 131296.296875 ], [ 127487.8984375, 131333.203125 ], [ 127466.703125, 131374.90625 ], [ 127443.8984375, 131415.0 ], [ 127421.1015625, 131453.40625 ], [ 127393.5, 131493.5 ], [ 127364.203125, 131527.09375 ], [ 127331.796875, 131563.90625 ], [ 127299.296875, 131602.296875 ], [ 127265.203125, 131648.796875 ], [ 127232.796875, 131688.796875 ], [ 127200.296875, 131722.40625 ], [ 127169.5, 131754.40625 ], [ 127137.1015625, 131791.296875 ], [ 127104.6015625, 131821.59375 ], [ 127070.6015625, 131855.203125 ], [ 127036.5, 131895.296875 ], [ 127007.296875, 131930.5 ], [ 126968.3984375, 131970.5 ], [ 126936.0, 131999.296875 ], [ 126906.796875, 132031.296875 ], [ 126869.5, 132068.09375 ], [ 126833.8984375, 132100.0 ], [ 126795.0, 132135.203125 ], [ 126748.0, 132172.0 ], [ 126704.296875, 132197.5 ], [ 126667.1015625, 132219.796875 ], [ 126623.5, 132242.09375 ], [ 126584.703125, 132262.796875 ], [ 126542.6015625, 132283.5 ], [ 126490.8984375, 132307.296875 ], [ 126440.796875, 132329.59375 ], [ 126395.5, 132348.703125 ], [ 126350.296875, 132367.703125 ], [ 126311.5, 132390.0 ], [ 126267.8984375, 132407.5 ], [ 126216.203125, 132420.09375 ], [ 126169.3984375, 132429.5 ], [ 126127.3984375, 132442.203125 ], [ 126112.6015625, 132483.90625 ], [ 126069.0, 132496.5 ], [ 126022.203125, 132507.5 ], [ 125970.5, 132523.40625 ], [ 125922.1015625, 132542.40625 ], [ 125881.6015625, 132563.09375 ], [ 125841.203125, 132590.203125 ], [ 125802.3984375, 132617.40625 ], [ 125766.703125, 132647.796875 ], [ 125732.6015625, 132684.5 ], [ 125692.1015625, 132727.796875 ], [ 125664.5, 132764.59375 ], [ 125640.1015625, 132801.5 ], [ 125604.5, 132828.59375 ], [ 125552.703125, 132863.703125 ], [ 125475.1015625, 132901.90625 ], [ 125426.6015625, 132919.40625 ], [ 125383.0, 132936.796875 ], [ 125337.796875, 132951.09375 ], [ 125294.203125, 132965.296875 ], [ 125247.296875, 132984.40625 ], [ 125202.1015625, 133000.203125 ], [ 125119.6015625, 133040.0 ], [ 125082.3984375, 133065.5 ], [ 125040.3984375, 133084.59375 ], [ 124998.296875, 133113.296875 ], [ 124959.3984375, 133142.09375 ], [ 124920.6015625, 133170.796875 ], [ 124885.0, 133198.0 ], [ 124847.703125, 133226.796875 ], [ 124813.703125, 133257.09375 ], [ 124774.796875, 133290.703125 ], [ 124740.796875, 133319.5 ], [ 124705.203125, 133348.203125 ], [ 124664.703125, 133383.40625 ], [ 124630.6015625, 133412.203125 ], [ 124590.1015625, 133448.90625 ], [ 124549.6015625, 133484.09375 ], [ 124504.296875, 133517.59375 ], [ 124462.203125, 133546.40625 ], [ 124410.3984375, 133581.5 ], [ 124368.296875, 133613.40625 ], [ 124331.1015625, 133639.0 ], [ 124287.3984375, 133669.296875 ], [ 124248.6015625, 133693.203125 ], [ 124203.296875, 133718.703125 ], [ 124158.0, 133744.203125 ], [ 124114.3984375, 133758.5 ], [ 124072.3984375, 133769.5 ], [ 124020.796875, 133780.5 ], [ 123972.3984375, 133786.703125 ], [ 123919.1015625, 133791.203125 ], [ 123872.296875, 133800.59375 ], [ 123820.703125, 133805.203125 ], [ 123770.703125, 133814.59375 ], [ 123725.5, 133817.59375 ], [ 123673.8984375, 133817.296875 ], [ 123622.3984375, 133805.796875 ], [ 123578.8984375, 133807.203125 ], [ 123533.703125, 133803.703125 ], [ 123485.3984375, 133797.09375 ], [ 123437.1015625, 133782.296875 ], [ 123395.296875, 133764.40625 ], [ 123353.5, 133738.5 ], [ 123313.296875, 133715.796875 ], [ 123279.6015625, 133686.703125 ], [ 123247.6015625, 133647.90625 ], [ 123215.6015625, 133606.0 ], [ 123178.703125, 133570.40625 ], [ 123113.0, 133502.5 ], [ 123072.796875, 133471.796875 ], [ 123027.796875, 133449.0 ], [ 122982.796875, 133434.296875 ], [ 122936.1015625, 133419.59375 ], [ 122894.296875, 133400.09375 ], [ 122847.6015625, 133382.203125 ], [ 122804.1015625, 133370.703125 ], [ 122752.6015625, 133357.59375 ], [ 122709.203125, 133342.90625 ], [ 122662.5, 133323.40625 ], [ 122617.3984375, 133311.90625 ], [ 122574.0, 133302.0 ], [ 122525.703125, 133288.90625 ], [ 122480.6015625, 133275.796875 ], [ 122433.8984375, 133264.296875 ], [ 122383.8984375, 133259.203125 ], [ 122332.3984375, 133259.0 ], [ 122285.5, 133268.40625 ], [ 122241.8984375, 133290.703125 ], [ 122198.203125, 133319.40625 ], [ 122162.6015625, 133348.203125 ], [ 122125.296875, 133378.5 ], [ 122086.3984375, 133415.296875 ], [ 122045.8984375, 133453.703125 ], [ 122010.203125, 133487.296875 ], [ 121976.203125, 133517.59375 ], [ 121940.6015625, 133549.59375 ], [ 121872.5, 133613.59375 ], [ 121843.296875, 133650.40625 ], [ 121817.203125, 133692.09375 ], [ 121789.6015625, 133733.796875 ], [ 121760.3984375, 133775.40625 ], [ 121739.1015625, 133820.296875 ], [ 121722.796875, 133863.703125 ], [ 121708.0, 133908.59375 ], [ 121686.796875, 133956.703125 ], [ 121667.203125, 133996.796875 ], [ 121642.796875, 134040.09375 ], [ 121620.0, 134081.796875 ], [ 121597.203125, 134118.703125 ], [ 121574.3984375, 134158.796875 ], [ 121546.796875, 134198.796875 ], [ 121517.6015625, 134240.5 ], [ 121485.1015625, 134278.90625 ], [ 121452.6015625, 134318.90625 ], [ 121421.796875, 134357.40625 ], [ 121389.296875, 134397.40625 ], [ 121366.5, 134439.09375 ], [ 121330.8984375, 134469.5 ], [ 121288.796875, 134496.59375 ], [ 121248.3984375, 134514.09375 ], [ 121206.3984375, 134526.703125 ], [ 121158.0, 134542.5 ], [ 121111.203125, 134534.296875 ], [ 121058.0, 134534.0 ], [ 121014.5, 134533.796875 ], [ 120971.0, 134533.59375 ], [ 120924.203125, 134534.90625 ], [ 120879.1015625, 134534.703125 ], [ 120825.796875, 134540.90625 ], [ 120780.6015625, 134548.703125 ], [ 120730.6015625, 134562.90625 ], [ 120690.1015625, 134585.203125 ], [ 120648.1015625, 134613.90625 ], [ 120578.3984375, 134677.90625 ], [ 120542.796875, 134705.0 ], [ 120503.8984375, 134735.40625 ], [ 120466.703125, 134762.5 ], [ 120431.1015625, 134788.09375 ], [ 120393.796875, 134820.0 ], [ 120361.3984375, 134848.796875 ], [ 120322.5, 134882.40625 ], [ 120290.1015625, 134911.203125 ], [ 120257.703125, 134943.203125 ], [ 120220.3984375, 134976.796875 ], [ 120181.5, 135010.296875 ], [ 120147.5, 135037.5 ], [ 120110.296875, 135061.40625 ], [ 120073.1015625, 135085.296875 ], [ 120027.796875, 135110.796875 ], [ 119989.0, 135139.59375 ], [ 119948.5, 135166.703125 ], [ 119909.703125, 135187.40625 ], [ 119866.0, 135211.296875 ], [ 119825.6015625, 135230.40625 ], [ 119777.203125, 135241.40625 ], [ 119730.3984375, 135249.203125 ], [ 119682.0, 135255.40625 ], [ 119632.0, 135260.0 ], [ 119586.796875, 135263.0 ], [ 119541.6015625, 135270.796875 ], [ 119490.0, 135273.703125 ], [ 119435.203125, 135275.0 ], [ 119391.6015625, 135278.0 ], [ 119343.203125, 135289.0 ], [ 119293.1015625, 135309.703125 ], [ 119239.703125, 135340.0 ], [ 119197.703125, 135363.90625 ], [ 119160.5, 135386.203125 ], [ 119124.8984375, 135411.796875 ], [ 119090.796875, 135443.703125 ], [ 119056.796875, 135478.90625 ], [ 119027.6015625, 135510.90625 ], [ 118996.703125, 135549.40625 ], [ 118969.1015625, 135583.0 ], [ 118939.8984375, 135623.0 ], [ 118913.8984375, 135658.296875 ], [ 118879.8984375, 135695.09375 ], [ 118844.203125, 135727.09375 ], [ 118805.3984375, 135752.59375 ], [ 118761.703125, 135773.296875 ], [ 118718.1015625, 135785.90625 ], [ 118671.296875, 135797.0 ], [ 118618.1015625, 135803.09375 ], [ 118569.703125, 135802.90625 ], [ 118524.6015625, 135802.59375 ], [ 118477.796875, 135802.40625 ], [ 118434.296875, 135802.203125 ], [ 118390.796875, 135797.09375 ], [ 118345.703125, 135788.90625 ], [ 118297.296875, 135779.0 ], [ 118245.796875, 135767.40625 ], [ 118199.1015625, 135759.203125 ], [ 118152.3984375, 135754.09375 ], [ 118107.203125, 135753.90625 ], [ 118058.8984375, 135750.40625 ], [ 118007.3984375, 135738.90625 ], [ 117962.296875, 135730.59375 ], [ 117918.703125, 135732.0 ], [ 117870.296875, 135736.59375 ], [ 117826.796875, 135741.203125 ], [ 117783.203125, 135750.59375 ], [ 117739.6015625, 135761.703125 ], [ 117692.796875, 135769.5 ], [ 117649.1015625, 135788.5 ], [ 117611.8984375, 135814.09375 ], [ 117573.1015625, 135842.796875 ], [ 117540.703125, 135871.59375 ], [ 117508.203125, 135905.203125 ], [ 117480.6015625, 135943.59375 ], [ 117457.796875, 135982.09375 ], [ 117436.6015625, 136023.796875 ], [ 117413.8984375, 136060.703125 ], [ 117384.6015625, 136097.5 ], [ 117353.796875, 136139.203125 ], [ 117321.296875, 136180.796875 ], [ 117288.8984375, 136212.796875 ], [ 117272.5, 136259.296875 ], [ 117249.703125, 136301.0 ], [ 117230.1015625, 136344.296875 ], [ 117226.6015625, 136387.796875 ], [ 117215.1015625, 136432.703125 ], [ 117205.203125, 136477.703125 ], [ 117192.0, 136524.203125 ], [ 117188.6015625, 136567.59375 ], [ 117189.8984375, 136612.703125 ], [ 117196.1015625, 136657.703125 ], [ 117198.796875, 136755.796875 ], [ 117196.8984375, 136800.796875 ], [ 117183.796875, 136842.59375 ], [ 117172.296875, 136884.296875 ], [ 117162.3984375, 136927.703125 ], [ 117146.0, 136967.796875 ], [ 117123.203125, 137011.09375 ], [ 117098.796875, 137051.203125 ], [ 117064.703125, 137092.796875 ], [ 117027.5, 137115.09375 ], [ 116985.5, 137134.203125 ], [ 116940.296875, 137153.296875 ], [ 116898.296875, 137167.5 ], [ 116856.296875, 137181.796875 ], [ 116814.296875, 137192.796875 ], [ 116772.296875, 137207.09375 ], [ 116731.8984375, 137227.796875 ], [ 116689.796875, 137250.09375 ], [ 116652.6015625, 137274.0 ], [ 116612.1015625, 137302.703125 ], [ 116570.1015625, 137331.5 ], [ 116528.0, 137357.0 ], [ 116485.8984375, 137382.5 ], [ 116447.1015625, 137409.59375 ], [ 116403.3984375, 137440.0 ], [ 116362.8984375, 137467.09375 ], [ 116322.5, 137487.796875 ], [ 116277.203125, 137511.703125 ], [ 116235.203125, 137537.203125 ], [ 116191.5, 137561.09375 ], [ 116110.703125, 137600.90625 ], [ 116063.796875, 137621.5 ], [ 116020.203125, 137639.0 ], [ 115971.703125, 137656.40625 ], [ 115931.296875, 137672.296875 ], [ 115889.296875, 137689.796875 ], [ 115845.703125, 137705.703125 ], [ 115800.5, 137711.796875 ], [ 115757.0, 137711.59375 ], [ 115713.3984375, 137709.796875 ], [ 115665.1015625, 137699.90625 ], [ 115623.296875, 137686.796875 ], [ 115576.6015625, 137668.90625 ], [ 115531.5, 137657.40625 ], [ 115483.296875, 137642.703125 ], [ 115436.6015625, 137632.796875 ], [ 115388.203125, 137626.09375 ], [ 115346.3984375, 137614.703125 ], [ 115302.8984375, 137598.40625 ], [ 115259.5, 137583.703125 ], [ 115225.796875, 137551.296875 ], [ 115209.8984375, 137506.296875 ], [ 115192.3984375, 137459.5 ], [ 115157.5, 137359.703125 ], [ 115141.6015625, 137314.59375 ], [ 115130.6015625, 137271.09375 ], [ 115119.6015625, 137221.203125 ], [ 115105.296875, 137176.09375 ], [ 115083.0, 137129.296875 ], [ 115063.8984375, 137084.203125 ], [ 115040.0, 137043.90625 ], [ 115008.0, 136995.5 ], [ 114975.8984375, 136958.40625 ], [ 114953.6015625, 136916.40625 ], [ 114934.5, 136874.5 ], [ 114912.203125, 136829.40625 ], [ 114885.0, 136790.703125 ], [ 114849.703125, 136760.0 ], [ 114812.703125, 136730.796875 ], [ 114769.296875, 136719.296875 ], [ 114727.5, 136699.796875 ], [ 114685.6015625, 136685.09375 ], [ 114640.5, 136676.90625 ], [ 114595.3984375, 136675.0 ], [ 114555.203125, 136655.5 ], [ 114516.703125, 136624.796875 ], [ 114479.796875, 136592.5 ], [ 114437.8984375, 136577.796875 ], [ 114397.703125, 136561.5 ], [ 114355.8984375, 136538.796875 ], [ 114314.1015625, 136524.09375 ], [ 114264.1015625, 136515.796875 ], [ 114217.296875, 136530.0 ], [ 114180.1015625, 136552.296875 ], [ 114144.3984375, 136584.296875 ], [ 114112.0, 136616.296875 ], [ 114084.3984375, 136656.40625 ], [ 114066.3984375, 136698.09375 ], [ 114056.5, 136744.703125 ], [ 114046.5, 136792.796875 ], [ 114035.0, 136839.40625 ], [ 114026.703125, 136887.59375 ], [ 114026.3984375, 136934.203125 ], [ 114018.1015625, 136980.796875 ], [ 114017.796875, 137027.5 ], [ 114014.3984375, 137074.09375 ], [ 113998.0, 137119.0 ], [ 113938.0, 137187.796875 ], [ 113907.1015625, 137219.796875 ], [ 113873.1015625, 137255.0 ], [ 113835.796875, 137288.59375 ], [ 113801.796875, 137322.203125 ], [ 113775.796875, 137362.296875 ], [ 113759.3984375, 137404.0 ], [ 113743.0, 137452.203125 ], [ 113718.6015625, 137489.0 ], [ 113697.3984375, 137533.90625 ], [ 113639.0, 137602.796875 ], [ 113605.0, 137631.5 ], [ 113572.5, 137668.40625 ], [ 113538.5, 137698.703125 ], [ 113506.1015625, 137732.296875 ], [ 113473.703125, 137762.703125 ], [ 113436.3984375, 137799.5 ], [ 113405.5, 137838.0 ], [ 113382.703125, 137878.0 ], [ 113356.703125, 137919.703125 ], [ 113322.6015625, 137958.09375 ], [ 113282.203125, 137975.59375 ], [ 113236.0, 137985.09375 ], [ 113195.5, 138002.5 ], [ 113149.296875, 138014.0 ], [ 113116.5, 138026.796875 ], [ 113110.0, 138036.59375 ], [ 112987.8984375, 138017.796875 ], [ 112962.5, 137992.5 ], [ 112907.796875, 137982.5 ], [ 112882.3984375, 138004.0 ], [ 112872.203125, 138035.703125 ], [ 112868.3984375, 138068.59375 ], [ 112885.0, 138111.703125 ], [ 112916.8984375, 138145.796875 ], [ 112950.0, 138181.203125 ], [ 112994.6015625, 138249.5 ], [ 113017.5, 138302.703125 ], [ 113031.6015625, 138355.796875 ], [ 113044.3984375, 138397.59375 ], [ 113053.3984375, 138454.59375 ], [ 113047.1015625, 138497.59375 ], [ 113022.8984375, 138533.09375 ], [ 112973.3984375, 138542.09375 ], [ 112950.5, 138528.203125 ], [ 112935.203125, 138513.0 ], [ 112925.0, 138502.90625 ], [ 112921.203125, 138526.90625 ], [ 112923.796875, 138562.40625 ], [ 112923.796875, 138595.296875 ], [ 112912.3984375, 138616.90625 ], [ 112852.703125, 138676.5 ], [ 112813.3984375, 138710.703125 ], [ 112752.3984375, 138783.0 ], [ 112696.5, 138829.90625 ], [ 112591.1015625, 138907.296875 ], [ 112544.1015625, 138959.296875 ], [ 112470.3984375, 139031.59375 ], [ 112422.1015625, 139050.703125 ], [ 112395.3984375, 139050.703125 ], [ 112376.296875, 139033.0 ], [ 112359.796875, 139006.40625 ], [ 112348.296875, 138978.59375 ], [ 112325.3984375, 138958.40625 ], [ 112297.3984375, 138957.203125 ], [ 112274.5, 138976.203125 ], [ 112261.796875, 139004.09375 ], [ 112253.0, 139035.703125 ], [ 112245.3984375, 139062.296875 ], [ 112231.3984375, 139102.90625 ], [ 112203.5, 139156.09375 ], [ 112173.1015625, 139206.796875 ], [ 112137.6015625, 139265.09375 ], [ 112102.0, 139324.703125 ], [ 112053.796875, 139413.40625 ], [ 112015.796875, 139467.90625 ], [ 111987.796875, 139504.703125 ], [ 111979.0, 139540.09375 ], [ 111980.296875, 139568.0 ], [ 111985.3984375, 139599.59375 ], [ 111984.203125, 139627.5 ], [ 111967.703125, 139668.0 ], [ 111943.6015625, 139708.59375 ], [ 111929.703125, 139747.90625 ], [ 111937.296875, 139780.796875 ], [ 111956.5, 139840.296875 ], [ 111970.6015625, 139911.203125 ], [ 111947.796875, 139996.0 ], [ 111897.0, 140089.796875 ], [ 111857.703125, 140151.90625 ], [ 111814.6015625, 140214.0 ], [ 111765.0, 140268.5 ], [ 111706.6015625, 140318.0 ], [ 111668.5, 140358.59375 ], [ 111645.703125, 140411.796875 ], [ 111643.203125, 140484.0 ], [ 111648.3984375, 140563.796875 ], [ 111639.6015625, 140624.59375 ], [ 111621.8984375, 140666.40625 ], [ 111625.796875, 140715.796875 ], [ 111646.203125, 140772.703125 ], [ 111674.203125, 140822.0 ], [ 111695.8984375, 140895.5 ], [ 111707.5, 140968.90625 ], [ 111719.0, 141052.5 ], [ 111728.0, 141133.5 ], [ 111732.0, 141217.0 ], [ 111723.203125, 141286.703125 ], [ 111711.796875, 141345.0 ], [ 111687.703125, 141380.5 ], [ 111655.8984375, 141410.90625 ], [ 111601.296875, 141440.09375 ], [ 111560.6015625, 141473.09375 ], [ 111539.1015625, 141511.09375 ], [ 111531.5, 141546.59375 ], [ 111535.296875, 141574.40625 ], [ 111548.1015625, 141584.5 ], [ 111557.0, 141587.09375 ], [ 111577.296875, 141566.796875 ], [ 111602.703125, 141559.09375 ], [ 111634.5, 141564.09375 ], [ 111668.8984375, 141585.59375 ], [ 111707.1015625, 141618.5 ], [ 111738.8984375, 141647.59375 ], [ 111781.0, 141704.5 ], [ 111811.6015625, 141769.0 ], [ 111849.796875, 141823.40625 ], [ 111861.296875, 141857.59375 ], [ 111876.6015625, 141896.796875 ], [ 111891.8984375, 141925.90625 ], [ 111939.0, 141952.40625 ], [ 112000.1015625, 141999.203125 ], [ 112054.796875, 142053.59375 ], [ 112108.296875, 142096.5 ], [ 112177.0, 142144.5 ], [ 112202.5, 142159.703125 ], [ 112219.0, 142162.203125 ], [ 112220.296875, 142150.796875 ], [ 112219.0, 142135.59375 ], [ 112208.796875, 142120.40625 ], [ 112183.3984375, 142109.09375 ], [ 112152.796875, 142088.90625 ], [ 112118.3984375, 142064.90625 ], [ 112085.296875, 142038.296875 ], [ 112058.6015625, 142014.296875 ], [ 112026.796875, 141982.703125 ], [ 111991.1015625, 141956.203125 ], [ 111949.1015625, 141922.0 ], [ 111927.5, 141898.0 ], [ 111912.203125, 141884.09375 ], [ 111929.8984375, 141848.59375 ], [ 111952.796875, 141800.5 ], [ 111970.5, 141757.40625 ], [ 111990.796875, 141746.0 ], [ 112022.6015625, 141733.203125 ], [ 112048.0, 141726.90625 ], [ 112062.1015625, 141723.703125 ], [ 112090.0, 141738.203125 ], [ 112099.0, 141764.796875 ], [ 112132.1015625, 141792.59375 ], [ 112171.5, 141825.5 ], [ 112203.3984375, 141848.203125 ], [ 112233.8984375, 141881.09375 ], [ 112245.3984375, 141907.59375 ], [ 112248.0, 141944.40625 ], [ 112239.1015625, 141969.703125 ], [ 112246.796875, 141996.296875 ], [ 112278.6015625, 141998.796875 ], [ 112311.6015625, 141996.203125 ], [ 112349.796875, 142007.5 ], [ 112384.203125, 142022.703125 ], [ 112430.0, 142049.203125 ], [ 112466.8984375, 142084.59375 ], [ 112487.296875, 142117.5 ], [ 112511.5, 142146.59375 ], [ 112521.703125, 142183.296875 ], [ 112534.5, 142240.203125 ], [ 112541.0, 142314.90625 ], [ 112550.0, 142393.40625 ], [ 112546.203125, 142434.0 ], [ 112559.0, 142501.0 ], [ 112557.8984375, 142563.09375 ], [ 112580.796875, 142637.796875 ], [ 112591.0, 142661.796875 ], [ 112592.3984375, 142718.796875 ], [ 112601.3984375, 142799.796875 ], [ 112607.8984375, 142877.09375 ], [ 112613.1015625, 142973.296875 ], [ 112609.3984375, 143056.90625 ], [ 112601.796875, 143113.90625 ], [ 112585.3984375, 143169.59375 ], [ 112581.6015625, 143191.09375 ], [ 112586.703125, 143225.296875 ], [ 112586.796875, 143270.90625 ], [ 112576.703125, 143331.703125 ], [ 112558.8984375, 143372.296875 ], [ 112543.796875, 143424.203125 ], [ 112532.3984375, 143468.5 ], [ 112532.3984375, 143506.5 ], [ 112537.6015625, 143544.5 ], [ 112537.6015625, 143568.5 ], [ 112530.0, 143595.203125 ], [ 112508.3984375, 143634.40625 ], [ 112495.796875, 143666.09375 ], [ 112493.296875, 143697.796875 ], [ 112493.296875, 143733.203125 ], [ 112495.8984375, 143768.703125 ], [ 112489.6015625, 143806.703125 ], [ 112474.3984375, 143843.40625 ], [ 112457.8984375, 143870.0 ], [ 112452.796875, 143895.40625 ], [ 112455.3984375, 143930.796875 ], [ 112452.8984375, 143976.40625 ], [ 112447.8984375, 144019.5 ], [ 112437.796875, 144061.296875 ], [ 112430.203125, 144100.5 ], [ 112416.296875, 144152.5 ], [ 112404.8984375, 144209.5 ], [ 112377.0, 144280.40625 ], [ 112351.703125, 144365.296875 ], [ 112327.6015625, 144431.203125 ], [ 112315.0, 144480.59375 ], [ 112306.1015625, 144505.90625 ], [ 112301.1015625, 144533.796875 ], [ 112292.203125, 144551.5 ], [ 112293.5, 144573.09375 ], [ 112252.8984375, 144608.59375 ], [ 112242.703125, 144625.09375 ], [ 112237.703125, 144649.09375 ], [ 112053.703125, 144964.703125 ], [ 112024.5, 145002.796875 ], [ 111992.703125, 145035.703125 ], [ 111967.296875, 145052.203125 ], [ 111939.3984375, 145064.90625 ], [ 111927.8984375, 145077.59375 ], [ 111920.296875, 145104.203125 ], [ 111929.296875, 145127.0 ], [ 111942.0, 145159.90625 ], [ 111962.3984375, 145183.90625 ], [ 111972.6015625, 145205.40625 ], [ 111976.5, 145227.0 ], [ 111962.5, 145244.703125 ], [ 111940.8984375, 145257.40625 ], [ 111926.8984375, 145270.09375 ], [ 111926.8984375, 145286.5 ], [ 111930.796875, 145301.703125 ], [ 111930.796875, 145316.90625 ], [ 111921.8984375, 145332.09375 ], [ 111905.3984375, 145360.0 ], [ 111899.1015625, 145381.5 ], [ 111901.703125, 145405.59375 ], [ 111915.703125, 145423.296875 ], [ 111931.0, 145427.09375 ], [ 111956.3984375, 145424.5 ], [ 111985.6015625, 145408.0 ], [ 112014.796875, 145387.703125 ], [ 112049.1015625, 145371.203125 ], [ 112078.3984375, 145371.203125 ], [ 112108.8984375, 145392.59375 ], [ 112138.203125, 145430.59375 ], [ 112154.796875, 145448.296875 ], [ 112173.8984375, 145463.40625 ], [ 112195.5, 145483.703125 ], [ 112204.5, 145510.296875 ], [ 112208.296875, 145538.09375 ], [ 112207.1015625, 145563.40625 ], [ 112210.8984375, 145587.5 ], [ 112218.6015625, 145598.90625 ], [ 112233.8984375, 145610.203125 ], [ 112251.703125, 145601.296875 ], [ 112254.203125, 145590.0 ], [ 112264.296875, 145570.90625 ], [ 112273.203125, 145549.40625 ], [ 112287.203125, 145540.5 ], [ 112310.1015625, 145532.90625 ], [ 112330.3984375, 145539.203125 ], [ 112341.8984375, 145556.90625 ], [ 112359.703125, 145577.09375 ], [ 112376.296875, 145607.5 ], [ 112401.796875, 145644.203125 ], [ 112417.1015625, 145675.796875 ], [ 112431.1015625, 145707.40625 ], [ 112442.6015625, 145750.5 ], [ 112457.8984375, 145794.796875 ], [ 112455.3984375, 145821.40625 ], [ 112442.796875, 145853.0 ], [ 112437.703125, 145868.296875 ], [ 112431.296875, 145882.203125 ], [ 112441.5, 145889.796875 ], [ 112460.703125, 145939.09375 ], [ 112456.8984375, 145949.296875 ], [ 112450.5, 145977.09375 ], [ 112432.796875, 146026.5 ], [ 112412.6015625, 146093.703125 ], [ 112384.6015625, 146141.796875 ], [ 112352.8984375, 146188.796875 ], [ 112336.3984375, 146201.40625 ], [ 112319.8984375, 146217.90625 ], [ 112316.1015625, 146239.5 ], [ 112316.1015625, 146273.59375 ], [ 112320.0, 146296.40625 ], [ 112314.8984375, 146323.0 ], [ 112304.796875, 146347.09375 ], [ 112287.0, 146383.90625 ], [ 112269.296875, 146415.5 ], [ 112251.5, 146451.0 ], [ 112230.0, 146496.59375 ], [ 112217.296875, 146528.296875 ], [ 112217.296875, 146563.796875 ], [ 112219.8984375, 146592.90625 ], [ 112213.6015625, 146622.0 ], [ 112202.203125, 146646.09375 ], [ 112175.5, 146665.09375 ], [ 112146.296875, 146676.59375 ], [ 112119.6015625, 146690.5 ], [ 112105.6015625, 146717.203125 ], [ 112101.8984375, 146742.5 ], [ 112094.296875, 146785.5 ], [ 112093.1015625, 146836.203125 ], [ 112084.203125, 146880.5 ], [ 112075.3984375, 146918.5 ], [ 112060.203125, 146964.203125 ], [ 112043.703125, 146999.59375 ], [ 112025.8984375, 147013.59375 ], [ 112001.796875, 147021.203125 ], [ 111966.203125, 147042.796875 ], [ 111947.203125, 147070.703125 ], [ 111944.703125, 147103.59375 ], [ 111949.796875, 147121.296875 ], [ 111965.1015625, 147142.796875 ], [ 111976.5, 147160.5 ], [ 111970.203125, 147180.796875 ], [ 111960.0, 147194.796875 ], [ 111951.203125, 147211.203125 ], [ 111953.703125, 147223.90625 ], [ 111958.796875, 147241.59375 ], [ 111958.8984375, 147256.796875 ], [ 111946.1015625, 147268.203125 ], [ 111925.796875, 147287.296875 ], [ 111894.1015625, 147312.59375 ], [ 111881.3984375, 147336.703125 ], [ 111871.296875, 147369.59375 ], [ 111859.8984375, 147402.59375 ], [ 111851.0, 147430.5 ], [ 111833.203125, 147471.0 ], [ 111824.3984375, 147500.09375 ], [ 111818.1015625, 147531.796875 ], [ 111818.1015625, 147566.0 ], [ 111819.3984375, 147586.296875 ], [ 111822.0, 147605.296875 ], [ 111824.6015625, 147628.0 ], [ 111819.5, 147638.203125 ], [ 111808.0, 147640.703125 ], [ 111792.796875, 147634.40625 ], [ 111782.6015625, 147631.90625 ], [ 111759.703125, 147638.296875 ], [ 111744.5, 147654.796875 ], [ 111744.5, 147672.5 ], [ 111745.796875, 147699.09375 ], [ 111747.1015625, 147724.40625 ], [ 111747.1015625, 147744.59375 ], [ 111747.203125, 147764.90625 ], [ 111744.703125, 147790.203125 ], [ 111738.296875, 147814.296875 ], [ 111726.8984375, 147837.09375 ], [ 111721.8984375, 147863.703125 ], [ 111705.3984375, 147904.296875 ], [ 111681.296875, 147970.09375 ], [ 111656.0, 148043.59375 ], [ 111638.203125, 148085.40625 ], [ 111615.3984375, 148138.703125 ], [ 111596.3984375, 148181.703125 ], [ 111564.703125, 148251.40625 ], [ 111540.6015625, 148308.5 ], [ 111514.0, 148361.703125 ], [ 111495.0, 148411.09375 ], [ 111468.296875, 148459.296875 ], [ 111451.796875, 148482.09375 ], [ 111432.796875, 148504.90625 ], [ 111415.0, 148522.59375 ], [ 111399.796875, 148548.0 ], [ 111388.3984375, 148573.296875 ], [ 111392.203125, 148602.5 ], [ 111398.6015625, 148632.796875 ], [ 111393.6015625, 148656.90625 ], [ 111378.296875, 148688.59375 ], [ 111365.703125, 148712.703125 ], [ 111354.296875, 148748.09375 ], [ 111349.203125, 148788.703125 ], [ 111334.0, 148833.0 ], [ 111298.5, 148882.40625 ], [ 111276.8984375, 148917.90625 ], [ 111259.203125, 148957.203125 ], [ 111245.203125, 148983.796875 ], [ 111236.296875, 149007.90625 ], [ 111231.296875, 149038.296875 ], [ 111231.3984375, 149076.296875 ], [ 111226.296875, 149104.203125 ], [ 111203.5, 149135.796875 ], [ 111185.703125, 149159.90625 ], [ 111174.296875, 149189.09375 ], [ 111168.0, 149222.0 ], [ 111159.1015625, 149265.09375 ], [ 111149.0, 149310.703125 ], [ 111133.796875, 149357.5 ], [ 111119.8984375, 149408.203125 ], [ 111099.6015625, 149450.0 ], [ 111076.796875, 149488.09375 ], [ 111056.5, 149529.90625 ], [ 111034.8984375, 149562.796875 ], [ 111023.5, 149607.203125 ], [ 111014.703125, 149649.0 ], [ 111004.5, 149689.5 ], [ 110998.203125, 149726.203125 ], [ 110983.0, 149757.90625 ], [ 110957.6015625, 149798.5 ], [ 110934.796875, 149836.5 ], [ 110913.203125, 149872.0 ], [ 110895.5, 149898.59375 ], [ 110894.203125, 149935.296875 ], [ 110899.203125, 149992.09375 ], [ 110895.296875, 150023.90625 ], [ 110886.296875, 150049.203125 ], [ 110871.0, 150082.203125 ], [ 110859.3984375, 150110.09375 ], [ 110832.6015625, 150146.796875 ], [ 110812.203125, 150176.0 ], [ 110776.5, 150236.796875 ], [ 110767.5, 150260.90625 ], [ 110754.703125, 150299.0 ], [ 110744.3984375, 150328.203125 ], [ 110743.1015625, 150349.796875 ], [ 110735.3984375, 150367.5 ], [ 110726.5, 150381.40625 ], [ 110706.1015625, 150401.703125 ], [ 110687.0, 150425.796875 ], [ 110664.0, 150447.296875 ], [ 110644.8984375, 150466.296875 ], [ 110618.1015625, 150490.296875 ], [ 110593.8984375, 150513.09375 ], [ 110583.703125, 150530.90625 ], [ 110569.6015625, 150561.296875 ], [ 110549.203125, 150593.0 ], [ 110519.796875, 150648.796875 ], [ 110489.1015625, 150721.0 ], [ 110449.5, 150808.5 ], [ 110434.1015625, 150855.5 ], [ 110418.703125, 150903.703125 ], [ 110403.3984375, 150936.703125 ], [ 110386.703125, 150970.90625 ], [ 110381.6015625, 150988.703125 ], [ 110379.0, 151000.09375 ], [ 110379.0, 151009.0 ], [ 110382.796875, 151021.703125 ], [ 110387.796875, 151040.796875 ], [ 110389.1015625, 151053.40625 ], [ 110373.703125, 151080.09375 ], [ 110358.3984375, 151105.40625 ], [ 110340.6015625, 151124.40625 ], [ 110321.3984375, 151144.703125 ], [ 110316.296875, 151163.703125 ], [ 110309.8984375, 151178.90625 ], [ 110308.6015625, 151195.40625 ], [ 110307.203125, 151220.796875 ], [ 110298.296875, 151252.5 ], [ 110268.796875, 151324.796875 ], [ 110240.703125, 151393.296875 ], [ 110225.296875, 151440.296875 ], [ 110197.1015625, 151518.90625 ], [ 110188.1015625, 151553.203125 ], [ 110179.203125, 151564.59375 ], [ 110169.0, 151579.796875 ], [ 110156.203125, 151602.59375 ], [ 110140.8984375, 151626.703125 ], [ 110139.5, 151653.296875 ], [ 110139.3984375, 151682.5 ], [ 110134.296875, 151716.796875 ], [ 110126.5, 151753.59375 ], [ 110117.6015625, 151768.796875 ], [ 110107.3984375, 151789.09375 ], [ 110084.3984375, 151811.90625 ], [ 110067.796875, 151841.0 ], [ 110066.5, 151870.296875 ], [ 110063.796875, 151899.5 ], [ 110062.5, 151931.203125 ], [ 110062.3984375, 151956.59375 ], [ 110054.703125, 151974.296875 ], [ 110040.703125, 151992.09375 ], [ 110022.8984375, 152011.09375 ], [ 110005.0, 152040.203125 ], [ 109988.3984375, 152068.09375 ], [ 109975.6015625, 152110.0 ], [ 109964.0, 152158.203125 ], [ 109952.3984375, 152209.0 ], [ 109934.5, 152264.796875 ], [ 109914.0, 152307.90625 ], [ 109896.1015625, 152340.796875 ], [ 109884.5, 152384.0 ], [ 109864.1015625, 152427.09375 ], [ 109846.203125, 152469.0 ], [ 109834.6015625, 152508.296875 ], [ 109819.203125, 152556.5 ], [ 109805.1015625, 152608.5 ], [ 109799.8984375, 152645.296875 ], [ 109789.703125, 152675.796875 ], [ 109774.296875, 152711.296875 ], [ 109756.3984375, 152762.0 ], [ 109750.0, 152781.0 ], [ 109735.8984375, 152797.5 ], [ 109713.0, 152829.203125 ], [ 109709.1015625, 152840.59375 ], [ 109705.296875, 152853.296875 ], [ 109690.0, 152867.203125 ], [ 109679.796875, 152887.5 ], [ 109675.8984375, 152904.0 ], [ 109683.5, 152924.296875 ], [ 109702.5, 152953.59375 ], [ 109716.3984375, 152971.40625 ], [ 109718.8984375, 152985.40625 ], [ 109717.6015625, 153004.40625 ], [ 109709.8984375, 153024.703125 ], [ 109685.703125, 153050.0 ], [ 109675.3984375, 153071.59375 ], [ 109651.203125, 153112.203125 ], [ 109641.0, 153128.59375 ], [ 109629.5, 153145.09375 ], [ 109624.296875, 153169.203125 ], [ 109621.703125, 153195.90625 ], [ 109617.8984375, 153212.40625 ], [ 109605.1015625, 153241.5 ], [ 109594.796875, 153282.203125 ], [ 109579.3984375, 153336.703125 ], [ 109574.296875, 153348.09375 ], [ 109565.296875, 153376.0 ], [ 109562.703125, 153406.5 ], [ 109565.1015625, 153433.203125 ], [ 109572.703125, 153463.703125 ], [ 109582.796875, 153495.5 ], [ 109589.0, 153519.59375 ], [ 109586.3984375, 153536.09375 ], [ 109581.296875, 153550.0 ], [ 109571.1015625, 153576.703125 ], [ 109568.5, 153595.703125 ], [ 109574.796875, 153613.5 ], [ 109582.3984375, 153628.796875 ], [ 109555.203125, 153810.296875 ], [ 109548.703125, 153843.296875 ], [ 109532.0, 153923.203125 ], [ 109516.6015625, 153987.90625 ], [ 109505.0, 154032.40625 ], [ 109498.5, 154093.296875 ], [ 109485.6015625, 154137.703125 ], [ 109455.0, 154193.5 ], [ 109434.5, 154231.5 ], [ 109429.3984375, 154250.5 ], [ 109410.203125, 154310.203125 ], [ 109389.703125, 154363.40625 ], [ 109364.1015625, 154404.0 ], [ 109343.703125, 154452.203125 ], [ 109323.203125, 154511.796875 ], [ 109305.203125, 154567.59375 ], [ 109289.796875, 154612.0 ], [ 109278.296875, 154645.0 ], [ 109259.0, 154730.0 ], [ 109242.296875, 154797.296875 ], [ 109221.796875, 154863.296875 ], [ 109206.3984375, 154914.0 ], [ 109188.5, 154954.59375 ], [ 109165.5, 154992.59375 ], [ 109143.796875, 155025.5 ], [ 109129.703125, 155067.40625 ], [ 109120.6015625, 155115.59375 ], [ 109114.1015625, 155167.703125 ], [ 109105.1015625, 155209.59375 ], [ 109084.6015625, 155264.09375 ], [ 109069.296875, 155304.703125 ], [ 109062.796875, 155350.40625 ], [ 109056.296875, 155397.296875 ], [ 109042.203125, 155444.296875 ], [ 109030.703125, 155481.09375 ], [ 109022.8984375, 155526.796875 ], [ 109017.703125, 155578.796875 ], [ 109008.6015625, 155624.5 ], [ 108995.796875, 155684.09375 ], [ 108963.796875, 155765.296875 ], [ 108934.296875, 155847.796875 ], [ 108902.296875, 155944.203125 ], [ 108892.0, 155964.5 ], [ 108878.0, 155988.5 ], [ 108856.296875, 156015.203125 ], [ 108834.6015625, 156060.796875 ], [ 108816.703125, 156098.796875 ], [ 108803.8984375, 156135.59375 ], [ 108794.796875, 156188.90625 ], [ 108787.1015625, 156232.09375 ], [ 108770.3984375, 156284.09375 ], [ 108748.6015625, 156365.296875 ], [ 108731.8984375, 156430.0 ], [ 108716.3984375, 156494.703125 ], [ 108703.5, 156554.40625 ], [ 108683.0, 156614.0 ], [ 108666.296875, 156681.296875 ], [ 108648.3984375, 156739.59375 ], [ 108620.203125, 156809.40625 ], [ 108595.8984375, 156872.796875 ], [ 108574.203125, 156912.09375 ], [ 108549.8984375, 156960.296875 ], [ 108535.796875, 156988.203125 ], [ 108531.8984375, 157022.40625 ], [ 108522.8984375, 157066.796875 ], [ 108508.703125, 157136.59375 ], [ 108489.5, 157197.5 ], [ 108465.203125, 157254.59375 ], [ 108440.8984375, 157302.796875 ], [ 108414.0, 157358.59375 ], [ 108374.3984375, 157429.59375 ], [ 108336.203125, 157477.703125 ], [ 108310.6015625, 157513.203125 ], [ 108278.796875, 157549.90625 ], [ 108253.203125, 157586.703125 ], [ 108230.203125, 157632.296875 ], [ 108211.1015625, 157675.40625 ], [ 108203.3984375, 157699.5 ], [ 108180.296875, 157755.296875 ], [ 108158.6015625, 157808.59375 ], [ 108141.8984375, 157865.703125 ], [ 108126.5, 157924.09375 ], [ 108100.8984375, 157977.296875 ], [ 108059.8984375, 158078.796875 ], [ 108037.0, 158113.0 ], [ 108026.703125, 158149.796875 ], [ 108012.5, 158209.40625 ], [ 107998.3984375, 158269.09375 ], [ 107979.203125, 158328.703125 ], [ 107967.703125, 158354.09375 ], [ 107939.5, 158417.5 ], [ 107911.3984375, 158479.59375 ], [ 107883.203125, 158557.0 ], [ 107857.6015625, 158622.90625 ], [ 107833.296875, 158691.40625 ], [ 107814.0, 158775.203125 ], [ 107796.0, 158818.296875 ], [ 107760.203125, 158907.09375 ], [ 107741.0, 158962.90625 ], [ 107719.203125, 159034.0 ], [ 107703.796875, 159073.296875 ], [ 107687.203125, 159110.0 ], [ 107662.8984375, 159173.5 ], [ 107638.5, 159239.40625 ], [ 107621.796875, 159296.5 ], [ 107595.0, 159344.703125 ], [ 107570.703125, 159386.5 ], [ 107542.6015625, 159456.296875 ], [ 107517.0, 159522.203125 ], [ 107492.6015625, 159586.90625 ], [ 107460.703125, 159663.0 ], [ 107427.3984375, 159751.796875 ], [ 107409.3984375, 159816.5 ], [ 107388.8984375, 159874.90625 ], [ 107364.6015625, 159935.703125 ], [ 107351.796875, 159968.703125 ], [ 107328.796875, 160018.203125 ], [ 107313.3984375, 160049.90625 ], [ 107298.0, 160103.203125 ], [ 107275.0, 160162.796875 ], [ 107251.8984375, 160221.09375 ], [ 107226.296875, 160285.796875 ], [ 107202.0, 160340.296875 ], [ 107187.8984375, 160382.203125 ], [ 107178.8984375, 160416.5 ], [ 107167.3984375, 160448.203125 ], [ 107141.796875, 160516.703125 ], [ 107112.296875, 160590.203125 ], [ 107094.3984375, 160637.09375 ], [ 107080.296875, 160691.703125 ], [ 107070.0, 160739.90625 ], [ 107059.703125, 160779.296875 ], [ 107035.3984375, 160824.90625 ], [ 107007.296875, 160870.5 ], [ 106988.1015625, 160917.5 ], [ 106971.5, 160960.59375 ], [ 106951.0, 161011.296875 ], [ 106928.0, 161069.703125 ], [ 106898.5, 161143.203125 ], [ 106876.796875, 161191.40625 ], [ 106852.5, 161258.59375 ], [ 106820.3984375, 161350.0 ], [ 106783.296875, 161438.796875 ], [ 106747.5, 161525.0 ], [ 106723.203125, 161578.296875 ], [ 106692.3984375, 161667.0 ], [ 106678.296875, 161706.40625 ], [ 106652.796875, 161764.703125 ], [ 106622.1015625, 161831.90625 ], [ 106583.703125, 161911.796875 ], [ 106564.5, 161971.40625 ], [ 106542.703125, 162028.5 ], [ 106526.0, 162081.796875 ], [ 106512.0, 162118.59375 ], [ 106494.0, 162160.40625 ], [ 106480.0, 162193.40625 ], [ 106450.6015625, 162244.09375 ], [ 106432.703125, 162292.296875 ], [ 106419.8984375, 162327.796875 ], [ 106405.796875, 162358.296875 ], [ 106382.796875, 162411.5 ], [ 106357.203125, 162464.796875 ], [ 106326.5, 162529.40625 ], [ 106306.0, 162576.40625 ], [ 106272.796875, 162642.296875 ], [ 106248.5, 162712.09375 ], [ 106230.6015625, 162742.5 ], [ 106206.296875, 162791.90625 ], [ 106185.8984375, 162828.703125 ], [ 106152.703125, 162869.203125 ], [ 106128.3984375, 162922.5 ], [ 106097.703125, 162973.203125 ], [ 106074.703125, 163026.5 ], [ 105918.703125, 163377.703125 ], [ 105898.203125, 163408.09375 ], [ 105880.296875, 163451.296875 ], [ 105853.5, 163504.5 ], [ 105830.3984375, 163561.59375 ], [ 105798.5, 163630.09375 ], [ 105785.703125, 163669.40625 ], [ 105767.796875, 163703.59375 ], [ 105742.203125, 163742.90625 ], [ 105723.1015625, 163769.5 ], [ 105707.796875, 163803.796875 ], [ 105677.0, 163879.90625 ], [ 105631.0, 163969.90625 ], [ 105606.703125, 164019.296875 ], [ 105582.5, 164063.703125 ], [ 105558.1015625, 164123.296875 ], [ 105544.1015625, 164156.296875 ], [ 105532.5, 164214.703125 ], [ 105513.203125, 164301.0 ], [ 105492.703125, 164356.796875 ], [ 105481.1015625, 164383.40625 ], [ 105472.203125, 164411.296875 ], [ 105454.203125, 164460.796875 ], [ 105438.8984375, 164501.40625 ], [ 105418.5, 164533.0 ], [ 105395.3984375, 164583.796875 ], [ 105368.6015625, 164623.09375 ], [ 105345.6015625, 164667.40625 ], [ 105329.1015625, 164685.203125 ], [ 105312.5, 164700.40625 ], [ 105299.703125, 164719.40625 ], [ 105297.1015625, 164740.90625 ], [ 105242.203125, 164839.796875 ], [ 105219.296875, 164858.796875 ], [ 105202.703125, 164882.90625 ], [ 105182.203125, 164927.296875 ], [ 105164.296875, 164966.59375 ], [ 105138.703125, 165024.90625 ], [ 105091.3984375, 165141.59375 ], [ 105050.3984375, 165238.0 ], [ 105017.296875, 165278.5 ], [ 104970.0, 165369.796875 ], [ 104922.703125, 165456.0 ], [ 104878.0, 165523.203125 ], [ 104855.0, 165577.703125 ], [ 104825.6015625, 165632.203125 ], [ 104783.3984375, 165718.5 ], [ 104743.796875, 165790.703125 ], [ 104701.703125, 165861.703125 ], [ 104674.796875, 165909.90625 ], [ 104642.8984375, 165968.203125 ], [ 104599.5, 166048.0 ], [ 104544.5, 166143.09375 ], [ 104511.296875, 166204.0 ], [ 104479.3984375, 166257.203125 ], [ 104442.3984375, 166316.796875 ], [ 104418.1015625, 166358.59375 ], [ 104398.8984375, 166399.203125 ], [ 104367.0, 166463.90625 ], [ 104323.6015625, 166536.09375 ], [ 104303.1015625, 166564.0 ], [ 104290.3984375, 166586.796875 ], [ 104280.1015625, 166619.796875 ], [ 104272.3984375, 166638.796875 ], [ 104253.296875, 166665.40625 ], [ 104240.5, 166687.0 ], [ 104227.703125, 166718.703125 ], [ 104220.0, 166761.796875 ], [ 104204.6015625, 166799.90625 ], [ 104185.3984375, 166834.09375 ], [ 104162.5, 166872.09375 ], [ 104144.5, 166917.796875 ], [ 104124.0, 166976.09375 ], [ 104112.5, 167007.90625 ], [ 104098.3984375, 167037.0 ], [ 104080.6015625, 167067.5 ], [ 104055.1015625, 167099.09375 ], [ 104035.8984375, 167127.0 ], [ 104021.8984375, 167146.0 ], [ 104009.1015625, 167177.703125 ], [ 103996.296875, 167219.59375 ], [ 103974.5, 167265.203125 ], [ 103949.0, 167315.90625 ], [ 103910.6015625, 167395.796875 ], [ 103881.203125, 167440.203125 ], [ 103855.703125, 167480.703125 ], [ 103826.296875, 167532.703125 ], [ 103807.203125, 167566.90625 ], [ 103781.6015625, 167612.59375 ], [ 103770.0, 167659.5 ], [ 103766.1015625, 167704.0 ], [ 103754.6015625, 167745.796875 ], [ 103745.6015625, 167775.0 ], [ 103729.0, 167802.90625 ], [ 103713.6015625, 167829.5 ], [ 103695.703125, 167870.09375 ], [ 103685.3984375, 167915.796875 ], [ 103670.1015625, 167948.796875 ], [ 103640.703125, 168022.296875 ], [ 103613.703125, 168107.296875 ], [ 103602.203125, 168154.296875 ], [ 103588.1015625, 168183.40625 ], [ 103572.796875, 168205.0 ], [ 103562.6015625, 168226.5 ], [ 103549.703125, 168264.59375 ], [ 103533.1015625, 168289.90625 ], [ 103519.1015625, 168312.703125 ], [ 103505.1015625, 168325.40625 ], [ 103492.296875, 168333.0 ], [ 103479.6015625, 168343.09375 ], [ 103723.703125, 168570.296875 ], [ 103775.296875, 168637.703125 ], [ 103814.1015625, 168700.296875 ], [ 103839.8984375, 168771.0 ], [ 103851.296875, 168840.09375 ], [ 103862.796875, 168928.59375 ], [ 103864.5, 169013.796875 ], [ 103856.703125, 169113.59375 ], [ 103845.5, 169179.59375 ], [ 103836.0, 169258.40625 ], [ 103821.703125, 169348.5 ], [ 103812.203125, 169419.40625 ], [ 103801.0, 169491.796875 ], [ 103781.8984375, 169585.09375 ], [ 103762.703125, 169660.796875 ], [ 103740.296875, 169738.09375 ], [ 103714.703125, 169813.796875 ], [ 103693.8984375, 169879.796875 ], [ 103668.296875, 169947.40625 ], [ 103641.1015625, 170029.59375 ], [ 103618.6015625, 170097.203125 ], [ 103599.5, 170164.796875 ], [ 103581.8984375, 170229.203125 ], [ 103557.8984375, 170313.0 ], [ 103538.703125, 170390.203125 ], [ 103517.8984375, 170462.703125 ], [ 103495.5, 170538.40625 ], [ 103474.796875, 170622.09375 ], [ 103454.0, 170710.59375 ], [ 103441.203125, 170776.59375 ], [ 103425.296875, 170857.09375 ], [ 103407.703125, 170934.40625 ], [ 103385.296875, 171014.90625 ], [ 103364.6015625, 171087.296875 ], [ 103337.3984375, 171174.296875 ], [ 103314.8984375, 171241.90625 ], [ 103290.8984375, 171311.09375 ], [ 103260.5, 171390.09375 ], [ 103226.796875, 171461.0 ], [ 103194.796875, 171525.40625 ], [ 103159.5, 171588.296875 ], [ 103124.203125, 171654.296875 ], [ 103090.5, 171717.203125 ], [ 103055.203125, 171789.59375 ], [ 103029.6015625, 171852.5 ], [ 103005.6015625, 171923.296875 ], [ 102988.0, 171990.90625 ], [ 102973.6015625, 172061.796875 ], [ 102960.8984375, 172132.59375 ], [ 102951.3984375, 172206.59375 ], [ 102946.703125, 172283.796875 ], [ 102948.3984375, 172351.40625 ], [ 102958.203125, 172417.296875 ], [ 102959.8984375, 172494.5 ], [ 102924.6015625, 172555.796875 ], [ 102860.296875, 172596.203125 ], [ 102831.5, 172657.40625 ], [ 102810.703125, 172736.296875 ], [ 102791.5, 172815.203125 ], [ 102769.1015625, 172889.296875 ], [ 102743.5, 172964.90625 ], [ 102722.703125, 173032.59375 ], [ 102708.3984375, 173109.796875 ], [ 102703.703125, 173185.5 ], [ 102700.6015625, 173256.203125 ], [ 102699.1015625, 173325.40625 ], [ 102697.6015625, 173407.5 ], [ 102696.203125, 173479.90625 ], [ 102694.703125, 173560.296875 ], [ 102691.6015625, 173629.5 ], [ 102686.8984375, 173705.09375 ], [ 102674.203125, 173792.0 ], [ 102648.6015625, 173866.09375 ], [ 102598.796875, 173916.09375 ], [ 102539.296875, 173950.09375 ], [ 102492.703125, 174004.90625 ], [ 102463.8984375, 174067.703125 ], [ 102449.5, 174135.296875 ], [ 102430.296875, 174206.203125 ], [ 102396.703125, 174272.203125 ], [ 102348.5, 174323.90625 ], [ 102295.3984375, 174367.5 ], [ 102234.3984375, 174412.703125 ], [ 102168.5, 174466.0 ], [ 102112.203125, 174506.40625 ], [ 102049.5, 174542.0 ], [ 101998.1015625, 174588.796875 ], [ 101959.6015625, 174648.40625 ], [ 101919.5, 174717.703125 ], [ 101887.3984375, 174785.40625 ], [ 101874.703125, 174856.203125 ], [ 101871.6015625, 174923.796875 ], [ 101887.796875, 175002.5 ], [ 101920.1015625, 175070.0 ], [ 101960.3984375, 175123.0 ], [ 102026.5, 175154.90625 ], [ 102095.703125, 175183.703125 ], [ 102160.203125, 175215.703125 ], [ 102227.796875, 175226.703125 ], [ 102300.296875, 175242.59375 ], [ 102371.1015625, 175253.59375 ], [ 102446.703125, 175263.0 ], [ 102512.703125, 175250.0 ], [ 102577.0, 175228.796875 ], [ 102652.6015625, 175198.0 ], [ 102720.203125, 175170.5 ], [ 102787.703125, 175141.296875 ], [ 102848.796875, 175112.203125 ], [ 102926.0, 175076.5 ], [ 102991.8984375, 175047.40625 ], [ 103056.296875, 175015.0 ], [ 103115.703125, 174982.703125 ], [ 103181.703125, 174943.796875 ], [ 103250.796875, 174900.203125 ], [ 103313.5, 174859.796875 ], [ 103376.203125, 174821.0 ], [ 103437.296875, 174785.40625 ], [ 103503.203125, 174748.203125 ], [ 103570.703125, 174720.59375 ], [ 103644.703125, 174686.59375 ], [ 103705.796875, 174647.796875 ], [ 103763.6015625, 174604.203125 ], [ 103774.296875, 174589.296875 ], [ 103803.796875, 174547.796875 ], [ 103853.6015625, 174491.296875 ], [ 103905.0, 174442.90625 ], [ 103958.0, 174402.5 ], [ 104014.296875, 174367.0 ], [ 104085.0, 174329.796875 ], [ 104144.5, 174297.40625 ], [ 104215.296875, 174266.59375 ], [ 104290.8984375, 174235.796875 ], [ 104371.296875, 174205.0 ], [ 104438.796875, 174179.0 ], [ 104522.3984375, 174143.40625 ], [ 104585.203125, 174119.09375 ], [ 104652.703125, 174091.5 ], [ 104710.6015625, 174054.296875 ], [ 104766.796875, 174014.0 ], [ 104821.5, 173973.59375 ], [ 104874.5, 173930.0 ], [ 104930.703125, 173870.296875 ], [ 104982.1015625, 173809.0 ], [ 105022.296875, 173752.59375 ], [ 105064.0, 173694.5 ], [ 105104.1015625, 173630.0 ], [ 105133.0, 173568.796875 ], [ 105176.296875, 173501.09375 ], [ 105264.703125, 173430.09375 ], [ 105353.1015625, 173369.40625 ], [ 105366.0, 173360.59375 ], [ 105431.6015625, 173332.203125 ], [ 105438.296875, 173325.0 ], [ 105472.0, 173262.09375 ], [ 105504.1015625, 173194.5 ], [ 105529.703125, 173120.40625 ], [ 105555.296875, 173052.796875 ], [ 105589.0, 172980.296875 ], [ 105613.0, 172917.5 ], [ 105619.296875, 172841.796875 ], [ 105590.203125, 172779.203125 ], [ 105532.203125, 172739.09375 ], [ 105463.0, 172720.0 ], [ 105396.8984375, 172691.296875 ], [ 105352.296875, 172660.90625 ], [ 105340.5, 172652.90625 ], [ 105301.796875, 172588.59375 ], [ 105316.203125, 172521.0 ], [ 105352.1015625, 172465.5 ], [ 105357.8984375, 172456.5 ], [ 105401.203125, 172404.90625 ], [ 105449.3984375, 172345.296875 ], [ 105504.0, 172296.796875 ], [ 105558.703125, 172256.5 ], [ 105624.6015625, 172217.59375 ], [ 105698.6015625, 172196.5 ], [ 105769.3984375, 172186.59375 ], [ 105849.8984375, 172178.296875 ], [ 105915.8984375, 172187.796875 ], [ 105998.0, 172203.59375 ], [ 106065.5, 172188.90625 ], [ 106129.8984375, 172166.203125 ], [ 106197.3984375, 172151.5 ], [ 106263.3984375, 172122.40625 ], [ 106330.8984375, 172088.40625 ], [ 106404.8984375, 172065.59375 ], [ 106474.1015625, 172055.796875 ], [ 106549.703125, 172041.0 ], [ 106631.796875, 172039.203125 ], [ 106707.3984375, 172042.203125 ], [ 106776.6015625, 172050.0 ], [ 106842.6015625, 172061.0 ], [ 106932.796875, 172075.296875 ], [ 107010.0, 172073.40625 ], [ 107082.5, 172065.09375 ], [ 107153.296875, 172081.0 ], [ 107229.0, 172093.59375 ], [ 107299.703125, 172075.703125 ], [ 107365.703125, 172062.59375 ], [ 107434.8984375, 172052.796875 ], [ 107507.296875, 172054.203125 ], [ 107574.8984375, 172060.40625 ], [ 107640.8984375, 172069.796875 ], [ 107697.296875, 172109.90625 ], [ 107769.796875, 172116.09375 ], [ 107828.6015625, 172118.59375 ], [ 107840.6015625, 172119.09375 ], [ 107919.3984375, 172114.0 ], [ 107987.0, 172120.296875 ], [ 108070.703125, 172120.0 ], [ 108141.5, 172121.40625 ], [ 108212.3984375, 172150.09375 ], [ 108286.3984375, 172149.90625 ], [ 108363.703125, 172157.703125 ], [ 108431.296875, 172178.40625 ], [ 108511.703125, 172191.5 ], [ 108521.5, 172194.203125 ], [ 108595.6015625, 172229.40625 ], [ 108653.6015625, 172272.59375 ], [ 108708.3984375, 172333.59375 ], [ 108755.203125, 172388.09375 ], [ 108758.6015625, 172460.5 ], [ 108768.3984375, 172531.296875 ], [ 108783.0, 172613.296875 ], [ 108794.3984375, 172692.0 ], [ 108801.0, 172767.59375 ], [ 108810.796875, 172833.5 ], [ 108820.5, 172902.703125 ], [ 108833.5, 172971.796875 ], [ 108857.796875, 173044.09375 ], [ 108877.296875, 173126.09375 ], [ 108898.296875, 173198.40625 ], [ 108917.796875, 173264.296875 ], [ 108938.796875, 173335.0 ], [ 108953.3984375, 173407.40625 ], [ 108974.5, 173492.59375 ], [ 108997.1015625, 173558.5 ], [ 109018.203125, 173627.59375 ], [ 109034.3984375, 173695.09375 ], [ 109087.6015625, 173735.09375 ], [ 109098.8984375, 173733.5 ] ] ] ] } }
]
}
