{
"type": "FeatureCollection",
"name": "coastal_buffer_simplified",
"crs": { "type": "name", "properties": { "name": "urn:ogc:def:crs:OGC:1.3:CRS84" } },
"xy_coordinate_resolution": 1e-06,
"features": [
{ "type": "Feature", "properties": { "element": "way", "id": 24378779 }, "geometry": { "type": "Polygon", "coordinates": [ [ [ 79.835969, 7.207 ], [ 79.836023, 7.206601 ], [ 79.836155, 7.20625 ], [ 79.836172, 7.206001 ], [ 79.836458, 7.205619 ], [ 79.836544, 7.205063 ], [ 79.836471, 7.20469 ], [ 79.836121, 7.204066 ], [ 79.836084, 7.20392 ], [ 79.83616, 7.203662 ], [ 79.836157, 7.203314 ], [ 79.835948, 7.202851 ], [ 79.835908, 7.202339 ], [ 79.835829, 7.202051 ], [ 79.835872, 7.201789 ], [ 79.835893, 7.199915 ], [ 79.835844, 7.199581 ], [ 79.83555, 7.199114 ], [ 79.835169, 7.1989 ], [ 79.834305, 7.198746 ], [ 79.833509, 7.198534 ], [ 79.832837, 7.198618 ], [ 79.832163, 7.199116 ], [ 79.831711, 7.199793 ], [ 79.831575, 7.200361 ], [ 79.831456, 7.201332 ], [ 79.831333, 7.201636 ], [ 79.831105, 7.201982 ], [ 79.830769, 7.202266 ], [ 79.830348, 7.202754 ], [ 79.829257, 7.204268 ], [ 79.829182, 7.20454 ], [ 79.829132, 7.205188 ], [ 79.82945, 7.206612 ], [ 79.829693, 7.20699 ], [ 79.830102, 7.207253 ], [ 79.830371, 7.207305 ], [ 79.830827, 7.207273 ], [ 79.831102, 7.207416 ], [ 79.83153, 7.207501 ], [ 79.83181, 7.207717 ], [ 79.832166, 7.207851 ], [ 79.833412, 7.207951 ], [ 79.83361, 7.208117 ], [ 79.834008, 7.208298 ], [ 79.834326, 7.20862 ], [ 79.834581, 7.208723 ], [ 79.834844, 7.208755 ], [ 79.83534, 7.20869 ], [ 79.835569, 7.208556 ], [ 79.835748, 7.208361 ], [ 79.835964, 7.207797 ], [ 79.836009, 7.207243 ], [ 79.835969, 7.207 ] ], [ [ 79.831045, 7.205471 ], [ 79.830955, 7.204983 ], [ 79.831787, 7.203854 ], [ 79.832043, 7.203556 ], [ 79.832493, 7.203159 ], [ 79.83294, 7.202479 ], [ 79.833232, 7.20173 ], [ 79.833387, 7.200516 ], [ 79.833466, 7.200392 ], [ 79.834054, 7.200538 ], [ 79.834065, 7.201529 ], [ 79.833986, 7.201755 ], [ 79.833957, 7.202129 ], [ 79.834118, 7.202647 ], [ 79.834163, 7.203236 ], [ 79.834271, 7.203576 ], [ 79.834244, 7.203854 ], [ 79.834303, 7.204257 ], [ 79.834438, 7.204741 ], [ 79.834571, 7.205003 ], [ 79.834431, 7.205408 ], [ 79.834368, 7.205836 ], [ 79.834265, 7.206068 ], [ 79.833329, 7.206141 ], [ 79.832709, 7.206055 ], [ 79.832482, 7.205927 ], [ 79.831907, 7.205713 ], [ 79.831687, 7.205679 ], [ 79.831384, 7.205522 ], [ 79.831045, 7.205471 ] ] ] } },
{ "type": "Feature", "properties": { "element": "way", "id": 24378780 }, "geometry": { "type": "Polygon", "coordinates": [ [ [ 79.82981, 7.192916 ], [ 79.829784, 7.193326 ], [ 79.829886, 7.193986 ], [ 79.83047, 7.195224 ], [ 79.830685, 7.19551 ], [ 79.830995, 7.195691 ], [ 79.83135, 7.195737 ], [ 79.832007, 7.195626 ], [ 79.8324, 7.195399 ], [ 79.832604, 7.195096 ], [ 79.832893, 7.194113 ], [ 79.833029, 7.192153 ], [ 79.832886, 7.191757 ], [ 79.832378, 7.19112 ], [ 79.831854, 7.190219 ], [ 79.831589, 7.189974 ], [ 79.830958, 7.189727 ], [ 79.830621, 7.189674 ], [ 79.83021, 7.189788 ], [ 79.829897, 7.190077 ], [ 79.829428, 7.191009 ], [ 79.829364, 7.192096 ], [ 79.829388, 7.192351 ], [ 79.829484, 7.192589 ], [ 79.829642, 7.19279 ], [ 79.82981, 7.192916 ] ] ] } },
{ "type": "Feature", "properties": { "element": "way", "id": 24378781 }, "geometry": { "type": "Polygon", "coordinates": [ [ [ 79.83608, 7.195927 ], [ 79.836742, 7.195419 ], [ 79.836906, 7.195382 ], [ 79.83744, 7.195493 ], [ 79.837789, 7.195416 ], [ 79.83836, 7.194973 ], [ 79.838581, 7.194686 ], [ 79.838671, 7.194336 ], [ 79.838591, 7.193421 ], [ 79.83841, 7.193119 ], [ 79.838051, 7.192729 ], [ 79.837834, 7.192582 ], [ 79.837584, 7.192504 ], [ 79.837322, 7.1925 ], [ 79.835297, 7.192986 ], [ 79.834972, 7.193147 ], [ 79.834736, 7.193423 ], [ 79.834623, 7.19386 ], [ 79.834628, 7.195297 ], [ 79.834727, 7.19563 ], [ 79.835015, 7.195954 ], [ 79.835335, 7.196093 ], [ 79.835769, 7.196081 ], [ 79.83608, 7.195927 ] ] ] } },
{ "type": "Feature", "properties": { "element": "way", "id": 24378782 }, "geometry": { "type": "Polygon", "coordinates": [ [ [ 79.8354, 7.19416 ], [ 79.836053, 7.1942 ], [ 79.836404, 7.194084 ], [ 79.837196, 7.193507 ], [ 79.838216, 7.19258 ], [ 79.838665, 7.191955 ], [ 79.838804, 7.191372 ], [ 79.838793, 7.191113 ], [ 79.839065, 7.190811 ], [ 79.839183, 7.190471 ], [ 79.839178, 7.190201 ], [ 79.839031, 7.189648 ], [ 79.838822, 7.189273 ], [ 79.838543, 7.189069 ], [ 79.838193, 7.188964 ], [ 79.837726, 7.188437 ], [ 79.837082, 7.187815 ], [ 79.836866, 7.18766 ], [ 79.836614, 7.187575 ], [ 79.836175, 7.187604 ], [ 79.835937, 7.187721 ], [ 79.835743, 7.187903 ], [ 79.835043, 7.189232 ], [ 79.834783, 7.190047 ], [ 79.834781, 7.190743 ], [ 79.834536, 7.191462 ], [ 79.834583, 7.193369 ], [ 79.834691, 7.193701 ], [ 79.834852, 7.193909 ], [ 79.835145, 7.194099 ], [ 79.8354, 7.19416 ] ], [ [ 79.836352, 7.191828 ], [ 79.836349, 7.191696 ], [ 79.836587, 7.191052 ], [ 79.836578, 7.190368 ], [ 79.836695, 7.190002 ], [ 79.837006, 7.190356 ], [ 79.836895, 7.190728 ], [ 79.83697, 7.191245 ], [ 79.836352, 7.191828 ] ] ] } },
{ "type": "Feature", "properties": { "element": "way", "id": 24378783 }, "geometry": { "type": "Polygon", "coordinates": [ [ [ 79.832006, 7.191677 ], [ 79.83145, 7.195109 ], [ 79.83137, 7.19723 ], [ 79.83154, 7.199084 ], [ 79.831602, 7.19934 ], [ 79.831736, 7.199568 ], [ 79.831929, 7.199747 ], [ 79.832632, 7.200096 ], [ 79.833064, 7.200085 ], [ 79.833459, 7.199908 ], [ 79.83392, 7.200107 ], [ 79.834908, 7.200158 ], [ 79.835176, 7.200104 ], [ 79.835485, 7.199913 ], [ 79.835726, 7.19953 ], [ 79.835891, 7.198171 ], [ 79.835756, 7.196572 ], [ 79.835439, 7.195301 ], [ 79.835756, 7.190634 ], [ 79.835731, 7.190443 ], [ 79.835387, 7.189469 ], [ 79.835172, 7.188681 ], [ 79.834798, 7.188069 ], [ 79.834562, 7.187822 ], [ 79.834332, 7.187705 ], [ 79.833589, 7.187522 ], [ 79.83315, 7.187526 ], [ 79.832833, 7.187679 ], [ 79.832105, 7.188232 ], [ 79.831941, 7.188433 ], [ 79.831823, 7.188757 ], [ 79.831759, 7.189805 ], [ 79.831954, 7.19045 ], [ 79.832006, 7.191677 ] ], [ [ 79.833925, 7.190864 ], [ 79.833776, 7.190813 ], [ 79.833762, 7.190303 ], [ 79.833932, 7.190777 ], [ 79.833925, 7.190864 ] ], [ [ 79.833794, 7.19317 ], [ 79.833619, 7.195402 ], [ 79.833969, 7.196879 ], [ 79.834071, 7.198161 ], [ 79.833635, 7.19798 ], [ 79.83326, 7.198005 ], [ 79.833179, 7.197125 ], [ 79.833257, 7.195239 ], [ 79.833604, 7.193124 ], [ 79.833794, 7.19317 ] ] ] } },
{ "type": "Feature", "properties": { "element": "way", "id": 24378784 }, "geometry": { "type": "Polygon", "coordinates": [ [ [ 79.826778, 7.189165 ], [ 79.826799, 7.189741 ], [ 79.826645, 7.190122 ], [ 79.826605, 7.190371 ], [ 79.826676, 7.191334 ], [ 79.826839, 7.19172 ], [ 79.827227, 7.192161 ], [ 79.827606, 7.192414 ], [ 79.82806, 7.19245 ], [ 79.828717, 7.192154 ], [ 79.829236, 7.191771 ], [ 79.829712, 7.191161 ], [ 79.829843, 7.190723 ], [ 79.829725, 7.189955 ], [ 79.82958, 7.18961 ], [ 79.82959, 7.187748 ], [ 79.829523, 7.187492 ], [ 79.829325, 7.187201 ], [ 79.829112, 7.187046 ], [ 79.828125, 7.186569 ], [ 79.827782, 7.186567 ], [ 79.827391, 7.186742 ], [ 79.826775, 7.187535 ], [ 79.826634, 7.187836 ], [ 79.826626, 7.188767 ], [ 79.826778, 7.189165 ] ] ] } },
{ "type": "Feature", "properties": { "element": "way", "id": 126289899 }, "geometry": { "type": "Polygon", "coordinates": [ [ [ 79.829903, 7.187972 ], [ 79.829964, 7.188407 ], [ 79.830065, 7.188644 ], [ 79.83036, 7.188984 ], [ 79.83058, 7.189131 ], [ 79.830923, 7.189216 ], [ 79.831187, 7.18919 ], [ 79.831596, 7.18903 ], [ 79.831854, 7.188803 ], [ 79.832179, 7.188052 ], [ 79.832389, 7.186829 ], [ 79.832631, 7.186295 ], [ 79.832727, 7.185897 ], [ 79.832697, 7.185517 ], [ 79.83253, 7.185105 ], [ 79.832391, 7.184877 ], [ 79.832193, 7.1847 ], [ 79.831864, 7.184567 ], [ 79.831328, 7.184564 ], [ 79.830922, 7.184704 ], [ 79.830558, 7.184942 ], [ 79.830391, 7.185137 ], [ 79.829959, 7.185922 ], [ 79.829799, 7.186443 ], [ 79.829735, 7.187226 ], [ 79.829783, 7.187656 ], [ 79.829903, 7.187972 ] ] ] } },
{ "type": "Feature", "properties": { "element": "way", "id": 126289904 }, "geometry": { "type": "Polygon", "coordinates": [ [ [ 79.836777, 7.201481 ], [ 79.836332, 7.201707 ], [ 79.836148, 7.201899 ], [ 79.836018, 7.202128 ], [ 79.835944, 7.202466 ], [ 79.835945, 7.202718 ], [ 79.836066, 7.203105 ], [ 79.836294, 7.203384 ], [ 79.837239, 7.204009 ], [ 79.837669, 7.204093 ], [ 79.837905, 7.204063 ], [ 79.838145, 7.203966 ], [ 79.838453, 7.203668 ], [ 79.838658, 7.203175 ], [ 79.838642, 7.202809 ], [ 79.838409, 7.202137 ], [ 79.838129, 7.201813 ], [ 79.837733, 7.201568 ], [ 79.837141, 7.201453 ], [ 79.836777, 7.201481 ] ] ] } },
{ "type": "Feature", "properties": { "element": "way", "id": 126289906 }, "geometry": { "type": "Polygon", "coordinates": [ [ [ 79.835436, 7.204521 ], [ 79.835606, 7.2053 ], [ 79.835673, 7.205959 ], [ 79.835887, 7.207141 ], [ 79.836048, 7.207625 ], [ 79.836286, 7.207896 ], [ 79.836795, 7.208197 ], [ 79.837255, 7.208241 ], [ 79.837613, 7.208125 ], [ 79.838042, 7.207764 ], [ 79.838408, 7.207178 ], [ 79.838545, 7.206806 ], [ 79.83856, 7.206534 ], [ 79.838389, 7.205724 ], [ 79.838498, 7.204636 ], [ 79.838589, 7.204345 ], [ 79.83866, 7.203705 ], [ 79.8386, 7.203333 ], [ 79.838491, 7.203076 ], [ 79.838159, 7.202706 ], [ 79.837861, 7.202462 ], [ 79.836967, 7.202008 ], [ 79.836367, 7.201979 ], [ 79.835761, 7.202174 ], [ 79.835545, 7.202326 ], [ 79.835318, 7.202588 ], [ 79.835159, 7.203023 ], [ 79.835221, 7.2037 ], [ 79.835357, 7.204341 ], [ 79.835436, 7.204521 ] ] ] } },
{ "type": "Feature", "properties": { "element": "way", "id": 151632529 }, "geometry": { "type": "Polygon", "coordinates": [ [ [ 79.966652, 6.463417 ], [ 79.966785, 6.463913 ], [ 79.966883, 6.464155 ], [ 79.967192, 6.464471 ], [ 79.967396, 6.464853 ], [ 79.967604, 6.465035 ], [ 79.968238, 6.465273 ], [ 79.969132, 6.465285 ], [ 79.969371, 6.465189 ], [ 79.969624, 6.464973 ], [ 79.970137, 6.464772 ], [ 79.970495, 6.464469 ], [ 79.970768, 6.464066 ], [ 79.970997, 6.463977 ], [ 79.971211, 6.463811 ], [ 79.97148, 6.463517 ], [ 79.971618, 6.463287 ], [ 79.971682, 6.463027 ], [ 79.971667, 6.46276 ], [ 79.971574, 6.462508 ], [ 79.971016, 6.461607 ], [ 79.970847, 6.461406 ], [ 79.970627, 6.461263 ], [ 79.970263, 6.461148 ], [ 79.970062, 6.460842 ], [ 79.969769, 6.460626 ], [ 79.969436, 6.460512 ], [ 79.969087, 6.460499 ], [ 79.968686, 6.460668 ], [ 79.968452, 6.460928 ], [ 79.968348, 6.461187 ], [ 79.967722, 6.461442 ], [ 79.967528, 6.461633 ], [ 79.967388, 6.461888 ], [ 79.966909, 6.462188 ], [ 79.96673, 6.462381 ], [ 79.966615, 6.462618 ], [ 79.966572, 6.462878 ], [ 79.966652, 6.463417 ] ] ] } },
{ "type": "Feature", "properties": { "element": "way", "id": 209302888 }, "geometry": { "type": "Polygon", "coordinates": [ [ [ 79.82887, 7.191759 ], [ 79.828235, 7.192633 ], [ 79.827665, 7.193955 ], [ 79.827604, 7.194918 ], [ 79.827654, 7.19524 ], [ 79.828295, 7.196358 ], [ 79.830031, 7.198003 ], [ 79.830252, 7.198157 ], [ 79.830508, 7.198239 ], [ 79.830952, 7.198201 ], [ 79.831323, 7.197957 ], [ 79.831756, 7.197244 ], [ 79.832298, 7.195285 ], [ 79.832261, 7.194835 ], [ 79.832133, 7.194594 ], [ 79.831509, 7.193905 ], [ 79.831308, 7.193434 ], [ 79.831399, 7.193027 ], [ 79.831329, 7.192611 ], [ 79.830811, 7.191817 ], [ 79.830499, 7.191508 ], [ 79.830109, 7.191285 ], [ 79.82984, 7.191252 ], [ 79.829588, 7.191281 ], [ 79.829174, 7.191446 ], [ 79.82887, 7.191759 ] ], [ [ 79.829596, 7.194037 ], [ 79.82995, 7.194848 ], [ 79.830399, 7.195373 ], [ 79.830293, 7.195757 ], [ 79.829697, 7.195198 ], [ 79.829421, 7.194713 ], [ 79.829428, 7.194428 ], [ 79.829596, 7.194037 ] ] ] } },
{ "type": "Feature", "properties": { "element": "way", "id": 320506992 }, "geometry": { "type": "Polygon", "coordinates": [ [ [ 79.834226, 7.206514 ], [ 79.834205, 7.207372 ], [ 79.834275, 7.207628 ], [ 79.834477, 7.207917 ], [ 79.834858, 7.208222 ], [ 79.835156, 7.208344 ], [ 79.83552, 7.208353 ], [ 79.835885, 7.208233 ], [ 79.836209, 7.208039 ], [ 79.836632, 7.207541 ], [ 79.836805, 7.207076 ], [ 79.836788, 7.2064 ], [ 79.836696, 7.20607 ], [ 79.836774, 7.205745 ], [ 79.836769, 7.205418 ], [ 79.836706, 7.205158 ], [ 79.83654, 7.204876 ], [ 79.836212, 7.204618 ], [ 79.835822, 7.204525 ], [ 79.835364, 7.204596 ], [ 79.835, 7.204799 ], [ 79.83481, 7.204988 ], [ 79.834601, 7.205301 ], [ 79.834497, 7.205804 ], [ 79.834226, 7.206514 ] ] ] } },
{ "type": "Feature", "properties": { "element": "way", "id": 362350713 }, "geometry": { "type": "Polygon", "coordinates": [ [ [ 79.865583, 6.968143 ], [ 79.865548, 6.968545 ], [ 79.865658, 6.968885 ], [ 79.865849, 6.969127 ], [ 79.86607, 6.969281 ], [ 79.866341, 6.969376 ], [ 79.866575, 6.969388 ], [ 79.866881, 6.970115 ], [ 79.86697, 6.97045 ], [ 79.867181, 6.970733 ], [ 79.867484, 6.970915 ], [ 79.867833, 6.970966 ], [ 79.868176, 6.970881 ], [ 79.868459, 6.97067 ], [ 79.868641, 6.970368 ], [ 79.868693, 6.970019 ], [ 79.868628, 6.969584 ], [ 79.868336, 6.968844 ], [ 79.867972, 6.968206 ], [ 79.867614, 6.967798 ], [ 79.867435, 6.967406 ], [ 79.866697, 6.966693 ], [ 79.866381, 6.966535 ], [ 79.866029, 6.96651 ], [ 79.865694, 6.966622 ], [ 79.865427, 6.966853 ], [ 79.865269, 6.967169 ], [ 79.865244, 6.967521 ], [ 79.865356, 6.967856 ], [ 79.865583, 6.968143 ] ] ] } },
{ "type": "Feature", "properties": { "element": "way", "id": 362350726 }, "geometry": { "type": "Polygon", "coordinates": [ [ [ 79.858981, 6.863741 ], [ 79.859654, 6.863552 ], [ 79.859869, 6.863396 ], [ 79.860029, 6.863184 ], [ 79.86012, 6.862934 ], [ 79.860135, 6.862669 ], [ 79.86005, 6.862153 ], [ 79.860261, 6.860836 ], [ 79.860656, 6.858621 ], [ 79.862496, 6.849488 ], [ 79.862724, 6.846706 ], [ 79.862885, 6.842775 ], [ 79.863311, 6.840433 ], [ 79.863283, 6.839289 ], [ 79.863489, 6.838703 ], [ 79.863649, 6.837319 ], [ 79.863593, 6.836427 ], [ 79.863425, 6.835863 ], [ 79.863477, 6.835119 ], [ 79.863428, 6.834632 ], [ 79.86334, 6.834368 ], [ 79.863102, 6.833954 ], [ 79.862707, 6.833396 ], [ 79.862389, 6.833103 ], [ 79.862369, 6.832773 ], [ 79.862454, 6.832499 ], [ 79.86254, 6.831909 ], [ 79.862731, 6.831548 ], [ 79.863321, 6.829985 ], [ 79.863593, 6.828751 ], [ 79.863817, 6.826897 ], [ 79.863849, 6.825981 ], [ 79.863812, 6.82533 ], [ 79.863872, 6.825 ], [ 79.864199, 6.824417 ], [ 79.86446, 6.823521 ], [ 79.865058, 6.822141 ], [ 79.865702, 6.82043 ], [ 79.866718, 6.816495 ], [ 79.867384, 6.814897 ], [ 79.868377, 6.811605 ], [ 79.869051, 6.809855 ], [ 79.869249, 6.808815 ], [ 79.870201, 6.806224 ], [ 79.870741, 6.805138 ], [ 79.871117, 6.803695 ], [ 79.871453, 6.802045 ], [ 79.872222, 6.799346 ], [ 79.87266, 6.798512 ], [ 79.873187, 6.796932 ], [ 79.873318, 6.795056 ], [ 79.874948, 6.790834 ], [ 79.875662, 6.788621 ], [ 79.875735, 6.788011 ], [ 79.875696, 6.787672 ], [ 79.876155, 6.786557 ], [ 79.876992, 6.783113 ], [ 79.877553, 6.781368 ], [ 79.878347, 6.779283 ], [ 79.879382, 6.777111 ], [ 79.880464, 6.773258 ], [ 79.881116, 6.771923 ], [ 79.881299, 6.77106 ], [ 79.881223, 6.77054 ], [ 79.881972, 6.769185 ], [ 79.882045, 6.768938 ], [ 79.882442, 6.768593 ], [ 79.88281, 6.767879 ], [ 79.883166, 6.766851 ], [ 79.883165, 6.766404 ], [ 79.8835, 6.765513 ], [ 79.883896, 6.763954 ], [ 79.883922, 6.763686 ], [ 79.883882, 6.763459 ], [ 79.884169, 6.762966 ], [ 79.887854, 6.754531 ], [ 79.890118, 6.748607 ], [ 79.890173, 6.748198 ], [ 79.891268, 6.745573 ], [ 79.892099, 6.74323 ], [ 79.892944, 6.74134 ], [ 79.895326, 6.734841 ], [ 79.89538, 6.73457 ], [ 79.895336, 6.734092 ], [ 79.895605, 6.733894 ], [ 79.895794, 6.733594 ], [ 79.900606, 6.720975 ], [ 79.900665, 6.720627 ], [ 79.900586, 6.720283 ], [ 79.900381, 6.719996 ], [ 79.899998, 6.71978 ], [ 79.899734, 6.719749 ], [ 79.89939, 6.719828 ], [ 79.899103, 6.720032 ], [ 79.898915, 6.720331 ], [ 79.894219, 6.732646 ], [ 79.893922, 6.732857 ], [ 79.893735, 6.733145 ], [ 79.893502, 6.733961 ], [ 79.893546, 6.73444 ], [ 79.891256, 6.740688 ], [ 79.890433, 6.742523 ], [ 79.889587, 6.744903 ], [ 79.888674, 6.747103 ], [ 79.888413, 6.747278 ], [ 79.888207, 6.747573 ], [ 79.888136, 6.748015 ], [ 79.888262, 6.748397 ], [ 79.886172, 6.753866 ], [ 79.882534, 6.762188 ], [ 79.882059, 6.763014 ], [ 79.882007, 6.763367 ], [ 79.882085, 6.763736 ], [ 79.881741, 6.765069 ], [ 79.881535, 6.765165 ], [ 79.881336, 6.765337 ], [ 79.881195, 6.765559 ], [ 79.881097, 6.76585 ], [ 79.881098, 6.76627 ], [ 79.881315, 6.766673 ], [ 79.881122, 6.767225 ], [ 79.881005, 6.767457 ], [ 79.880582, 6.767653 ], [ 79.880164, 6.768066 ], [ 79.880015, 6.768481 ], [ 79.880058, 6.768856 ], [ 79.879775, 6.769405 ], [ 79.879685, 6.769576 ], [ 79.879417, 6.769724 ], [ 79.879222, 6.769899 ], [ 79.879055, 6.770204 ], [ 79.879013, 6.770463 ], [ 79.879047, 6.770722 ], [ 79.879204, 6.771033 ], [ 79.879417, 6.77123 ], [ 79.879389, 6.771359 ], [ 79.878748, 6.772677 ], [ 79.877683, 6.776478 ], [ 79.876669, 6.778604 ], [ 79.875839, 6.780789 ], [ 79.875241, 6.782654 ], [ 79.874431, 6.785997 ], [ 79.873861, 6.787385 ], [ 79.873823, 6.78772 ], [ 79.873907, 6.788167 ], [ 79.87325, 6.790207 ], [ 79.871543, 6.794646 ], [ 79.871408, 6.796565 ], [ 79.870994, 6.797798 ], [ 79.870508, 6.79876 ], [ 79.869703, 6.801583 ], [ 79.869348, 6.803309 ], [ 79.869016, 6.804582 ], [ 79.868522, 6.805546 ], [ 79.867524, 6.808262 ], [ 79.867307, 6.809359 ], [ 79.866654, 6.81105 ], [ 79.865664, 6.814333 ], [ 79.865004, 6.815906 ], [ 79.863993, 6.819832 ], [ 79.86338, 6.821462 ], [ 79.862763, 6.822882 ], [ 79.862515, 6.823736 ], [ 79.862136, 6.824444 ], [ 79.861999, 6.825227 ], [ 79.862039, 6.825962 ], [ 79.86201, 6.826795 ], [ 79.861816, 6.828409 ], [ 79.861673, 6.829099 ], [ 79.861574, 6.829508 ], [ 79.861367, 6.830059 ], [ 79.861048, 6.830868 ], [ 79.860833, 6.831282 ], [ 79.860528, 6.832674 ], [ 79.8602, 6.833299 ], [ 79.860142, 6.833553 ], [ 79.86016, 6.833812 ], [ 79.860267, 6.834105 ], [ 79.860701, 6.834768 ], [ 79.861064, 6.834997 ], [ 79.861319, 6.835044 ], [ 79.861623, 6.835002 ], [ 79.861666, 6.835076 ], [ 79.861612, 6.836073 ], [ 79.861806, 6.836752 ], [ 79.861837, 6.83727 ], [ 79.861721, 6.838287 ], [ 79.861476, 6.839011 ], [ 79.861512, 6.840215 ], [ 79.86108, 6.842633 ], [ 79.860917, 6.846609 ], [ 79.860696, 6.849292 ], [ 79.858877, 6.858287 ], [ 79.858475, 6.860542 ], [ 79.858235, 6.862196 ], [ 79.858098, 6.862426 ], [ 79.858025, 6.862748 ], [ 79.858048, 6.863 ], [ 79.858135, 6.863235 ], [ 79.85827, 6.863428 ], [ 79.858494, 6.86361 ], [ 79.858684, 6.863695 ], [ 79.858981, 6.863741 ] ] ] } },
{ "type": "Feature", "properties": { "element": "way", "id": 362350728 }, "geometry": { "type": "Polygon", "coordinates": [ [ [ 79.838062, 6.946633 ], [ 79.839918, 6.957704 ], [ 79.83999, 6.957937 ], [ 79.839539, 6.957949 ], [ 79.839304, 6.958054 ], [ 79.839109, 6.958222 ], [ 79.838175, 6.959322 ], [ 79.838003, 6.959726 ], [ 79.837984, 6.96017 ], [ 79.838086, 6.960499 ], [ 79.838219, 6.960736 ], [ 79.838596, 6.961128 ], [ 79.838982, 6.961436 ], [ 79.839233, 6.961576 ], [ 79.839475, 6.961641 ], [ 79.839963, 6.961654 ], [ 79.840471, 6.961481 ], [ 79.84078, 6.961233 ], [ 79.844469, 6.95688 ], [ 79.844785, 6.95689 ], [ 79.845113, 6.956792 ], [ 79.845366, 6.956613 ], [ 79.845625, 6.956314 ], [ 79.845741, 6.956072 ], [ 79.845777, 6.955718 ], [ 79.845711, 6.955458 ], [ 79.845567, 6.955215 ], [ 79.845529, 6.954335 ], [ 79.845839, 6.954294 ], [ 79.846129, 6.954185 ], [ 79.846346, 6.954014 ], [ 79.846531, 6.953753 ], [ 79.846626, 6.953453 ], [ 79.846635, 6.953194 ], [ 79.846569, 6.952944 ], [ 79.846432, 6.952698 ], [ 79.846632, 6.952632 ], [ 79.846859, 6.952481 ], [ 79.847107, 6.952104 ], [ 79.847153, 6.951745 ], [ 79.847068, 6.951236 ], [ 79.847229, 6.950937 ], [ 79.847267, 6.950586 ], [ 79.847204, 6.950328 ], [ 79.847069, 6.950099 ], [ 79.846874, 6.949919 ], [ 79.846635, 6.949804 ], [ 79.846284, 6.949767 ], [ 79.84589, 6.949837 ], [ 79.845641, 6.949923 ], [ 79.845428, 6.950078 ], [ 79.845268, 6.950287 ], [ 79.845175, 6.950533 ], [ 79.845157, 6.950795 ], [ 79.845211, 6.951128 ], [ 79.844434, 6.951353 ], [ 79.844169, 6.951588 ], [ 79.844041, 6.951822 ], [ 79.843995, 6.952261 ], [ 79.844204, 6.952801 ], [ 79.843914, 6.953018 ], [ 79.843714, 6.953399 ], [ 79.843688, 6.953657 ], [ 79.843743, 6.954936 ], [ 79.842426, 6.956492 ], [ 79.842036, 6.956432 ], [ 79.841556, 6.95651 ], [ 79.839973, 6.947086 ], [ 79.840147, 6.946775 ], [ 79.840176, 6.946334 ], [ 79.839958, 6.945169 ], [ 79.839845, 6.944923 ], [ 79.839665, 6.944722 ], [ 79.83926, 6.944532 ], [ 79.83836, 6.944525 ], [ 79.838023, 6.944625 ], [ 79.837738, 6.94485 ], [ 79.837539, 6.945255 ], [ 79.837525, 6.945959 ], [ 79.837705, 6.94636 ], [ 79.838062, 6.946633 ] ] ] } },
{ "type": "Feature", "properties": { "element": "way", "id": 362350732 }, "geometry": { "type": "Polygon", "coordinates": [ [ [ 79.853458, 6.947656 ], [ 79.853365, 6.947407 ], [ 79.853138, 6.947137 ], [ 79.852824, 6.946975 ], [ 79.852472, 6.946945 ], [ 79.852136, 6.947051 ], [ 79.851866, 6.947279 ], [ 79.851703, 6.947592 ], [ 79.851668, 6.947855 ], [ 79.852519, 6.951931 ], [ 79.85269, 6.95224 ], [ 79.852889, 6.952416 ], [ 79.85313, 6.952526 ], [ 79.853394, 6.952562 ], [ 79.853739, 6.952488 ], [ 79.85403, 6.952289 ], [ 79.854223, 6.951993 ], [ 79.854287, 6.951646 ], [ 79.853458, 6.947656 ] ] ] } },
{ "type": "Feature", "properties": { "element": "way", "id": 362350749 }, "geometry": { "type": "Polygon", "coordinates": [ [ [ 79.867415, 6.971833 ], [ 79.86753, 6.972377 ], [ 79.86728, 6.972749 ], [ 79.867218, 6.9731 ], [ 79.867509, 6.97448 ], [ 79.867612, 6.974786 ], [ 79.868794, 6.97684 ], [ 79.869007, 6.977551 ], [ 79.869037, 6.977903 ], [ 79.869149, 6.978146 ], [ 79.869372, 6.978398 ], [ 79.8694, 6.978733 ], [ 79.869545, 6.979055 ], [ 79.869803, 6.979296 ], [ 79.870047, 6.979401 ], [ 79.870399, 6.979424 ], [ 79.870655, 6.979351 ], [ 79.870942, 6.979146 ], [ 79.871128, 6.978846 ], [ 79.871233, 6.978271 ], [ 79.871195, 6.977942 ], [ 79.871081, 6.977669 ], [ 79.870825, 6.977298 ], [ 79.870473, 6.97614 ], [ 79.869263, 6.974029 ], [ 79.86913, 6.973438 ], [ 79.869348, 6.972875 ], [ 79.869364, 6.972317 ], [ 79.869051, 6.970945 ], [ 79.868886, 6.970594 ], [ 79.868718, 6.970391 ], [ 79.868647, 6.969775 ], [ 79.86841, 6.969405 ], [ 79.868192, 6.969253 ], [ 79.867939, 6.969171 ], [ 79.867586, 6.969181 ], [ 79.867264, 6.969326 ], [ 79.867022, 6.969583 ], [ 79.866896, 6.969912 ], [ 79.866872, 6.970292 ], [ 79.86704, 6.971303 ], [ 79.867186, 6.971607 ], [ 79.867415, 6.971833 ] ] ] } },
{ "type": "Feature", "properties": { "element": "way", "id": 362350979 }, "geometry": { "type": "Polygon", "coordinates": [ [ [ 79.821579, 6.939863 ], [ 79.821599, 6.9326 ], [ 79.821641, 6.931678 ], [ 79.822008, 6.929879 ], [ 79.822469, 6.928763 ], [ 79.823022, 6.927782 ], [ 79.823597, 6.927005 ], [ 79.82444, 6.926111 ], [ 79.825313, 6.925395 ], [ 79.826257, 6.924802 ], [ 79.827445, 6.924264 ], [ 79.828373, 6.923958 ], [ 79.829338, 6.923764 ], [ 79.830274, 6.923662 ], [ 79.834654, 6.923722 ], [ 79.835281, 6.923896 ], [ 79.83554, 6.924237 ], [ 79.835996, 6.924461 ], [ 79.836267, 6.924498 ], [ 79.836692, 6.924418 ], [ 79.836935, 6.924294 ], [ 79.837131, 6.924103 ], [ 79.837308, 6.923783 ], [ 79.837382, 6.923484 ], [ 79.837326, 6.923024 ], [ 79.837176, 6.922739 ], [ 79.836997, 6.92254 ], [ 79.836677, 6.922331 ], [ 79.836058, 6.922059 ], [ 79.835477, 6.921876 ], [ 79.834831, 6.921757 ], [ 79.830252, 6.921665 ], [ 79.829095, 6.921775 ], [ 79.827916, 6.922013 ], [ 79.826673, 6.922399 ], [ 79.825385, 6.922996 ], [ 79.824174, 6.92374 ], [ 79.823114, 6.924617 ], [ 79.822103, 6.925689 ], [ 79.821343, 6.926751 ], [ 79.820652, 6.927955 ], [ 79.820118, 6.929302 ], [ 79.81981, 6.93044 ], [ 79.819615, 6.93156 ], [ 79.819553, 6.940486 ], [ 79.819667, 6.940929 ], [ 79.819912, 6.94126 ], [ 79.820271, 6.941475 ], [ 79.820703, 6.941555 ], [ 79.821137, 6.941451 ], [ 79.821528, 6.941136 ], [ 79.821694, 6.940837 ], [ 79.821742, 6.940317 ], [ 79.821676, 6.940038 ], [ 79.821579, 6.939863 ] ] ] } },
{ "type": "Feature", "properties": { "element": "way", "id": 362350985 }, "geometry": { "type": "Polygon", "coordinates": [ [ [ 79.855042, 6.879002 ], [ 79.855166, 6.879326 ], [ 79.854884, 6.880975 ], [ 79.854455, 6.8825 ], [ 79.854121, 6.884057 ], [ 79.854181, 6.884405 ], [ 79.854369, 6.884704 ], [ 79.854657, 6.884908 ], [ 79.855001, 6.884986 ], [ 79.855265, 6.884955 ], [ 79.855508, 6.884848 ], [ 79.855709, 6.884675 ], [ 79.855884, 6.884369 ], [ 79.856207, 6.882952 ], [ 79.856656, 6.881342 ], [ 79.857021, 6.879134 ], [ 79.856921, 6.878631 ], [ 79.856592, 6.878061 ], [ 79.856334, 6.877821 ], [ 79.855915, 6.877688 ], [ 79.855482, 6.877767 ], [ 79.85526, 6.877912 ], [ 79.855088, 6.878115 ], [ 79.854955, 6.878533 ], [ 79.855042, 6.879002 ] ] ] } },
{ "type": "Feature", "properties": { "element": "way", "id": 362350993 }, "geometry": { "type": "Polygon", "coordinates": [ [ [ 79.855458, 6.87734 ], [ 79.855159, 6.877585 ], [ 79.855, 6.877899 ], [ 79.854904, 6.878395 ], [ 79.855002, 6.878883 ], [ 79.855179, 6.879188 ], [ 79.85546, 6.879402 ], [ 79.855801, 6.879493 ], [ 79.856151, 6.879446 ], [ 79.856387, 6.879324 ], [ 79.856577, 6.879139 ], [ 79.85675, 6.878742 ], [ 79.857046, 6.878328 ], [ 79.857299, 6.877479 ], [ 79.857514, 6.876524 ], [ 79.85808, 6.874648 ], [ 79.858426, 6.873111 ], [ 79.858445, 6.872846 ], [ 79.858307, 6.872429 ], [ 79.858134, 6.872228 ], [ 79.857909, 6.872086 ], [ 79.857565, 6.872009 ], [ 79.857217, 6.872069 ], [ 79.856919, 6.872258 ], [ 79.856715, 6.872546 ], [ 79.85632, 6.874226 ], [ 79.85578, 6.876003 ], [ 79.855458, 6.87734 ] ] ] } },
{ "type": "Feature", "properties": { "element": "way", "id": 362351010 }, "geometry": { "type": "Polygon", "coordinates": [ [ [ 79.858403, 6.873193 ], [ 79.859583, 6.867391 ], [ 79.860084, 6.865135 ], [ 79.860286, 6.863648 ], [ 79.860238, 6.862918 ], [ 79.860021, 6.862305 ], [ 79.859718, 6.861987 ], [ 79.8593, 6.861849 ], [ 79.85895, 6.861893 ], [ 79.858642, 6.862067 ], [ 79.858425, 6.862345 ], [ 79.858342, 6.862597 ], [ 79.858336, 6.862862 ], [ 79.85846, 6.863293 ], [ 79.858471, 6.863504 ], [ 79.858311, 6.864775 ], [ 79.857809, 6.86703 ], [ 79.856644, 6.872806 ], [ 79.8567, 6.873242 ], [ 79.85689, 6.873539 ], [ 79.85718, 6.873741 ], [ 79.857524, 6.873817 ], [ 79.857872, 6.873755 ], [ 79.85817, 6.873565 ], [ 79.858403, 6.873193 ] ] ] } },
{ "type": "Feature", "properties": { "element": "way", "id": 362351011 }, "geometry": { "type": "Polygon", "coordinates": [ [ [ 79.850723, 6.942073 ], [ 79.850172, 6.94104 ], [ 79.849995, 6.940843 ], [ 79.849768, 6.940705 ], [ 79.849422, 6.940635 ], [ 79.849075, 6.940702 ], [ 79.84878, 6.940896 ], [ 79.848583, 6.941189 ], [ 79.848512, 6.941535 ], [ 79.848579, 6.941881 ], [ 79.851805, 6.948322 ], [ 79.852047, 6.94858 ], [ 79.852283, 6.948701 ], [ 79.852544, 6.948748 ], [ 79.852808, 6.948717 ], [ 79.853125, 6.94856 ], [ 79.853357, 6.948295 ], [ 79.85347, 6.94796 ], [ 79.853446, 6.947608 ], [ 79.850723, 6.942073 ] ] ] } },
{ "type": "Feature", "properties": { "element": "way", "id": 362351018 }, "geometry": { "type": "Polygon", "coordinates": [ [ [ 79.852802, 6.959651 ], [ 79.852524, 6.95984 ], [ 79.852367, 6.96005 ], [ 79.852277, 6.960297 ], [ 79.852262, 6.960558 ], [ 79.852434, 6.961382 ], [ 79.85264, 6.961713 ], [ 79.852915, 6.961925 ], [ 79.853218, 6.962037 ], [ 79.854848, 6.962177 ], [ 79.855172, 6.962321 ], [ 79.855858, 6.962457 ], [ 79.856249, 6.962755 ], [ 79.856823, 6.962916 ], [ 79.857088, 6.962899 ], [ 79.857337, 6.962806 ], [ 79.857548, 6.962645 ], [ 79.857703, 6.962429 ], [ 79.8578, 6.96209 ], [ 79.85776, 6.961739 ], [ 79.857589, 6.961431 ], [ 79.857388, 6.961255 ], [ 79.857483, 6.961048 ], [ 79.857524, 6.960789 ], [ 79.857553, 6.959301 ], [ 79.857497, 6.959036 ], [ 79.857377, 6.958817 ], [ 79.857513, 6.958389 ], [ 79.857483, 6.957697 ], [ 79.857899, 6.957573 ], [ 79.858223, 6.957296 ], [ 79.858387, 6.956975 ], [ 79.858437, 6.956469 ], [ 79.858362, 6.95613 ], [ 79.858123, 6.955726 ], [ 79.85765, 6.955295 ], [ 79.857174, 6.955117 ], [ 79.857169, 6.955007 ], [ 79.857409, 6.954965 ], [ 79.857647, 6.95485 ], [ 79.857843, 6.954672 ], [ 79.857978, 6.954444 ], [ 79.858046, 6.954099 ], [ 79.85793, 6.953302 ], [ 79.857791, 6.953073 ], [ 79.857514, 6.952849 ], [ 79.857172, 6.95275 ], [ 79.856815, 6.952773 ], [ 79.856579, 6.952505 ], [ 79.856251, 6.952347 ], [ 79.855979, 6.952321 ], [ 79.854472, 6.952434 ], [ 79.854268, 6.95147 ], [ 79.854175, 6.951221 ], [ 79.853876, 6.950899 ], [ 79.85346, 6.950756 ], [ 79.853109, 6.950795 ], [ 79.852799, 6.950965 ], [ 79.852579, 6.951241 ], [ 79.85248, 6.95158 ], [ 79.852497, 6.951845 ], [ 79.852873, 6.953619 ], [ 79.853074, 6.954023 ], [ 79.852967, 6.954406 ], [ 79.853003, 6.954853 ], [ 79.853207, 6.955235 ], [ 79.853485, 6.955445 ], [ 79.853909, 6.955536 ], [ 79.854599, 6.955451 ], [ 79.854598, 6.955715 ], [ 79.854047, 6.955698 ], [ 79.853637, 6.955862 ], [ 79.853318, 6.956244 ], [ 79.853238, 6.95648 ], [ 79.853209, 6.956792 ], [ 79.853005, 6.956826 ], [ 79.852763, 6.956939 ], [ 79.852523, 6.957158 ], [ 79.852386, 6.957384 ], [ 79.852316, 6.957729 ], [ 79.852325, 6.959018 ], [ 79.852509, 6.959415 ], [ 79.852802, 6.959651 ] ] ] } },
{ "type": "Feature", "properties": { "element": "way", "id": 362351019 }, "geometry": { "type": "Polygon", "coordinates": [ [ [ 79.856656, 6.962886 ], [ 79.856455, 6.963394 ], [ 79.856416, 6.963639 ], [ 79.856468, 6.964013 ], [ 79.856627, 6.964331 ], [ 79.85682, 6.964516 ], [ 79.857194, 6.964668 ], [ 79.857348, 6.964818 ], [ 79.857582, 6.964948 ], [ 79.857934, 6.965005 ], [ 79.858237, 6.96494 ], [ 79.858444, 6.965432 ], [ 79.858794, 6.965722 ], [ 79.859124, 6.965834 ], [ 79.859389, 6.965834 ], [ 79.859721, 6.965715 ], [ 79.859926, 6.965548 ], [ 79.860164, 6.965171 ], [ 79.860264, 6.964705 ], [ 79.860249, 6.964448 ], [ 79.860115, 6.96397 ], [ 79.860351, 6.963984 ], [ 79.860288, 6.964275 ], [ 79.860316, 6.964541 ], [ 79.860433, 6.964814 ], [ 79.860668, 6.965071 ], [ 79.861069, 6.965237 ], [ 79.86151, 6.965194 ], [ 79.861803, 6.965485 ], [ 79.862027, 6.965615 ], [ 79.863286, 6.965845 ], [ 79.863722, 6.965968 ], [ 79.864073, 6.966184 ], [ 79.864357, 6.966434 ], [ 79.864527, 6.966703 ], [ 79.864738, 6.967218 ], [ 79.865069, 6.967658 ], [ 79.865704, 6.968199 ], [ 79.866129, 6.968312 ], [ 79.866477, 6.968248 ], [ 79.866773, 6.968056 ], [ 79.866973, 6.967766 ], [ 79.867047, 6.967421 ], [ 79.866947, 6.966993 ], [ 79.866792, 6.966777 ], [ 79.866448, 6.966482 ], [ 79.866309, 6.966299 ], [ 79.866152, 6.965895 ], [ 79.865713, 6.965223 ], [ 79.865153, 6.964728 ], [ 79.864491, 6.964321 ], [ 79.863385, 6.96403 ], [ 79.863257, 6.963602 ], [ 79.862923, 6.963135 ], [ 79.862491, 6.962846 ], [ 79.862196, 6.962747 ], [ 79.861893, 6.962523 ], [ 79.861633, 6.962434 ], [ 79.861412, 6.962421 ], [ 79.860753, 6.962202 ], [ 79.859987, 6.962156 ], [ 79.859475, 6.962233 ], [ 79.859129, 6.961936 ], [ 79.858433, 6.961616 ], [ 79.858229, 6.961442 ], [ 79.857949, 6.961297 ], [ 79.857708, 6.961225 ], [ 79.856859, 6.961111 ], [ 79.856598, 6.961162 ], [ 79.856294, 6.961341 ], [ 79.856082, 6.961623 ], [ 79.856003, 6.961877 ], [ 79.856019, 6.962229 ], [ 79.856119, 6.962475 ], [ 79.856354, 6.962738 ], [ 79.856656, 6.962886 ] ] ] } },
{ "type": "Feature", "properties": { "element": "way", "id": 362351025 }, "geometry": { "type": "Polygon", "coordinates": [ [ [ 79.82317, 6.933809 ], [ 79.822896, 6.934442 ], [ 79.822907, 6.935056 ], [ 79.822975, 6.935286 ], [ 79.82324, 6.935756 ], [ 79.823513, 6.936012 ], [ 79.823285, 6.936282 ], [ 79.823178, 6.936624 ], [ 79.823195, 6.938928 ], [ 79.822942, 6.939205 ], [ 79.82282, 6.939627 ], [ 79.822871, 6.940144 ], [ 79.822999, 6.940377 ], [ 79.823203, 6.94057 ], [ 79.823256, 6.940776 ], [ 79.823307, 6.941119 ], [ 79.823287, 6.941865 ], [ 79.82296, 6.942235 ], [ 79.822863, 6.942663 ], [ 79.822939, 6.943008 ], [ 79.823141, 6.943297 ], [ 79.823439, 6.943487 ], [ 79.823787, 6.943549 ], [ 79.824211, 6.943433 ], [ 79.824667, 6.94306 ], [ 79.824966, 6.942596 ], [ 79.825074, 6.94228 ], [ 79.825116, 6.941 ], [ 79.824964, 6.940149 ], [ 79.825126, 6.939939 ], [ 79.825221, 6.939685 ], [ 79.825246, 6.938713 ], [ 79.82518, 6.938366 ], [ 79.824979, 6.938065 ], [ 79.824981, 6.937337 ], [ 79.826198, 6.936866 ], [ 79.827295, 6.93681 ], [ 79.827549, 6.936734 ], [ 79.827889, 6.936457 ], [ 79.828059, 6.936052 ], [ 79.828041, 6.935242 ], [ 79.82799, 6.934981 ], [ 79.827809, 6.934677 ], [ 79.827525, 6.934465 ], [ 79.827093, 6.934378 ], [ 79.82489, 6.934484 ], [ 79.825139, 6.933803 ], [ 79.825183, 6.933319 ], [ 79.825141, 6.933051 ], [ 79.825021, 6.932808 ], [ 79.824835, 6.932611 ], [ 79.824334, 6.932377 ], [ 79.82431, 6.931589 ], [ 79.824602, 6.930735 ], [ 79.825294, 6.929427 ], [ 79.826214, 6.928398 ], [ 79.826796, 6.927949 ], [ 79.827876, 6.927237 ], [ 79.828307, 6.926991 ], [ 79.829148, 6.926636 ], [ 79.830432, 6.926312 ], [ 79.831055, 6.926224 ], [ 79.832251, 6.926158 ], [ 79.83314, 6.926288 ], [ 79.833854, 6.927282 ], [ 79.834036, 6.927428 ], [ 79.834439, 6.927597 ], [ 79.834782, 6.927837 ], [ 79.835323, 6.927912 ], [ 79.835768, 6.927847 ], [ 79.836289, 6.92817 ], [ 79.839965, 6.929328 ], [ 79.840299, 6.929339 ], [ 79.84095, 6.929178 ], [ 79.841337, 6.928971 ], [ 79.841505, 6.928765 ], [ 79.841607, 6.92852 ], [ 79.841632, 6.928256 ], [ 79.84158, 6.927995 ], [ 79.841398, 6.927693 ], [ 79.841032, 6.927449 ], [ 79.840682, 6.927398 ], [ 79.840189, 6.927505 ], [ 79.837033, 6.926507 ], [ 79.836622, 6.926038 ], [ 79.836199, 6.925843 ], [ 79.835827, 6.925817 ], [ 79.835444, 6.925923 ], [ 79.835009, 6.925805 ], [ 79.834592, 6.925207 ], [ 79.834558, 6.92485 ], [ 79.834451, 6.924581 ], [ 79.834179, 6.924287 ], [ 79.833902, 6.924158 ], [ 79.833702, 6.924123 ], [ 79.833392, 6.924152 ], [ 79.83313, 6.924269 ], [ 79.832951, 6.924417 ], [ 79.832372, 6.924353 ], [ 79.831656, 6.924365 ], [ 79.830146, 6.924525 ], [ 79.828604, 6.924909 ], [ 79.827458, 6.925393 ], [ 79.825714, 6.926499 ], [ 79.824961, 6.92709 ], [ 79.824367, 6.927706 ], [ 79.823764, 6.928457 ], [ 79.822929, 6.930044 ], [ 79.822583, 6.931025 ], [ 79.822499, 6.931441 ], [ 79.822541, 6.932086 ], [ 79.822495, 6.932694 ], [ 79.822556, 6.933017 ], [ 79.822784, 6.933451 ], [ 79.82317, 6.933809 ] ] ] } },
{ "type": "Feature", "properties": { "element": "way", "id": 362351028 }, "geometry": { "type": "Polygon", "coordinates": [ [ [ 79.842684, 6.938529 ], [ 79.842033, 6.939743 ], [ 79.842006, 6.940081 ], [ 79.842106, 6.940445 ], [ 79.842382, 6.940803 ], [ 79.843012, 6.941182 ], [ 79.843107, 6.941377 ], [ 79.843287, 6.94158 ], [ 79.843603, 6.94175 ], [ 79.843882, 6.941789 ], [ 79.844051, 6.942407 ], [ 79.845519, 6.950989 ], [ 79.845707, 6.951288 ], [ 79.845995, 6.951492 ], [ 79.846339, 6.951571 ], [ 79.846687, 6.951513 ], [ 79.846919, 6.951383 ], [ 79.847103, 6.951191 ], [ 79.847223, 6.950955 ], [ 79.847268, 6.950605 ], [ 79.846017, 6.943174 ], [ 79.846279, 6.943214 ], [ 79.846547, 6.943173 ], [ 79.847746, 6.942799 ], [ 79.848034, 6.942608 ], [ 79.848229, 6.942322 ], [ 79.848302, 6.941984 ], [ 79.848106, 6.941126 ], [ 79.848444, 6.941343 ], [ 79.848467, 6.941594 ], [ 79.848597, 6.941921 ], [ 79.848743, 6.942142 ], [ 79.848948, 6.942312 ], [ 79.849192, 6.942415 ], [ 79.849456, 6.942443 ], [ 79.849878, 6.942317 ], [ 79.850141, 6.942082 ], [ 79.850293, 6.941766 ], [ 79.851177, 6.941034 ], [ 79.851358, 6.94083 ], [ 79.851493, 6.940484 ], [ 79.851466, 6.940055 ], [ 79.851219, 6.939659 ], [ 79.850918, 6.939426 ], [ 79.85068, 6.939322 ], [ 79.850565, 6.939033 ], [ 79.850333, 6.938778 ], [ 79.850048, 6.938588 ], [ 79.849768, 6.938483 ], [ 79.848833, 6.937859 ], [ 79.848644, 6.937698 ], [ 79.848508, 6.937442 ], [ 79.848313, 6.937255 ], [ 79.848072, 6.937133 ], [ 79.847655, 6.937066 ], [ 79.847117, 6.937059 ], [ 79.846049, 6.937395 ], [ 79.845753, 6.937584 ], [ 79.845576, 6.93782 ], [ 79.845153, 6.937786 ], [ 79.843605, 6.93822 ], [ 79.843277, 6.9382 ], [ 79.843026, 6.938268 ], [ 79.842684, 6.938529 ] ], [ [ 79.847831, 6.940119 ], [ 79.847868, 6.94016 ], [ 79.847854, 6.940202 ], [ 79.847831, 6.940119 ] ] ] } },
{ "type": "Feature", "properties": { "element": "way", "id": 362351033 }, "geometry": { "type": "Polygon", "coordinates": [ [ [ 79.844734, 6.91964 ], [ 79.84455, 6.920016 ], [ 79.84442, 6.920489 ], [ 79.844451, 6.92084 ], [ 79.844562, 6.921081 ], [ 79.84481, 6.921333 ], [ 79.845135, 6.921471 ], [ 79.845488, 6.921474 ], [ 79.845815, 6.921342 ], [ 79.846114, 6.921019 ], [ 79.846388, 6.920402 ], [ 79.846665, 6.919613 ], [ 79.846872, 6.918789 ], [ 79.84714, 6.91815 ], [ 79.847211, 6.917561 ], [ 79.847622, 6.916112 ], [ 79.849196, 6.909886 ], [ 79.849726, 6.90802 ], [ 79.849946, 6.907554 ], [ 79.850204, 6.90669 ], [ 79.850238, 6.906427 ], [ 79.850163, 6.906082 ], [ 79.849961, 6.905792 ], [ 79.849664, 6.905602 ], [ 79.849405, 6.905542 ], [ 79.84914, 6.90556 ], [ 79.848892, 6.905655 ], [ 79.848681, 6.905817 ], [ 79.848491, 6.906114 ], [ 79.848249, 6.906922 ], [ 79.848033, 6.907372 ], [ 79.847445, 6.909431 ], [ 79.845871, 6.915656 ], [ 79.845446, 6.91715 ], [ 79.845385, 6.917662 ], [ 79.845145, 6.918246 ], [ 79.844734, 6.91964 ] ] ] } },
{ "type": "Feature", "properties": { "element": "way", "id": 362364098 }, "geometry": { "type": "Polygon", "coordinates": [ [ [ 79.850141, 6.906853 ], [ 79.850426, 6.905725 ], [ 79.851228, 6.90311 ], [ 79.851447, 6.901997 ], [ 79.851798, 6.900579 ], [ 79.852357, 6.898856 ], [ 79.852702, 6.897578 ], [ 79.85316, 6.895313 ], [ 79.853486, 6.894489 ], [ 79.853805, 6.893369 ], [ 79.853808, 6.893016 ], [ 79.853675, 6.892689 ], [ 79.853427, 6.892438 ], [ 79.853101, 6.892301 ], [ 79.852836, 6.892286 ], [ 79.852578, 6.892349 ], [ 79.85235, 6.892484 ], [ 79.85217, 6.892679 ], [ 79.851442, 6.894741 ], [ 79.850782, 6.897764 ], [ 79.850048, 6.900113 ], [ 79.849681, 6.901599 ], [ 79.84948, 6.902637 ], [ 79.848694, 6.905196 ], [ 79.848431, 6.906375 ], [ 79.848473, 6.906725 ], [ 79.848647, 6.907033 ], [ 79.848925, 6.907251 ], [ 79.849265, 6.907346 ], [ 79.849615, 6.907303 ], [ 79.849923, 6.90713 ], [ 79.850141, 6.906853 ] ] ] } },
{ "type": "Feature", "properties": { "element": "way", "id": 362364811 }, "geometry": { "type": "Polygon", "coordinates": [ [ [ 79.853705, 6.893634 ], [ 79.854527, 6.89093 ], [ 79.854803, 6.889741 ], [ 79.855143, 6.887954 ], [ 79.855656, 6.885726 ], [ 79.855918, 6.884232 ], [ 79.855908, 6.88388 ], [ 79.855763, 6.883558 ], [ 79.855506, 6.883316 ], [ 79.855176, 6.883191 ], [ 79.854823, 6.883201 ], [ 79.854501, 6.883346 ], [ 79.854259, 6.883602 ], [ 79.854152, 6.883846 ], [ 79.853882, 6.885369 ], [ 79.853374, 6.88757 ], [ 79.853038, 6.889338 ], [ 79.852772, 6.890486 ], [ 79.852014, 6.893162 ], [ 79.852074, 6.89351 ], [ 79.852262, 6.893809 ], [ 79.85255, 6.894013 ], [ 79.852895, 6.894091 ], [ 79.853243, 6.894031 ], [ 79.853541, 6.893843 ], [ 79.853705, 6.893634 ] ] ] } },
{ "type": "Feature", "properties": { "element": "way", "id": 379365053 }, "geometry": { "type": "Polygon", "coordinates": [ [ [ 79.837389, 7.22089 ], [ 79.837399, 7.221244 ], [ 79.837611, 7.221745 ], [ 79.83757, 7.222028 ], [ 79.837612, 7.222286 ], [ 79.837711, 7.222574 ], [ 79.838007, 7.223107 ], [ 79.838003, 7.223415 ], [ 79.83811, 7.223846 ], [ 79.838104, 7.224124 ], [ 79.838239, 7.225148 ], [ 79.838522, 7.230059 ], [ 79.838777, 7.232426 ], [ 79.838857, 7.234223 ], [ 79.838835, 7.234858 ], [ 79.838933, 7.236177 ], [ 79.838923, 7.236357 ], [ 79.838732, 7.236758 ], [ 79.838721, 7.237029 ], [ 79.839103, 7.238393 ], [ 79.839146, 7.238973 ], [ 79.839287, 7.239824 ], [ 79.839311, 7.240589 ], [ 79.839436, 7.241418 ], [ 79.839499, 7.242736 ], [ 79.839417, 7.243304 ], [ 79.839446, 7.244116 ], [ 79.839686, 7.245694 ], [ 79.839554, 7.245935 ], [ 79.839497, 7.246181 ], [ 79.839643, 7.247535 ], [ 79.83952, 7.247802 ], [ 79.839498, 7.248168 ], [ 79.839568, 7.248447 ], [ 79.839695, 7.248682 ], [ 79.839959, 7.24892 ], [ 79.84023, 7.249033 ], [ 79.84026, 7.249139 ], [ 79.840341, 7.251243 ], [ 79.840272, 7.253577 ], [ 79.839875, 7.253921 ], [ 79.839717, 7.254245 ], [ 79.83969, 7.254515 ], [ 79.839767, 7.25555 ], [ 79.839863, 7.255894 ], [ 79.84002, 7.256113 ], [ 79.8404, 7.256346 ], [ 79.840777, 7.256388 ], [ 79.840995, 7.256774 ], [ 79.84116, 7.258366 ], [ 79.840993, 7.2585 ], [ 79.840844, 7.258707 ], [ 79.840725, 7.259212 ], [ 79.840779, 7.259631 ], [ 79.841057, 7.260038 ], [ 79.840944, 7.260573 ], [ 79.840846, 7.262126 ], [ 79.840731, 7.262521 ], [ 79.840354, 7.262679 ], [ 79.840111, 7.262942 ], [ 79.840007, 7.263191 ], [ 79.839981, 7.263459 ], [ 79.840124, 7.26439 ], [ 79.840329, 7.264772 ], [ 79.840608, 7.264981 ], [ 79.840858, 7.26506 ], [ 79.84112, 7.265064 ], [ 79.841476, 7.26495 ], [ 79.841751, 7.265485 ], [ 79.841797, 7.266378 ], [ 79.84143, 7.267598 ], [ 79.841162, 7.26972 ], [ 79.840941, 7.270149 ], [ 79.840809, 7.270901 ], [ 79.840885, 7.27123 ], [ 79.841063, 7.271504 ], [ 79.84119, 7.271915 ], [ 79.841489, 7.272375 ], [ 79.841088, 7.273133 ], [ 79.841053, 7.273484 ], [ 79.841118, 7.273742 ], [ 79.841314, 7.274035 ], [ 79.841527, 7.274194 ], [ 79.841778, 7.274283 ], [ 79.842043, 7.274296 ], [ 79.842381, 7.274194 ], [ 79.842595, 7.274036 ], [ 79.842861, 7.273621 ], [ 79.843089, 7.273487 ], [ 79.843371, 7.273216 ], [ 79.843629, 7.272834 ], [ 79.843705, 7.272587 ], [ 79.843708, 7.272328 ], [ 79.843637, 7.272079 ], [ 79.843499, 7.27186 ], [ 79.842854, 7.271172 ], [ 79.842785, 7.270723 ], [ 79.842903, 7.27038 ], [ 79.843202, 7.267985 ], [ 79.843609, 7.266598 ], [ 79.84355, 7.265209 ], [ 79.843461, 7.264861 ], [ 79.842997, 7.263913 ], [ 79.842837, 7.263718 ], [ 79.842349, 7.26334 ], [ 79.842461, 7.263083 ], [ 79.842638, 7.262419 ], [ 79.842745, 7.260792 ], [ 79.842872, 7.260091 ], [ 79.842835, 7.259528 ], [ 79.842762, 7.259294 ], [ 79.8429, 7.258945 ], [ 79.842975, 7.258311 ], [ 79.842722, 7.256186 ], [ 79.842364, 7.255491 ], [ 79.842004, 7.255004 ], [ 79.841728, 7.254795 ], [ 79.841891, 7.254485 ], [ 79.842079, 7.253748 ], [ 79.842153, 7.251266 ], [ 79.842066, 7.248963 ], [ 79.84182, 7.248008 ], [ 79.841692, 7.247782 ], [ 79.841472, 7.24758 ], [ 79.84133, 7.24648 ], [ 79.841467, 7.246231 ], [ 79.841527, 7.245892 ], [ 79.841397, 7.244699 ], [ 79.841253, 7.24397 ], [ 79.84123, 7.243403 ], [ 79.841313, 7.242681 ], [ 79.841246, 7.241321 ], [ 79.841119, 7.240476 ], [ 79.841084, 7.239589 ], [ 79.84094, 7.23872 ], [ 79.840894, 7.238101 ], [ 79.840629, 7.237114 ], [ 79.840713, 7.236731 ], [ 79.840745, 7.236135 ], [ 79.840652, 7.234877 ], [ 79.840667, 7.234168 ], [ 79.840586, 7.232318 ], [ 79.840328, 7.22992 ], [ 79.840047, 7.225024 ], [ 79.839929, 7.224114 ], [ 79.839964, 7.223871 ], [ 79.839912, 7.223378 ], [ 79.83981, 7.222668 ], [ 79.839582, 7.222213 ], [ 79.839612, 7.221906 ], [ 79.839563, 7.221616 ], [ 79.839258, 7.220978 ], [ 79.839226, 7.220644 ], [ 79.838524, 7.218538 ], [ 79.838286, 7.218168 ], [ 79.838068, 7.218017 ], [ 79.837815, 7.217935 ], [ 79.837461, 7.217946 ], [ 79.837139, 7.218091 ], [ 79.836897, 7.218348 ], [ 79.836772, 7.218678 ], [ 79.836783, 7.219031 ], [ 79.837389, 7.22089 ] ] ] } },
{ "type": "Feature", "properties": { "element": "way", "id": 400084789 }, "geometry": { "type": "Polygon", "coordinates": [ [ [ 79.816522, 7.204409 ], [ 79.816948, 7.205483 ], [ 79.817266, 7.205804 ], [ 79.817855, 7.206199 ], [ 79.818149, 7.206655 ], [ 79.818547, 7.207698 ], [ 79.818717, 7.207912 ], [ 79.818943, 7.208065 ], [ 79.820787, 7.208729 ], [ 79.822555, 7.209107 ], [ 79.824178, 7.209105 ], [ 79.824864, 7.209129 ], [ 79.825601, 7.20923 ], [ 79.825942, 7.209219 ], [ 79.826196, 7.209133 ], [ 79.826449, 7.20897 ], [ 79.826694, 7.20867 ], [ 79.826788, 7.208417 ], [ 79.826792, 7.207964 ], [ 79.826854, 7.207708 ], [ 79.827125, 7.207194 ], [ 79.827185, 7.206869 ], [ 79.827798, 7.205613 ], [ 79.827854, 7.205393 ], [ 79.828128, 7.205013 ], [ 79.82938, 7.204232 ], [ 79.82974, 7.204177 ], [ 79.830032, 7.203999 ], [ 79.830302, 7.203731 ], [ 79.830473, 7.20331 ], [ 79.831085, 7.20266 ], [ 79.831488, 7.202033 ], [ 79.831616, 7.201117 ], [ 79.831514, 7.200421 ], [ 79.831442, 7.200191 ], [ 79.831247, 7.199888 ], [ 79.830902, 7.198621 ], [ 79.830593, 7.19812 ], [ 79.830094, 7.197059 ], [ 79.828777, 7.195761 ], [ 79.828738, 7.195464 ], [ 79.82755, 7.191336 ], [ 79.827508, 7.190969 ], [ 79.827637, 7.189987 ], [ 79.827581, 7.189641 ], [ 79.827336, 7.18928 ], [ 79.826983, 7.189086 ], [ 79.82638, 7.188656 ], [ 79.826138, 7.188574 ], [ 79.825594, 7.188518 ], [ 79.825631, 7.188002 ], [ 79.82555, 7.187643 ], [ 79.825586, 7.187207 ], [ 79.825511, 7.186881 ], [ 79.825542, 7.18667 ], [ 79.82551, 7.186401 ], [ 79.825335, 7.186065 ], [ 79.825214, 7.185643 ], [ 79.824971, 7.18537 ], [ 79.824787, 7.18493 ], [ 79.824509, 7.184674 ], [ 79.824437, 7.184214 ], [ 79.824003, 7.183119 ], [ 79.82445, 7.181994 ], [ 79.824734, 7.181838 ], [ 79.824928, 7.181638 ], [ 79.825617, 7.181265 ], [ 79.82639, 7.180704 ], [ 79.826586, 7.180511 ], [ 79.826714, 7.180268 ], [ 79.826761, 7.179906 ], [ 79.826647, 7.178362 ], [ 79.826234, 7.176423 ], [ 79.826186, 7.175846 ], [ 79.826748, 7.173095 ], [ 79.826737, 7.172585 ], [ 79.827483, 7.171635 ], [ 79.827701, 7.171142 ], [ 79.827803, 7.170822 ], [ 79.827819, 7.170506 ], [ 79.828007, 7.17005 ], [ 79.828412, 7.16951 ], [ 79.828813, 7.168479 ], [ 79.828873, 7.168119 ], [ 79.828759, 7.167678 ], [ 79.828803, 7.167412 ], [ 79.828986, 7.16666 ], [ 79.829233, 7.166406 ], [ 79.82937, 7.166172 ], [ 79.829433, 7.165703 ], [ 79.829817, 7.164766 ], [ 79.829865, 7.16428 ], [ 79.829812, 7.163994 ], [ 79.830101, 7.163769 ], [ 79.830246, 7.163535 ], [ 79.83032, 7.163308 ], [ 79.830524, 7.163175 ], [ 79.830696, 7.162981 ], [ 79.830826, 7.162661 ], [ 79.830826, 7.162308 ], [ 79.831226, 7.161814 ], [ 79.831603, 7.161028 ], [ 79.832824, 7.159929 ], [ 79.833232, 7.159496 ], [ 79.833392, 7.15918 ], [ 79.833417, 7.158816 ], [ 79.833516, 7.158467 ], [ 79.833579, 7.157581 ], [ 79.833551, 7.156946 ], [ 79.833384, 7.156526 ], [ 79.83297, 7.156168 ], [ 79.833386, 7.1543 ], [ 79.833117, 7.152867 ], [ 79.833176, 7.152236 ], [ 79.833973, 7.150746 ], [ 79.834213, 7.150669 ], [ 79.834437, 7.150513 ], [ 79.834768, 7.150128 ], [ 79.834864, 7.149953 ], [ 79.835272, 7.149557 ], [ 79.839224, 7.146596 ], [ 79.839471, 7.146218 ], [ 79.839519, 7.145949 ], [ 79.839484, 7.145679 ], [ 79.838985, 7.144417 ], [ 79.838844, 7.144178 ], [ 79.838412, 7.143654 ], [ 79.838859, 7.142243 ], [ 79.838829, 7.139221 ], [ 79.839263, 7.138061 ], [ 79.840112, 7.136466 ], [ 79.840216, 7.1361 ], [ 79.840352, 7.133685 ], [ 79.839815, 7.132211 ], [ 79.839481, 7.131506 ], [ 79.83946, 7.131411 ], [ 79.839528, 7.131219 ], [ 79.839971, 7.130879 ], [ 79.841324, 7.128912 ], [ 79.841931, 7.127406 ], [ 79.842309, 7.126815 ], [ 79.84255, 7.125745 ], [ 79.843848, 7.124416 ], [ 79.844416, 7.123953 ], [ 79.844692, 7.123534 ], [ 79.844879, 7.123344 ], [ 79.845138, 7.123227 ], [ 79.845337, 7.123057 ], [ 79.845538, 7.122668 ], [ 79.84593, 7.122239 ], [ 79.8465, 7.122005 ], [ 79.846971, 7.121515 ], [ 79.847287, 7.121347 ], [ 79.847545, 7.121094 ], [ 79.847917, 7.120856 ], [ 79.848209, 7.120489 ], [ 79.848331, 7.12026 ], [ 79.848383, 7.119919 ], [ 79.848263, 7.119506 ], [ 79.848037, 7.119245 ], [ 79.847595, 7.118999 ], [ 79.84696, 7.118347 ], [ 79.84699, 7.11807 ], [ 79.846866, 7.117365 ], [ 79.846458, 7.116717 ], [ 79.846089, 7.116329 ], [ 79.846021, 7.11561 ], [ 79.846055, 7.115465 ], [ 79.846318, 7.115103 ], [ 79.846391, 7.114675 ], [ 79.846342, 7.114159 ], [ 79.846105, 7.113624 ], [ 79.846125, 7.113204 ], [ 79.845924, 7.1127 ], [ 79.845918, 7.112506 ], [ 79.845994, 7.112455 ], [ 79.846465, 7.112785 ], [ 79.846793, 7.112897 ], [ 79.847139, 7.112878 ], [ 79.847452, 7.112731 ], [ 79.848162, 7.111981 ], [ 79.848334, 7.111584 ], [ 79.848324, 7.111237 ], [ 79.847995, 7.110223 ], [ 79.848319, 7.110469 ], [ 79.848714, 7.11057 ], [ 79.849134, 7.110539 ], [ 79.849495, 7.110386 ], [ 79.850226, 7.10991 ], [ 79.850478, 7.10955 ], [ 79.850744, 7.109465 ], [ 79.85102, 7.109251 ], [ 79.851539, 7.108627 ], [ 79.851773, 7.107952 ], [ 79.852096, 7.10773 ], [ 79.852811, 7.107495 ], [ 79.853156, 7.107635 ], [ 79.853688, 7.107612 ], [ 79.85449, 7.107738 ], [ 79.854911, 7.10788 ], [ 79.855248, 7.107861 ], [ 79.855186, 7.108283 ], [ 79.85535, 7.10913 ], [ 79.85532, 7.109396 ], [ 79.855063, 7.10962 ], [ 79.854922, 7.109846 ], [ 79.854852, 7.110103 ], [ 79.854863, 7.110449 ], [ 79.854657, 7.110823 ], [ 79.854572, 7.111274 ], [ 79.85473, 7.112292 ], [ 79.854829, 7.112523 ], [ 79.854989, 7.112718 ], [ 79.855679, 7.113164 ], [ 79.856009, 7.1133 ], [ 79.856357, 7.113326 ], [ 79.856689, 7.113218 ], [ 79.856897, 7.113058 ], [ 79.857504, 7.112213 ], [ 79.857984, 7.112237 ], [ 79.857722, 7.112383 ], [ 79.857525, 7.112563 ], [ 79.857389, 7.112793 ], [ 79.857326, 7.113052 ], [ 79.857341, 7.113318 ], [ 79.857434, 7.113568 ], [ 79.858046, 7.114422 ], [ 79.857272, 7.115918 ], [ 79.857279, 7.117 ], [ 79.857325, 7.117255 ], [ 79.857443, 7.117486 ], [ 79.857621, 7.117675 ], [ 79.858799, 7.118421 ], [ 79.859019, 7.12001 ], [ 79.859009, 7.121778 ], [ 79.859076, 7.122125 ], [ 79.859212, 7.122354 ], [ 79.859408, 7.122533 ], [ 79.860157, 7.122865 ], [ 79.860412, 7.123092 ], [ 79.860784, 7.123965 ], [ 79.860992, 7.125254 ], [ 79.861073, 7.125509 ], [ 79.861624, 7.126393 ], [ 79.862158, 7.126862 ], [ 79.862482, 7.127001 ], [ 79.862747, 7.127017 ], [ 79.863005, 7.126956 ], [ 79.863234, 7.126823 ], [ 79.863501, 7.126474 ], [ 79.863869, 7.125524 ], [ 79.863887, 7.124127 ], [ 79.863715, 7.122809 ], [ 79.863816, 7.121616 ], [ 79.863792, 7.120558 ], [ 79.863686, 7.120226 ], [ 79.863366, 7.119753 ], [ 79.863208, 7.117811 ], [ 79.864007, 7.115967 ], [ 79.864786, 7.114655 ], [ 79.86504, 7.114358 ], [ 79.865395, 7.11428 ], [ 79.865674, 7.114085 ], [ 79.865965, 7.113665 ], [ 79.86606, 7.113341 ], [ 79.866297, 7.113483 ], [ 79.866556, 7.113564 ], [ 79.866828, 7.113564 ], [ 79.867071, 7.113491 ], [ 79.867125, 7.113704 ], [ 79.867107, 7.114767 ], [ 79.86744, 7.116244 ], [ 79.867533, 7.116486 ], [ 79.867827, 7.1168 ], [ 79.868549, 7.117109 ], [ 79.868901, 7.117142 ], [ 79.869233, 7.11704 ], [ 79.869051, 7.117705 ], [ 79.869079, 7.117955 ], [ 79.869176, 7.118188 ], [ 79.869519, 7.118761 ], [ 79.869782, 7.119001 ], [ 79.870117, 7.119121 ], [ 79.870568, 7.119116 ], [ 79.870954, 7.120257 ], [ 79.870548, 7.120274 ], [ 79.870231, 7.120434 ], [ 79.869367, 7.121421 ], [ 79.868869, 7.122234 ], [ 79.868615, 7.123224 ], [ 79.868541, 7.124528 ], [ 79.86901, 7.126353 ], [ 79.869509, 7.127279 ], [ 79.870222, 7.128167 ], [ 79.870488, 7.129315 ], [ 79.870336, 7.130377 ], [ 79.869652, 7.133001 ], [ 79.867685, 7.137149 ], [ 79.867109, 7.138585 ], [ 79.866604, 7.140011 ], [ 79.866446, 7.141042 ], [ 79.866041, 7.142698 ], [ 79.865923, 7.143793 ], [ 79.86589, 7.146306 ], [ 79.866032, 7.147768 ], [ 79.865933, 7.14802 ], [ 79.865913, 7.148274 ], [ 79.865952, 7.148796 ], [ 79.86605, 7.14909 ], [ 79.865819, 7.149734 ], [ 79.865524, 7.151418 ], [ 79.865598, 7.152022 ], [ 79.865347, 7.152924 ], [ 79.865067, 7.154136 ], [ 79.865045, 7.154394 ], [ 79.865127, 7.1557 ], [ 79.865245, 7.156249 ], [ 79.865268, 7.156728 ], [ 79.865335, 7.156986 ], [ 79.865473, 7.157214 ], [ 79.86583, 7.157474 ], [ 79.866166, 7.157592 ], [ 79.866426, 7.157604 ], [ 79.866834, 7.157461 ], [ 79.867255, 7.157021 ], [ 79.867264, 7.157945 ], [ 79.866886, 7.160701 ], [ 79.866744, 7.161212 ], [ 79.866765, 7.162227 ], [ 79.866434, 7.162587 ], [ 79.866343, 7.162827 ], [ 79.866323, 7.163056 ], [ 79.866033, 7.163375 ], [ 79.865699, 7.163864 ], [ 79.865557, 7.164197 ], [ 79.865523, 7.164459 ], [ 79.865567, 7.16472 ], [ 79.865682, 7.165027 ], [ 79.865873, 7.165288 ], [ 79.86595, 7.165585 ], [ 79.865817, 7.16618 ], [ 79.865478, 7.166868 ], [ 79.865369, 7.167252 ], [ 79.864651, 7.16909 ], [ 79.86316, 7.171562 ], [ 79.863053, 7.171856 ], [ 79.862788, 7.172241 ], [ 79.862666, 7.172708 ], [ 79.862445, 7.173125 ], [ 79.862244, 7.173685 ], [ 79.861989, 7.174092 ], [ 79.86185, 7.174485 ], [ 79.861534, 7.174893 ], [ 79.861242, 7.17511 ], [ 79.86104, 7.175476 ], [ 79.860702, 7.175867 ], [ 79.860468, 7.17627 ], [ 79.8599, 7.17776 ], [ 79.859173, 7.178858 ], [ 79.858963, 7.178949 ], [ 79.858761, 7.179113 ], [ 79.858584, 7.179347 ], [ 79.85845, 7.179652 ], [ 79.858273, 7.179787 ], [ 79.858121, 7.179988 ], [ 79.857261, 7.180267 ], [ 79.856922, 7.180486 ], [ 79.856727, 7.18069 ], [ 79.856477, 7.181147 ], [ 79.856389, 7.181732 ], [ 79.856474, 7.182092 ], [ 79.856808, 7.182567 ], [ 79.857354, 7.182918 ], [ 79.857412, 7.183089 ], [ 79.857369, 7.183291 ], [ 79.857038, 7.183743 ], [ 79.856841, 7.18433 ], [ 79.856444, 7.184858 ], [ 79.856353, 7.185095 ], [ 79.856329, 7.185315 ], [ 79.856003, 7.185705 ], [ 79.855747, 7.186243 ], [ 79.855259, 7.18708 ], [ 79.854695, 7.187823 ], [ 79.853639, 7.188702 ], [ 79.85342, 7.188969 ], [ 79.853318, 7.189298 ], [ 79.853351, 7.189903 ], [ 79.853017, 7.190983 ], [ 79.852943, 7.191762 ], [ 79.852592, 7.192684 ], [ 79.851789, 7.194447 ], [ 79.849947, 7.195736 ], [ 79.848763, 7.196991 ], [ 79.848324, 7.197528 ], [ 79.848101, 7.198023 ], [ 79.847866, 7.198149 ], [ 79.847763, 7.198111 ], [ 79.847533, 7.197813 ], [ 79.847635, 7.197389 ], [ 79.847627, 7.196978 ], [ 79.847552, 7.196708 ], [ 79.846833, 7.19569 ], [ 79.846652, 7.195505 ], [ 79.846426, 7.195379 ], [ 79.844755, 7.194738 ], [ 79.84281, 7.194212 ], [ 79.841699, 7.194127 ], [ 79.84087, 7.193961 ], [ 79.83967, 7.193588 ], [ 79.839319, 7.193615 ], [ 79.838932, 7.19376 ], [ 79.83858, 7.193671 ], [ 79.838324, 7.193681 ], [ 79.837197, 7.193995 ], [ 79.836252, 7.194145 ], [ 79.835999, 7.194224 ], [ 79.835717, 7.194436 ], [ 79.834894, 7.195366 ], [ 79.834746, 7.195687 ], [ 79.834732, 7.19604 ], [ 79.835342, 7.198307 ], [ 79.835353, 7.198732 ], [ 79.835063, 7.199501 ], [ 79.834947, 7.200381 ], [ 79.83497, 7.200724 ], [ 79.835175, 7.2011 ], [ 79.835747, 7.201625 ], [ 79.83688, 7.202401 ], [ 79.837068, 7.202749 ], [ 79.837299, 7.203547 ], [ 79.83699, 7.205173 ], [ 79.837012, 7.20546 ], [ 79.837111, 7.205756 ], [ 79.836995, 7.206232 ], [ 79.83671, 7.206827 ], [ 79.836183, 7.206981 ], [ 79.835592, 7.207303 ], [ 79.835225, 7.207713 ], [ 79.835104, 7.207949 ], [ 79.835058, 7.208299 ], [ 79.835114, 7.208559 ], [ 79.835243, 7.208791 ], [ 79.835434, 7.208975 ], [ 79.835756, 7.209121 ], [ 79.836109, 7.209132 ], [ 79.836387, 7.209037 ], [ 79.836695, 7.20901 ], [ 79.837469, 7.208734 ], [ 79.837688, 7.208599 ], [ 79.83786, 7.208408 ], [ 79.837975, 7.208163 ], [ 79.838237, 7.207818 ], [ 79.838616, 7.207039 ], [ 79.839036, 7.207249 ], [ 79.83961, 7.207451 ], [ 79.840062, 7.207473 ], [ 79.840407, 7.207329 ], [ 79.840611, 7.207141 ], [ 79.840748, 7.2069 ], [ 79.84081, 7.206609 ], [ 79.840715, 7.206145 ], [ 79.840433, 7.205802 ], [ 79.840176, 7.205654 ], [ 79.839592, 7.205447 ], [ 79.839202, 7.205218 ], [ 79.838839, 7.20513 ], [ 79.839119, 7.203674 ], [ 79.839131, 7.20342 ], [ 79.838781, 7.202153 ], [ 79.8385, 7.201591 ], [ 79.838726, 7.201212 ], [ 79.839165, 7.201102 ], [ 79.839543, 7.200839 ], [ 79.839718, 7.200635 ], [ 79.839854, 7.200211 ], [ 79.839827, 7.199818 ], [ 79.839733, 7.199577 ], [ 79.83951, 7.199316 ], [ 79.839206, 7.199157 ], [ 79.838629, 7.199086 ], [ 79.838361, 7.199109 ], [ 79.837971, 7.199206 ], [ 79.837475, 7.199463 ], [ 79.837079, 7.199804 ], [ 79.836907, 7.200116 ], [ 79.836804, 7.200124 ], [ 79.836826, 7.199943 ], [ 79.837136, 7.199129 ], [ 79.837169, 7.198864 ], [ 79.837131, 7.197983 ], [ 79.836625, 7.196138 ], [ 79.836855, 7.19588 ], [ 79.837638, 7.19575 ], [ 79.838479, 7.195512 ], [ 79.838791, 7.195602 ], [ 79.839047, 7.195616 ], [ 79.839588, 7.195446 ], [ 79.840461, 7.195724 ], [ 79.841403, 7.195913 ], [ 79.84243, 7.195983 ], [ 79.84415, 7.196444 ], [ 79.845528, 7.196972 ], [ 79.84574, 7.197263 ], [ 79.845657, 7.197457 ], [ 79.845622, 7.197719 ], [ 79.845772, 7.198442 ], [ 79.846603, 7.199545 ], [ 79.846814, 7.199685 ], [ 79.847623, 7.199987 ], [ 79.847957, 7.200043 ], [ 79.848289, 7.199972 ], [ 79.849424, 7.199347 ], [ 79.849644, 7.199083 ], [ 79.849838, 7.198535 ], [ 79.85112, 7.197123 ], [ 79.851973, 7.196558 ], [ 79.853052, 7.195764 ], [ 79.853247, 7.195569 ], [ 79.854253, 7.193407 ], [ 79.854681, 7.192287 ], [ 79.854799, 7.191336 ], [ 79.855154, 7.190193 ], [ 79.855159, 7.189791 ], [ 79.856009, 7.189077 ], [ 79.856785, 7.18806 ], [ 79.857532, 7.1867 ], [ 79.857742, 7.186479 ], [ 79.858008, 7.186029 ], [ 79.858125, 7.185668 ], [ 79.858488, 7.1851 ], [ 79.858665, 7.184584 ], [ 79.858839, 7.184368 ], [ 79.859062, 7.183958 ], [ 79.859238, 7.18321 ], [ 79.859238, 7.182968 ], [ 79.859107, 7.182398 ], [ 79.858762, 7.181682 ], [ 79.859099, 7.18153 ], [ 79.859875, 7.180912 ], [ 79.860149, 7.180478 ], [ 79.860467, 7.180184 ], [ 79.861464, 7.178677 ], [ 79.862109, 7.177043 ], [ 79.862207, 7.176878 ], [ 79.862556, 7.176596 ], [ 79.8627, 7.176302 ], [ 79.863425, 7.175414 ], [ 79.863635, 7.174863 ], [ 79.863888, 7.174461 ], [ 79.864104, 7.173857 ], [ 79.86436, 7.173373 ], [ 79.864441, 7.173066 ], [ 79.864624, 7.172868 ], [ 79.864795, 7.172551 ], [ 79.864864, 7.172234 ], [ 79.866278, 7.169892 ], [ 79.867151, 7.167602 ], [ 79.867619, 7.166578 ], [ 79.867636, 7.166279 ], [ 79.867758, 7.165965 ], [ 79.867824, 7.165429 ], [ 79.86756, 7.164565 ], [ 79.867741, 7.164353 ], [ 79.86785, 7.164084 ], [ 79.867992, 7.163906 ], [ 79.868601, 7.162655 ], [ 79.868641, 7.161721 ], [ 79.8686, 7.161412 ], [ 79.869078, 7.15807 ], [ 79.869062, 7.156487 ], [ 79.869233, 7.15614 ], [ 79.869422, 7.155985 ], [ 79.869571, 7.155775 ], [ 79.869655, 7.15553 ], [ 79.869662, 7.155242 ], [ 79.869845, 7.155151 ], [ 79.870047, 7.154971 ], [ 79.870349, 7.154576 ], [ 79.870527, 7.154188 ], [ 79.870644, 7.153509 ], [ 79.87063, 7.153137 ], [ 79.870705, 7.152625 ], [ 79.870867, 7.152155 ], [ 79.870899, 7.151641 ], [ 79.870823, 7.151305 ], [ 79.870592, 7.150943 ], [ 79.87036, 7.150655 ], [ 79.869981, 7.150339 ], [ 79.869579, 7.150171 ], [ 79.869146, 7.150209 ], [ 79.868912, 7.15033 ], [ 79.868443, 7.150715 ], [ 79.8679, 7.151326 ], [ 79.867602, 7.151991 ], [ 79.867552, 7.152378 ], [ 79.867292, 7.152689 ], [ 79.867427, 7.152127 ], [ 79.867346, 7.151485 ], [ 79.867577, 7.150193 ], [ 79.867752, 7.149762 ], [ 79.867875, 7.14918 ], [ 79.867826, 7.148687 ], [ 79.867741, 7.148442 ], [ 79.867841, 7.148098 ], [ 79.867857, 7.1478 ], [ 79.867702, 7.146295 ], [ 79.867692, 7.145395 ], [ 79.867701, 7.144347 ], [ 79.867824, 7.143035 ], [ 79.868225, 7.141381 ], [ 79.868343, 7.140525 ], [ 79.86881, 7.139206 ], [ 79.869355, 7.137849 ], [ 79.871358, 7.13362 ], [ 79.872101, 7.130784 ], [ 79.872313, 7.129321 ], [ 79.872291, 7.129071 ], [ 79.871888, 7.127401 ], [ 79.871016, 7.12627 ], [ 79.870713, 7.125718 ], [ 79.870349, 7.124309 ], [ 79.870396, 7.123564 ], [ 79.870535, 7.122972 ], [ 79.870889, 7.122422 ], [ 79.871185, 7.122553 ], [ 79.871444, 7.122577 ], [ 79.872356, 7.122361 ], [ 79.872722, 7.122116 ], [ 79.87287, 7.121895 ], [ 79.872947, 7.12164 ], [ 79.872899, 7.120449 ], [ 79.87258, 7.119389 ], [ 79.872023, 7.117798 ], [ 79.871876, 7.117574 ], [ 79.87159, 7.117361 ], [ 79.871674, 7.117135 ], [ 79.87179, 7.116468 ], [ 79.871804, 7.115942 ], [ 79.872129, 7.115808 ], [ 79.872372, 7.115576 ], [ 79.872677, 7.115396 ], [ 79.872969, 7.115336 ], [ 79.87319, 7.115423 ], [ 79.873452, 7.115449 ], [ 79.873791, 7.115365 ], [ 79.874183, 7.115156 ], [ 79.874448, 7.114841 ], [ 79.874882, 7.114727 ], [ 79.875183, 7.114536 ], [ 79.875387, 7.114243 ], [ 79.875487, 7.113823 ], [ 79.87581, 7.1136 ], [ 79.876017, 7.113225 ], [ 79.876039, 7.112735 ], [ 79.875861, 7.112288 ], [ 79.87604, 7.111948 ], [ 79.876051, 7.111516 ], [ 79.87586, 7.111129 ], [ 79.875512, 7.110874 ], [ 79.875259, 7.11081 ], [ 79.874869, 7.110803 ], [ 79.874522, 7.11087 ], [ 79.874166, 7.111083 ], [ 79.873968, 7.11126 ], [ 79.873765, 7.111609 ], [ 79.873689, 7.111919 ], [ 79.8735, 7.112114 ], [ 79.873344, 7.112421 ], [ 79.872747, 7.112515 ], [ 79.87187, 7.11286 ], [ 79.871221, 7.113303 ], [ 79.87091, 7.113145 ], [ 79.870641, 7.113112 ], [ 79.870375, 7.113159 ], [ 79.870088, 7.113289 ], [ 79.869737, 7.113631 ], [ 79.869546, 7.114082 ], [ 79.869346, 7.114253 ], [ 79.868957, 7.114749 ], [ 79.868912, 7.114552 ], [ 79.868937, 7.113549 ], [ 79.86883, 7.113062 ], [ 79.868819, 7.112326 ], [ 79.868404, 7.111332 ], [ 79.868179, 7.111066 ], [ 79.867761, 7.110856 ], [ 79.867075, 7.110878 ], [ 79.866633, 7.110809 ], [ 79.866299, 7.110909 ], [ 79.865918, 7.111205 ], [ 79.865378, 7.111164 ], [ 79.864966, 7.111338 ], [ 79.864444, 7.111911 ], [ 79.864258, 7.112344 ], [ 79.864213, 7.112637 ], [ 79.863949, 7.112847 ], [ 79.86331, 7.113602 ], [ 79.86242, 7.115094 ], [ 79.861425, 7.117383 ], [ 79.861385, 7.117733 ], [ 79.861594, 7.120232 ], [ 79.861688, 7.120497 ], [ 79.861992, 7.12095 ], [ 79.862004, 7.1216 ], [ 79.861958, 7.122117 ], [ 79.861768, 7.121876 ], [ 79.861249, 7.121414 ], [ 79.860823, 7.121183 ], [ 79.860822, 7.119827 ], [ 79.860528, 7.117704 ], [ 79.860455, 7.117454 ], [ 79.860188, 7.117115 ], [ 79.859071, 7.116463 ], [ 79.859067, 7.116355 ], [ 79.859921, 7.114688 ], [ 79.860041, 7.113882 ], [ 79.859943, 7.113554 ], [ 79.85977, 7.113323 ], [ 79.859938, 7.113133 ], [ 79.860268, 7.112599 ], [ 79.860336, 7.112264 ], [ 79.860274, 7.111928 ], [ 79.859738, 7.111178 ], [ 79.858869, 7.110553 ], [ 79.858593, 7.11048 ], [ 79.857796, 7.110405 ], [ 79.857116, 7.110408 ], [ 79.856849, 7.110477 ], [ 79.856969, 7.110312 ], [ 79.857063, 7.110061 ], [ 79.857165, 7.109192 ], [ 79.857051, 7.108401 ], [ 79.857812, 7.107846 ], [ 79.858457, 7.106868 ], [ 79.858588, 7.106518 ], [ 79.858573, 7.106161 ], [ 79.858794, 7.105917 ], [ 79.858909, 7.105676 ], [ 79.858948, 7.105413 ], [ 79.858909, 7.105149 ], [ 79.858681, 7.104771 ], [ 79.85829, 7.104536 ], [ 79.858065, 7.104251 ], [ 79.857748, 7.104033 ], [ 79.857364, 7.103891 ], [ 79.857343, 7.103295 ], [ 79.857527, 7.102987 ], [ 79.857571, 7.102559 ], [ 79.857316, 7.1015 ], [ 79.857101, 7.101108 ], [ 79.857162, 7.10073 ], [ 79.857031, 7.100311 ], [ 79.856861, 7.100107 ], [ 79.856557, 7.099928 ], [ 79.855983, 7.099835 ], [ 79.855571, 7.099869 ], [ 79.855164, 7.100059 ], [ 79.854936, 7.100338 ], [ 79.853899, 7.103332 ], [ 79.853021, 7.104731 ], [ 79.852587, 7.105664 ], [ 79.851326, 7.106083 ], [ 79.850491, 7.106638 ], [ 79.850208, 7.106952 ], [ 79.849981, 7.107613 ], [ 79.84968, 7.107619 ], [ 79.849432, 7.107701 ], [ 79.848853, 7.108054 ], [ 79.848676, 7.108238 ], [ 79.848458, 7.108165 ], [ 79.848047, 7.108131 ], [ 79.847521, 7.108207 ], [ 79.847214, 7.108349 ], [ 79.846288, 7.109228 ], [ 79.846126, 7.109447 ], [ 79.846021, 7.109884 ], [ 79.846169, 7.110467 ], [ 79.845396, 7.110443 ], [ 79.845038, 7.110564 ], [ 79.844642, 7.110439 ], [ 79.844284, 7.110485 ], [ 79.843907, 7.110732 ], [ 79.843584, 7.111074 ], [ 79.843463, 7.11131 ], [ 79.843417, 7.11166 ], [ 79.843473, 7.111919 ], [ 79.843659, 7.112219 ], [ 79.843888, 7.112395 ], [ 79.843936, 7.112555 ], [ 79.84385, 7.112953 ], [ 79.843897, 7.11332 ], [ 79.844002, 7.113565 ], [ 79.844208, 7.113798 ], [ 79.844316, 7.114102 ], [ 79.84404, 7.114296 ], [ 79.843882, 7.114518 ], [ 79.843788, 7.114868 ], [ 79.843812, 7.115139 ], [ 79.843966, 7.115496 ], [ 79.844143, 7.115707 ], [ 79.844216, 7.115982 ], [ 79.844232, 7.116526 ], [ 79.844372, 7.117005 ], [ 79.844899, 7.117762 ], [ 79.845081, 7.117945 ], [ 79.844953, 7.118156 ], [ 79.844886, 7.118409 ], [ 79.844905, 7.118737 ], [ 79.84499, 7.11899 ], [ 79.845144, 7.119207 ], [ 79.845517, 7.119459 ], [ 79.84597, 7.119925 ], [ 79.84565, 7.120193 ], [ 79.84539, 7.120263 ], [ 79.844797, 7.120597 ], [ 79.844596, 7.120871 ], [ 79.844233, 7.121221 ], [ 79.843905, 7.121745 ], [ 79.843647, 7.121876 ], [ 79.843464, 7.122054 ], [ 79.843034, 7.122754 ], [ 79.842701, 7.122961 ], [ 79.841013, 7.124734 ], [ 79.840853, 7.125034 ], [ 79.840625, 7.126105 ], [ 79.840325, 7.126559 ], [ 79.839722, 7.128056 ], [ 79.83863, 7.129643 ], [ 79.838142, 7.129987 ], [ 79.83792, 7.130334 ], [ 79.837642, 7.131135 ], [ 79.837622, 7.131469 ], [ 79.837764, 7.132099 ], [ 79.838135, 7.132887 ], [ 79.838541, 7.133956 ], [ 79.838421, 7.135788 ], [ 79.837636, 7.137264 ], [ 79.837044, 7.138836 ], [ 79.837014, 7.139096 ], [ 79.837052, 7.142004 ], [ 79.836536, 7.143557 ], [ 79.83649, 7.143826 ], [ 79.836595, 7.144265 ], [ 79.837355, 7.145218 ], [ 79.837514, 7.145616 ], [ 79.834163, 7.148125 ], [ 79.833789, 7.148474 ], [ 79.833506, 7.14855 ], [ 79.833213, 7.148761 ], [ 79.832857, 7.149268 ], [ 79.832579, 7.14953 ], [ 79.831453, 7.151632 ], [ 79.83139, 7.151888 ], [ 79.831297, 7.152919 ], [ 79.831554, 7.154272 ], [ 79.831167, 7.155936 ], [ 79.83112, 7.156622 ], [ 79.831245, 7.157054 ], [ 79.831507, 7.157337 ], [ 79.831475, 7.157566 ], [ 79.83153, 7.157877 ], [ 79.831386, 7.158123 ], [ 79.831328, 7.158378 ], [ 79.831391, 7.158786 ], [ 79.830193, 7.159868 ], [ 79.829852, 7.160494 ], [ 79.829652, 7.160621 ], [ 79.829409, 7.160918 ], [ 79.829128, 7.161073 ], [ 79.828949, 7.161271 ], [ 79.828747, 7.161821 ], [ 79.828769, 7.16226 ], [ 79.828729, 7.162341 ], [ 79.82849, 7.162437 ], [ 79.82828, 7.162604 ], [ 79.828067, 7.162994 ], [ 79.827932, 7.163687 ], [ 79.827944, 7.164033 ], [ 79.828023, 7.164338 ], [ 79.827596, 7.164493 ], [ 79.827405, 7.164669 ], [ 79.827273, 7.164892 ], [ 79.827175, 7.165519 ], [ 79.82721, 7.165777 ], [ 79.827292, 7.165968 ], [ 79.827036, 7.167017 ], [ 79.826923, 7.167704 ], [ 79.827002, 7.168144 ], [ 79.826808, 7.168649 ], [ 79.826459, 7.169094 ], [ 79.826265, 7.169524 ], [ 79.826097, 7.169682 ], [ 79.825958, 7.169916 ], [ 79.825896, 7.17018 ], [ 79.825913, 7.17044 ], [ 79.825751, 7.170705 ], [ 79.825689, 7.171015 ], [ 79.825045, 7.171795 ], [ 79.824906, 7.172128 ], [ 79.824946, 7.172867 ], [ 79.824325, 7.176003 ], [ 79.824846, 7.178559 ], [ 79.824918, 7.179536 ], [ 79.824531, 7.179645 ], [ 79.82397, 7.179883 ], [ 79.823448, 7.180307 ], [ 79.823321, 7.180543 ], [ 79.822869, 7.18108 ], [ 79.822138, 7.182953 ], [ 79.822159, 7.183379 ], [ 79.822681, 7.184685 ], [ 79.822829, 7.185599 ], [ 79.823201, 7.186363 ], [ 79.823217, 7.186714 ], [ 79.823289, 7.186967 ], [ 79.823489, 7.187249 ], [ 79.823626, 7.187929 ], [ 79.823358, 7.188281 ], [ 79.823245, 7.188726 ], [ 79.823228, 7.188995 ], [ 79.823291, 7.189257 ], [ 79.823459, 7.189542 ], [ 79.823485, 7.189748 ], [ 79.82364, 7.190184 ], [ 79.823914, 7.190522 ], [ 79.824314, 7.190693 ], [ 79.825157, 7.190634 ], [ 79.825668, 7.190393 ], [ 79.825746, 7.190489 ], [ 79.825691, 7.190987 ], [ 79.825782, 7.191735 ], [ 79.826969, 7.195866 ], [ 79.827029, 7.196448 ], [ 79.827256, 7.196808 ], [ 79.8286, 7.198109 ], [ 79.82897, 7.198923 ], [ 79.829247, 7.199381 ], [ 79.829562, 7.200583 ], [ 79.829761, 7.200922 ], [ 79.829797, 7.201135 ], [ 79.829773, 7.20137 ], [ 79.829182, 7.202041 ], [ 79.828745, 7.202446 ], [ 79.828252, 7.202655 ], [ 79.828051, 7.202827 ], [ 79.827923, 7.203023 ], [ 79.82679, 7.203662 ], [ 79.826475, 7.203953 ], [ 79.826128, 7.204673 ], [ 79.825998, 7.205133 ], [ 79.825789, 7.205592 ], [ 79.825493, 7.206217 ], [ 79.825178, 7.206747 ], [ 79.825071, 7.207332 ], [ 79.824173, 7.207296 ], [ 79.822827, 7.207316 ], [ 79.821339, 7.207005 ], [ 79.820015, 7.206532 ], [ 79.819774, 7.20584 ], [ 79.819221, 7.204985 ], [ 79.818491, 7.20445 ], [ 79.818383, 7.204103 ], [ 79.817905, 7.203144 ], [ 79.818186, 7.200394 ], [ 79.821376, 7.182795 ], [ 79.822194, 7.178917 ], [ 79.826718, 7.162894 ], [ 79.8293, 7.152859 ], [ 79.831465, 7.145608 ], [ 79.831948, 7.144582 ], [ 79.832411, 7.142065 ], [ 79.832909, 7.140267 ], [ 79.834968, 7.134645 ], [ 79.839038, 7.122842 ], [ 79.840807, 7.118677 ], [ 79.84103, 7.117871 ], [ 79.841043, 7.117629 ], [ 79.840994, 7.117113 ], [ 79.840895, 7.116767 ], [ 79.84078, 7.116522 ], [ 79.840628, 7.11635 ], [ 79.842016, 7.113561 ], [ 79.843114, 7.11161 ], [ 79.843484, 7.110361 ], [ 79.843723, 7.108929 ], [ 79.844023, 7.107674 ], [ 79.844054, 7.106652 ], [ 79.845014, 7.102971 ], [ 79.846829, 7.095283 ], [ 79.847734, 7.089909 ], [ 79.848932, 7.084043 ], [ 79.849112, 7.083682 ], [ 79.849328, 7.082832 ], [ 79.849424, 7.082118 ], [ 79.849409, 7.081777 ], [ 79.850042, 7.079233 ], [ 79.850069, 7.078744 ], [ 79.850631, 7.076979 ], [ 79.851473, 7.073753 ], [ 79.851756, 7.07298 ], [ 79.852008, 7.071361 ], [ 79.852151, 7.07081 ], [ 79.852119, 7.07048 ], [ 79.852193, 7.069758 ], [ 79.85219, 7.06897 ], [ 79.852116, 7.068695 ], [ 79.851967, 7.068456 ], [ 79.852285, 7.067937 ], [ 79.852501, 7.06747 ], [ 79.852957, 7.066091 ], [ 79.853047, 7.065615 ], [ 79.853296, 7.065026 ], [ 79.85334, 7.06477 ], [ 79.853324, 7.064494 ], [ 79.853665, 7.063497 ], [ 79.854037, 7.061509 ], [ 79.854186, 7.061177 ], [ 79.854461, 7.060079 ], [ 79.854703, 7.059385 ], [ 79.855153, 7.056964 ], [ 79.855456, 7.055944 ], [ 79.855485, 7.055667 ], [ 79.856212, 7.052466 ], [ 79.856433, 7.052013 ], [ 79.856913, 7.050778 ], [ 79.857527, 7.048401 ], [ 79.858624, 7.04348 ], [ 79.8588, 7.043249 ], [ 79.85889, 7.042997 ], [ 79.858904, 7.042136 ], [ 79.859482, 7.039571 ], [ 79.859725, 7.038781 ], [ 79.85996, 7.037712 ], [ 79.860133, 7.037325 ], [ 79.860126, 7.03682 ], [ 79.860995, 7.032976 ], [ 79.861142, 7.032661 ], [ 79.861375, 7.031769 ], [ 79.861655, 7.030305 ], [ 79.861636, 7.029943 ], [ 79.862183, 7.027745 ], [ 79.86227, 7.027103 ], [ 79.862572, 7.025682 ], [ 79.862532, 7.024974 ], [ 79.862696, 7.024515 ], [ 79.863003, 7.024252 ], [ 79.863168, 7.023859 ], [ 79.863214, 7.023014 ], [ 79.863338, 7.022139 ], [ 79.8635, 7.021789 ], [ 79.863602, 7.021065 ], [ 79.8636, 7.020807 ], [ 79.863481, 7.020479 ], [ 79.863495, 7.020393 ], [ 79.863571, 7.020143 ], [ 79.863815, 7.019813 ], [ 79.863971, 7.019146 ], [ 79.863881, 7.018232 ], [ 79.864121, 7.018019 ], [ 79.864456, 7.017492 ], [ 79.86474, 7.016842 ], [ 79.864789, 7.016255 ], [ 79.86465, 7.015823 ], [ 79.864953, 7.015107 ], [ 79.864945, 7.014668 ], [ 79.865086, 7.013919 ], [ 79.865099, 7.013567 ], [ 79.865293, 7.013086 ], [ 79.865347, 7.012748 ], [ 79.865589, 7.012423 ], [ 79.865763, 7.011854 ], [ 79.865759, 7.011598 ], [ 79.865652, 7.011168 ], [ 79.865448, 7.010762 ], [ 79.865607, 7.010332 ], [ 79.86574, 7.009274 ], [ 79.865701, 7.008994 ], [ 79.86556, 7.00871 ], [ 79.866072, 7.006213 ], [ 79.866044, 7.005871 ], [ 79.865918, 7.005606 ], [ 79.866216, 7.005298 ], [ 79.866369, 7.004908 ], [ 79.86694, 7.002267 ], [ 79.867519, 7.001985 ], [ 79.867727, 7.001807 ], [ 79.868077, 7.001219 ], [ 79.86817, 7.000974 ], [ 79.868247, 7.000261 ], [ 79.868133, 6.999439 ], [ 79.868299, 6.999235 ], [ 79.868624, 6.998543 ], [ 79.868854, 6.997284 ], [ 79.868849, 6.997 ], [ 79.868731, 6.996357 ], [ 79.868551, 6.99602 ], [ 79.868815, 6.995272 ], [ 79.868783, 6.99436 ], [ 79.868986, 6.993455 ], [ 79.868981, 6.992593 ], [ 79.869117, 6.991606 ], [ 79.869082, 6.991189 ], [ 79.869327, 6.990845 ], [ 79.86951, 6.990106 ], [ 79.869492, 6.988886 ], [ 79.869627, 6.988371 ], [ 79.869731, 6.986679 ], [ 79.869949, 6.985902 ], [ 79.869989, 6.984922 ], [ 79.869865, 6.984265 ], [ 79.870134, 6.983786 ], [ 79.870291, 6.983299 ], [ 79.870261, 6.982961 ], [ 79.869949, 6.981851 ], [ 79.869934, 6.981427 ], [ 79.870034, 6.981051 ], [ 79.870058, 6.980454 ], [ 79.870382, 6.980164 ], [ 79.871099, 6.978914 ], [ 79.871177, 6.978661 ], [ 79.871177, 6.978395 ], [ 79.871058, 6.978063 ], [ 79.87082, 6.977801 ], [ 79.870501, 6.97765 ], [ 79.870061, 6.97765 ], [ 79.869673, 6.977857 ], [ 79.869131, 6.978687 ], [ 79.868795, 6.978798 ], [ 79.868524, 6.979026 ], [ 79.86814, 6.979866 ], [ 79.868124, 6.980221 ], [ 79.868205, 6.980479 ], [ 79.868133, 6.980819 ], [ 79.867973, 6.98115 ], [ 79.867952, 6.981485 ], [ 79.868053, 6.982205 ], [ 79.868266, 6.982562 ], [ 79.868331, 6.982792 ], [ 79.868124, 6.982998 ], [ 79.867995, 6.983263 ], [ 79.86777, 6.983404 ], [ 79.867596, 6.983605 ], [ 79.867488, 6.983848 ], [ 79.867455, 6.984112 ], [ 79.867532, 6.984457 ], [ 79.867675, 6.984682 ], [ 79.867877, 6.984856 ], [ 79.868163, 6.984972 ], [ 79.868159, 6.98539 ], [ 79.867827, 6.985432 ], [ 79.867585, 6.985554 ], [ 79.86739, 6.985741 ], [ 79.867259, 6.985979 ], [ 79.867183, 6.986463 ], [ 79.867269, 6.986809 ], [ 79.867553, 6.987152 ], [ 79.867893, 6.987305 ], [ 79.86786, 6.987733 ], [ 79.867584, 6.987817 ], [ 79.867305, 6.988033 ], [ 79.867129, 6.988338 ], [ 79.867082, 6.988598 ], [ 79.867197, 6.989104 ], [ 79.867423, 6.989391 ], [ 79.867714, 6.989554 ], [ 79.86771, 6.989768 ], [ 79.867439, 6.989811 ], [ 79.867134, 6.989977 ], [ 79.866914, 6.990246 ], [ 79.866826, 6.990492 ], [ 79.866811, 6.990753 ], [ 79.866871, 6.991007 ], [ 79.867036, 6.991302 ], [ 79.867294, 6.991528 ], [ 79.867212, 6.992016 ], [ 79.866895, 6.992285 ], [ 79.866728, 6.992701 ], [ 79.86674, 6.993173 ], [ 79.86694, 6.993534 ], [ 79.866764, 6.993646 ], [ 79.866588, 6.993839 ], [ 79.866438, 6.994246 ], [ 79.866446, 6.994569 ], [ 79.866529, 6.994815 ], [ 79.866677, 6.995027 ], [ 79.866926, 6.995213 ], [ 79.86682, 6.995474 ], [ 79.866593, 6.995624 ], [ 79.866421, 6.995833 ], [ 79.866294, 6.996261 ], [ 79.866352, 6.996615 ], [ 79.866484, 6.996851 ], [ 79.866756, 6.997085 ], [ 79.86704, 6.997185 ], [ 79.866901, 6.997966 ], [ 79.866798, 6.998185 ], [ 79.866462, 6.998267 ], [ 79.866181, 6.998464 ], [ 79.865967, 6.998751 ], [ 79.865868, 6.999078 ], [ 79.865895, 6.999429 ], [ 79.865981, 6.999681 ], [ 79.866137, 6.999898 ], [ 79.866396, 7.000082 ], [ 79.866409, 7.000493 ], [ 79.866321, 7.000562 ], [ 79.865734, 7.000727 ], [ 79.865417, 7.001019 ], [ 79.865284, 7.001338 ], [ 79.864698, 7.004115 ], [ 79.864484, 7.00419 ], [ 79.864011, 7.004473 ], [ 79.863473, 7.005019 ], [ 79.86329, 7.005306 ], [ 79.863152, 7.005778 ], [ 79.863181, 7.006226 ], [ 79.86336, 7.00654 ], [ 79.863646, 7.006759 ], [ 79.864093, 7.006867 ], [ 79.863776, 7.008398 ], [ 79.863729, 7.008889 ], [ 79.863769, 7.009242 ], [ 79.863894, 7.009489 ], [ 79.863853, 7.009814 ], [ 79.863658, 7.009922 ], [ 79.863471, 7.010107 ], [ 79.8633, 7.010509 ], [ 79.863284, 7.010762 ], [ 79.86333, 7.011016 ], [ 79.863446, 7.011247 ], [ 79.863584, 7.011402 ], [ 79.86344, 7.011645 ], [ 79.863365, 7.011986 ], [ 79.863383, 7.012251 ], [ 79.863493, 7.012525 ], [ 79.863271, 7.012723 ], [ 79.863141, 7.012944 ], [ 79.863068, 7.013454 ], [ 79.863192, 7.01383 ], [ 79.862944, 7.014045 ], [ 79.862799, 7.014258 ], [ 79.862703, 7.014605 ], [ 79.862699, 7.014875 ], [ 79.862576, 7.015044 ], [ 79.862484, 7.015285 ], [ 79.862396, 7.01606 ], [ 79.862459, 7.01645 ], [ 79.862582, 7.016691 ], [ 79.862359, 7.016691 ], [ 79.862021, 7.016767 ], [ 79.861644, 7.017008 ], [ 79.861078, 7.017769 ], [ 79.860876, 7.018625 ], [ 79.860902, 7.019074 ], [ 79.861079, 7.019389 ], [ 79.861366, 7.01961 ], [ 79.861809, 7.019717 ], [ 79.861611, 7.020698 ], [ 79.861643, 7.02112 ], [ 79.861494, 7.021534 ], [ 79.86154, 7.021918 ], [ 79.861399, 7.023088 ], [ 79.861034, 7.02365 ], [ 79.860928, 7.024113 ], [ 79.860782, 7.024361 ], [ 79.86066, 7.024705 ], [ 79.860649, 7.024977 ], [ 79.86077, 7.025447 ], [ 79.860556, 7.026493 ], [ 79.860434, 7.026799 ], [ 79.860414, 7.027359 ], [ 79.860117, 7.028633 ], [ 79.85996, 7.02897 ], [ 79.859943, 7.029303 ], [ 79.859823, 7.029681 ], [ 79.859834, 7.030242 ], [ 79.859628, 7.031272 ], [ 79.859504, 7.031564 ], [ 79.859437, 7.032048 ], [ 79.859252, 7.032472 ], [ 79.85844, 7.036153 ], [ 79.858312, 7.036556 ], [ 79.858311, 7.036951 ], [ 79.857723, 7.039138 ], [ 79.857115, 7.041839 ], [ 79.857095, 7.042453 ], [ 79.856906, 7.042846 ], [ 79.855784, 7.0479 ], [ 79.855168, 7.050292 ], [ 79.854464, 7.051979 ], [ 79.853674, 7.055597 ], [ 79.853385, 7.05657 ], [ 79.852943, 7.058953 ], [ 79.85271, 7.059616 ], [ 79.852462, 7.060615 ], [ 79.852259, 7.061063 ], [ 79.851891, 7.063131 ], [ 79.851519, 7.064172 ], [ 79.851516, 7.064593 ], [ 79.851302, 7.065106 ], [ 79.851217, 7.065583 ], [ 79.850797, 7.066857 ], [ 79.850297, 7.067714 ], [ 79.850101, 7.068241 ], [ 79.850046, 7.068742 ], [ 79.850063, 7.069003 ], [ 79.850201, 7.069323 ], [ 79.850383, 7.06952 ], [ 79.850382, 7.069705 ], [ 79.850315, 7.070662 ], [ 79.84999, 7.072566 ], [ 79.849746, 7.073193 ], [ 79.848879, 7.076517 ], [ 79.848294, 7.078383 ], [ 79.848246, 7.078954 ], [ 79.847603, 7.08153 ], [ 79.847551, 7.082476 ], [ 79.847411, 7.083044 ], [ 79.847183, 7.083559 ], [ 79.845957, 7.089563 ], [ 79.84506, 7.094897 ], [ 79.843254, 7.102545 ], [ 79.842275, 7.106297 ], [ 79.842222, 7.107436 ], [ 79.841941, 7.108605 ], [ 79.841728, 7.109916 ], [ 79.841459, 7.110858 ], [ 79.840895, 7.111813 ], [ 79.839938, 7.113629 ], [ 79.839667, 7.114261 ], [ 79.838989, 7.115567 ], [ 79.838556, 7.11667 ], [ 79.838493, 7.117018 ], [ 79.838537, 7.117281 ], [ 79.838771, 7.117655 ], [ 79.839151, 7.117877 ], [ 79.839079, 7.118131 ], [ 79.837338, 7.122218 ], [ 79.83326, 7.134042 ], [ 79.831174, 7.139747 ], [ 79.830637, 7.141701 ], [ 79.830207, 7.144056 ], [ 79.829754, 7.145012 ], [ 79.827558, 7.152366 ], [ 79.824969, 7.162423 ], [ 79.820442, 7.178456 ], [ 79.819595, 7.182464 ], [ 79.816389, 7.200157 ], [ 79.816031, 7.203527 ], [ 79.816071, 7.203769 ], [ 79.816191, 7.204052 ], [ 79.816522, 7.204409 ] ], [ [ 79.869968, 7.116251 ], [ 79.869947, 7.116514 ], [ 79.86969, 7.116593 ], [ 79.869968, 7.116251 ] ] ] } },
{ "type": "Feature", "properties": { "element": "way", "id": 400084789 }, "geometry": { "type": "Polygon", "coordinates": [ [ [ 79.816522, 7.204409 ], [ 79.816948, 7.205483 ], [ 79.817266, 7.205804 ], [ 79.817855, 7.206199 ], [ 79.818149, 7.206655 ], [ 79.818547, 7.207698 ], [ 79.818717, 7.207912 ], [ 79.818943, 7.208065 ], [ 79.820787, 7.208729 ], [ 79.822555, 7.209107 ], [ 79.824178, 7.209105 ], [ 79.824864, 7.209129 ], [ 79.825601, 7.20923 ], [ 79.825942, 7.209219 ], [ 79.826196, 7.209133 ], [ 79.826449, 7.20897 ], [ 79.826694, 7.20867 ], [ 79.826788, 7.208417 ], [ 79.826792, 7.207964 ], [ 79.826854, 7.207708 ], [ 79.827125, 7.207194 ], [ 79.827185, 7.206869 ], [ 79.827798, 7.205613 ], [ 79.827854, 7.205393 ], [ 79.828128, 7.205013 ], [ 79.82938, 7.204232 ], [ 79.82974, 7.204177 ], [ 79.830032, 7.203999 ], [ 79.830302, 7.203731 ], [ 79.830473, 7.20331 ], [ 79.831085, 7.20266 ], [ 79.831488, 7.202033 ], [ 79.831616, 7.201117 ], [ 79.831514, 7.200421 ], [ 79.831442, 7.200191 ], [ 79.831247, 7.199888 ], [ 79.830902, 7.198621 ], [ 79.830593, 7.19812 ], [ 79.830094, 7.197059 ], [ 79.828777, 7.195761 ], [ 79.828738, 7.195464 ], [ 79.82755, 7.191336 ], [ 79.827508, 7.190969 ], [ 79.827637, 7.189987 ], [ 79.827581, 7.189641 ], [ 79.827336, 7.18928 ], [ 79.826983, 7.189086 ], [ 79.82638, 7.188656 ], [ 79.826138, 7.188574 ], [ 79.825594, 7.188518 ], [ 79.825631, 7.188002 ], [ 79.82555, 7.187643 ], [ 79.825586, 7.187207 ], [ 79.825511, 7.186881 ], [ 79.825542, 7.18667 ], [ 79.82551, 7.186401 ], [ 79.825335, 7.186065 ], [ 79.825214, 7.185643 ], [ 79.824971, 7.18537 ], [ 79.824787, 7.18493 ], [ 79.824509, 7.184674 ], [ 79.824437, 7.184214 ], [ 79.824003, 7.183119 ], [ 79.82445, 7.181994 ], [ 79.824734, 7.181838 ], [ 79.824928, 7.181638 ], [ 79.825617, 7.181265 ], [ 79.82639, 7.180704 ], [ 79.826586, 7.180511 ], [ 79.826714, 7.180268 ], [ 79.826761, 7.179906 ], [ 79.826647, 7.178362 ], [ 79.826234, 7.176423 ], [ 79.826186, 7.175846 ], [ 79.826748, 7.173095 ], [ 79.826737, 7.172585 ], [ 79.827483, 7.171635 ], [ 79.827701, 7.171142 ], [ 79.827803, 7.170822 ], [ 79.827819, 7.170506 ], [ 79.828007, 7.17005 ], [ 79.828412, 7.16951 ], [ 79.828813, 7.168479 ], [ 79.828873, 7.168119 ], [ 79.828759, 7.167678 ], [ 79.828803, 7.167412 ], [ 79.828986, 7.16666 ], [ 79.829233, 7.166406 ], [ 79.82937, 7.166172 ], [ 79.829433, 7.165703 ], [ 79.829817, 7.164766 ], [ 79.829865, 7.16428 ], [ 79.829812, 7.163994 ], [ 79.830101, 7.163769 ], [ 79.830246, 7.163535 ], [ 79.83032, 7.163308 ], [ 79.830524, 7.163175 ], [ 79.830696, 7.162981 ], [ 79.830826, 7.162661 ], [ 79.830826, 7.162308 ], [ 79.831226, 7.161814 ], [ 79.831603, 7.161028 ], [ 79.832824, 7.159929 ], [ 79.833232, 7.159496 ], [ 79.833392, 7.15918 ], [ 79.833417, 7.158816 ], [ 79.833516, 7.158467 ], [ 79.833579, 7.157581 ], [ 79.833551, 7.156946 ], [ 79.833384, 7.156526 ], [ 79.83297, 7.156168 ], [ 79.833386, 7.1543 ], [ 79.833117, 7.152867 ], [ 79.833176, 7.152236 ], [ 79.833973, 7.150746 ], [ 79.834213, 7.150669 ], [ 79.834437, 7.150513 ], [ 79.834768, 7.150128 ], [ 79.834864, 7.149953 ], [ 79.835272, 7.149557 ], [ 79.839224, 7.146596 ], [ 79.839471, 7.146218 ], [ 79.839519, 7.145949 ], [ 79.839484, 7.145679 ], [ 79.838985, 7.144417 ], [ 79.838844, 7.144178 ], [ 79.838412, 7.143654 ], [ 79.838859, 7.142243 ], [ 79.838829, 7.139221 ], [ 79.839263, 7.138061 ], [ 79.840112, 7.136466 ], [ 79.840216, 7.1361 ], [ 79.840352, 7.133685 ], [ 79.839815, 7.132211 ], [ 79.839481, 7.131506 ], [ 79.83946, 7.131411 ], [ 79.839528, 7.131219 ], [ 79.839971, 7.130879 ], [ 79.841324, 7.128912 ], [ 79.841931, 7.127406 ], [ 79.842309, 7.126815 ], [ 79.84255, 7.125745 ], [ 79.843848, 7.124416 ], [ 79.844416, 7.123953 ], [ 79.844692, 7.123534 ], [ 79.844879, 7.123344 ], [ 79.845138, 7.123227 ], [ 79.845337, 7.123057 ], [ 79.845538, 7.122668 ], [ 79.84593, 7.122239 ], [ 79.8465, 7.122005 ], [ 79.846971, 7.121515 ], [ 79.847287, 7.121347 ], [ 79.847545, 7.121094 ], [ 79.847917, 7.120856 ], [ 79.848209, 7.120489 ], [ 79.848331, 7.12026 ], [ 79.848383, 7.119919 ], [ 79.848263, 7.119506 ], [ 79.848037, 7.119245 ], [ 79.847595, 7.118999 ], [ 79.84696, 7.118347 ], [ 79.84699, 7.11807 ], [ 79.846866, 7.117365 ], [ 79.846458, 7.116717 ], [ 79.846089, 7.116329 ], [ 79.846021, 7.11561 ], [ 79.846055, 7.115465 ], [ 79.846318, 7.115103 ], [ 79.846391, 7.114675 ], [ 79.846342, 7.114159 ], [ 79.846105, 7.113624 ], [ 79.846125, 7.113204 ], [ 79.845924, 7.1127 ], [ 79.845918, 7.112506 ], [ 79.845994, 7.112455 ], [ 79.846465, 7.112785 ], [ 79.846793, 7.112897 ], [ 79.847139, 7.112878 ], [ 79.847452, 7.112731 ], [ 79.848162, 7.111981 ], [ 79.848334, 7.111584 ], [ 79.848324, 7.111237 ], [ 79.847995, 7.110223 ], [ 79.848319, 7.110469 ], [ 79.848714, 7.11057 ], [ 79.849134, 7.110539 ], [ 79.849495, 7.110386 ], [ 79.850226, 7.10991 ], [ 79.850478, 7.10955 ], [ 79.850744, 7.109465 ], [ 79.85102, 7.109251 ], [ 79.851539, 7.108627 ], [ 79.851773, 7.107952 ], [ 79.852096, 7.10773 ], [ 79.852811, 7.107495 ], [ 79.853156, 7.107635 ], [ 79.853688, 7.107612 ], [ 79.85449, 7.107738 ], [ 79.854911, 7.10788 ], [ 79.855248, 7.107861 ], [ 79.855186, 7.108283 ], [ 79.85535, 7.10913 ], [ 79.85532, 7.109396 ], [ 79.855063, 7.10962 ], [ 79.854922, 7.109846 ], [ 79.854852, 7.110103 ], [ 79.854863, 7.110449 ], [ 79.854657, 7.110823 ], [ 79.854572, 7.111274 ], [ 79.85473, 7.112292 ], [ 79.854829, 7.112523 ], [ 79.854989, 7.112718 ], [ 79.855679, 7.113164 ], [ 79.856009, 7.1133 ], [ 79.856357, 7.113326 ], [ 79.856689, 7.113218 ], [ 79.856897, 7.113058 ], [ 79.857504, 7.112213 ], [ 79.857984, 7.112237 ], [ 79.857722, 7.112383 ], [ 79.857525, 7.112563 ], [ 79.857389, 7.112793 ], [ 79.857326, 7.113052 ], [ 79.857341, 7.113318 ], [ 79.857434, 7.113568 ], [ 79.858046, 7.114422 ], [ 79.857272, 7.115918 ], [ 79.857279, 7.117 ], [ 79.857325, 7.117255 ], [ 79.857443, 7.117486 ], [ 79.857621, 7.117675 ], [ 79.858799, 7.118421 ], [ 79.859019, 7.12001 ], [ 79.859009, 7.121778 ], [ 79.859076, 7.122125 ], [ 79.859212, 7.122354 ], [ 79.859408, 7.122533 ], [ 79.860157, 7.122865 ], [ 79.860412, 7.123092 ], [ 79.860784, 7.123965 ], [ 79.860992, 7.125254 ], [ 79.861073, 7.125509 ], [ 79.861624, 7.126393 ], [ 79.862158, 7.126862 ], [ 79.862482, 7.127001 ], [ 79.862747, 7.127017 ], [ 79.863005, 7.126956 ], [ 79.863234, 7.126823 ], [ 79.863501, 7.126474 ], [ 79.863869, 7.125524 ], [ 79.863887, 7.124127 ], [ 79.863715, 7.122809 ], [ 79.863816, 7.121616 ], [ 79.863792, 7.120558 ], [ 79.863686, 7.120226 ], [ 79.863366, 7.119753 ], [ 79.863208, 7.117811 ], [ 79.864007, 7.115967 ], [ 79.864786, 7.114655 ], [ 79.86504, 7.114358 ], [ 79.865395, 7.11428 ], [ 79.865674, 7.114085 ], [ 79.865965, 7.113665 ], [ 79.86606, 7.113341 ], [ 79.866297, 7.113483 ], [ 79.866556, 7.113564 ], [ 79.866828, 7.113564 ], [ 79.867071, 7.113491 ], [ 79.867125, 7.113704 ], [ 79.867107, 7.114767 ], [ 79.86744, 7.116244 ], [ 79.867533, 7.116486 ], [ 79.867827, 7.1168 ], [ 79.868549, 7.117109 ], [ 79.868901, 7.117142 ], [ 79.869233, 7.11704 ], [ 79.869051, 7.117705 ], [ 79.869079, 7.117955 ], [ 79.869176, 7.118188 ], [ 79.869519, 7.118761 ], [ 79.869782, 7.119001 ], [ 79.870117, 7.119121 ], [ 79.870568, 7.119116 ], [ 79.870954, 7.120257 ], [ 79.870548, 7.120274 ], [ 79.870231, 7.120434 ], [ 79.869367, 7.121421 ], [ 79.868869, 7.122234 ], [ 79.868615, 7.123224 ], [ 79.868541, 7.124528 ], [ 79.86901, 7.126353 ], [ 79.869509, 7.127279 ], [ 79.870222, 7.128167 ], [ 79.870488, 7.129315 ], [ 79.870336, 7.130377 ], [ 79.869652, 7.133001 ], [ 79.867685, 7.137149 ], [ 79.867109, 7.138585 ], [ 79.866604, 7.140011 ], [ 79.866446, 7.141042 ], [ 79.866041, 7.142698 ], [ 79.865923, 7.143793 ], [ 79.86589, 7.146306 ], [ 79.866032, 7.147768 ], [ 79.865933, 7.14802 ], [ 79.865913, 7.148274 ], [ 79.865952, 7.148796 ], [ 79.86605, 7.14909 ], [ 79.865819, 7.149734 ], [ 79.865524, 7.151418 ], [ 79.865598, 7.152022 ], [ 79.865347, 7.152924 ], [ 79.865067, 7.154136 ], [ 79.865045, 7.154394 ], [ 79.865127, 7.1557 ], [ 79.865245, 7.156249 ], [ 79.865268, 7.156728 ], [ 79.865335, 7.156986 ], [ 79.865473, 7.157214 ], [ 79.86583, 7.157474 ], [ 79.866166, 7.157592 ], [ 79.866426, 7.157604 ], [ 79.866834, 7.157461 ], [ 79.867255, 7.157021 ], [ 79.867264, 7.157945 ], [ 79.866886, 7.160701 ], [ 79.866744, 7.161212 ], [ 79.866765, 7.162227 ], [ 79.866434, 7.162587 ], [ 79.866343, 7.162827 ], [ 79.866323, 7.163056 ], [ 79.866033, 7.163375 ], [ 79.865699, 7.163864 ], [ 79.865557, 7.164197 ], [ 79.865523, 7.164459 ], [ 79.865567, 7.16472 ], [ 79.865682, 7.165027 ], [ 79.865873, 7.165288 ], [ 79.86595, 7.165585 ], [ 79.865817, 7.16618 ], [ 79.865478, 7.166868 ], [ 79.865369, 7.167252 ], [ 79.864651, 7.16909 ], [ 79.86316, 7.171562 ], [ 79.863053, 7.171856 ], [ 79.862788, 7.172241 ], [ 79.862666, 7.172708 ], [ 79.862445, 7.173125 ], [ 79.862244, 7.173685 ], [ 79.861989, 7.174092 ], [ 79.86185, 7.174485 ], [ 79.861534, 7.174893 ], [ 79.861242, 7.17511 ], [ 79.86104, 7.175476 ], [ 79.860702, 7.175867 ], [ 79.860468, 7.17627 ], [ 79.8599, 7.17776 ], [ 79.859173, 7.178858 ], [ 79.858963, 7.178949 ], [ 79.858761, 7.179113 ], [ 79.858584, 7.179347 ], [ 79.85845, 7.179652 ], [ 79.858273, 7.179787 ], [ 79.858121, 7.179988 ], [ 79.857261, 7.180267 ], [ 79.856922, 7.180486 ], [ 79.856727, 7.18069 ], [ 79.856477, 7.181147 ], [ 79.856389, 7.181732 ], [ 79.856474, 7.182092 ], [ 79.856808, 7.182567 ], [ 79.857354, 7.182918 ], [ 79.857412, 7.183089 ], [ 79.857369, 7.183291 ], [ 79.857038, 7.183743 ], [ 79.856841, 7.18433 ], [ 79.856444, 7.184858 ], [ 79.856353, 7.185095 ], [ 79.856329, 7.185315 ], [ 79.856003, 7.185705 ], [ 79.855747, 7.186243 ], [ 79.855259, 7.18708 ], [ 79.854695, 7.187823 ], [ 79.853639, 7.188702 ], [ 79.85342, 7.188969 ], [ 79.853318, 7.189298 ], [ 79.853351, 7.189903 ], [ 79.853017, 7.190983 ], [ 79.852943, 7.191762 ], [ 79.852592, 7.192684 ], [ 79.851789, 7.194447 ], [ 79.849947, 7.195736 ], [ 79.848763, 7.196991 ], [ 79.848324, 7.197528 ], [ 79.848101, 7.198023 ], [ 79.847866, 7.198149 ], [ 79.847763, 7.198111 ], [ 79.847533, 7.197813 ], [ 79.847635, 7.197389 ], [ 79.847627, 7.196978 ], [ 79.847552, 7.196708 ], [ 79.846833, 7.19569 ], [ 79.846652, 7.195505 ], [ 79.846426, 7.195379 ], [ 79.844755, 7.194738 ], [ 79.84281, 7.194212 ], [ 79.841699, 7.194127 ], [ 79.84087, 7.193961 ], [ 79.83967, 7.193588 ], [ 79.839319, 7.193615 ], [ 79.838932, 7.19376 ], [ 79.83858, 7.193671 ], [ 79.838324, 7.193681 ], [ 79.837197, 7.193995 ], [ 79.836252, 7.194145 ], [ 79.835999, 7.194224 ], [ 79.835717, 7.194436 ], [ 79.834894, 7.195366 ], [ 79.834746, 7.195687 ], [ 79.834732, 7.19604 ], [ 79.835342, 7.198307 ], [ 79.835353, 7.198732 ], [ 79.835063, 7.199501 ], [ 79.834947, 7.200381 ], [ 79.83497, 7.200724 ], [ 79.835175, 7.2011 ], [ 79.835747, 7.201625 ], [ 79.83688, 7.202401 ], [ 79.837068, 7.202749 ], [ 79.837299, 7.203547 ], [ 79.83699, 7.205173 ], [ 79.837012, 7.20546 ], [ 79.837111, 7.205756 ], [ 79.836995, 7.206232 ], [ 79.83671, 7.206827 ], [ 79.836183, 7.206981 ], [ 79.835592, 7.207303 ], [ 79.835225, 7.207713 ], [ 79.835104, 7.207949 ], [ 79.835058, 7.208299 ], [ 79.835114, 7.208559 ], [ 79.835243, 7.208791 ], [ 79.835434, 7.208975 ], [ 79.835756, 7.209121 ], [ 79.836109, 7.209132 ], [ 79.836387, 7.209037 ], [ 79.836695, 7.20901 ], [ 79.837469, 7.208734 ], [ 79.837688, 7.208599 ], [ 79.83786, 7.208408 ], [ 79.837975, 7.208163 ], [ 79.838237, 7.207818 ], [ 79.838616, 7.207039 ], [ 79.839036, 7.207249 ], [ 79.83961, 7.207451 ], [ 79.840062, 7.207473 ], [ 79.840407, 7.207329 ], [ 79.840611, 7.207141 ], [ 79.840748, 7.2069 ], [ 79.84081, 7.206609 ], [ 79.840715, 7.206145 ], [ 79.840433, 7.205802 ], [ 79.840176, 7.205654 ], [ 79.839592, 7.205447 ], [ 79.839202, 7.205218 ], [ 79.838839, 7.20513 ], [ 79.839119, 7.203674 ], [ 79.839131, 7.20342 ], [ 79.838781, 7.202153 ], [ 79.8385, 7.201591 ], [ 79.838726, 7.201212 ], [ 79.839165, 7.201102 ], [ 79.839543, 7.200839 ], [ 79.839718, 7.200635 ], [ 79.839854, 7.200211 ], [ 79.839827, 7.199818 ], [ 79.839733, 7.199577 ], [ 79.83951, 7.199316 ], [ 79.839206, 7.199157 ], [ 79.838629, 7.199086 ], [ 79.838361, 7.199109 ], [ 79.837971, 7.199206 ], [ 79.837475, 7.199463 ], [ 79.837079, 7.199804 ], [ 79.836907, 7.200116 ], [ 79.836804, 7.200124 ], [ 79.836826, 7.199943 ], [ 79.837136, 7.199129 ], [ 79.837169, 7.198864 ], [ 79.837131, 7.197983 ], [ 79.836625, 7.196138 ], [ 79.836855, 7.19588 ], [ 79.837638, 7.19575 ], [ 79.838479, 7.195512 ], [ 79.838791, 7.195602 ], [ 79.839047, 7.195616 ], [ 79.839588, 7.195446 ], [ 79.840461, 7.195724 ], [ 79.841403, 7.195913 ], [ 79.84243, 7.195983 ], [ 79.84415, 7.196444 ], [ 79.845528, 7.196972 ], [ 79.84574, 7.197263 ], [ 79.845657, 7.197457 ], [ 79.845622, 7.197719 ], [ 79.845772, 7.198442 ], [ 79.846603, 7.199545 ], [ 79.846814, 7.199685 ], [ 79.847623, 7.199987 ], [ 79.847957, 7.200043 ], [ 79.848289, 7.199972 ], [ 79.849424, 7.199347 ], [ 79.849644, 7.199083 ], [ 79.849838, 7.198535 ], [ 79.85112, 7.197123 ], [ 79.851973, 7.196558 ], [ 79.853052, 7.195764 ], [ 79.853247, 7.195569 ], [ 79.854253, 7.193407 ], [ 79.854681, 7.192287 ], [ 79.854799, 7.191336 ], [ 79.855154, 7.190193 ], [ 79.855159, 7.189791 ], [ 79.856009, 7.189077 ], [ 79.856785, 7.18806 ], [ 79.857532, 7.1867 ], [ 79.857742, 7.186479 ], [ 79.858008, 7.186029 ], [ 79.858125, 7.185668 ], [ 79.858488, 7.1851 ], [ 79.858665, 7.184584 ], [ 79.858839, 7.184368 ], [ 79.859062, 7.183958 ], [ 79.859238, 7.18321 ], [ 79.859238, 7.182968 ], [ 79.859107, 7.182398 ], [ 79.858762, 7.181682 ], [ 79.859099, 7.18153 ], [ 79.859875, 7.180912 ], [ 79.860149, 7.180478 ], [ 79.860467, 7.180184 ], [ 79.861464, 7.178677 ], [ 79.862109, 7.177043 ], [ 79.862207, 7.176878 ], [ 79.862556, 7.176596 ], [ 79.8627, 7.176302 ], [ 79.863425, 7.175414 ], [ 79.863635, 7.174863 ], [ 79.863888, 7.174461 ], [ 79.864104, 7.173857 ], [ 79.86436, 7.173373 ], [ 79.864441, 7.173066 ], [ 79.864624, 7.172868 ], [ 79.864795, 7.172551 ], [ 79.864864, 7.172234 ], [ 79.866278, 7.169892 ], [ 79.867151, 7.167602 ], [ 79.867619, 7.166578 ], [ 79.867636, 7.166279 ], [ 79.867758, 7.165965 ], [ 79.867824, 7.165429 ], [ 79.86756, 7.164565 ], [ 79.867741, 7.164353 ], [ 79.86785, 7.164084 ], [ 79.867992, 7.163906 ], [ 79.868601, 7.162655 ], [ 79.868641, 7.161721 ], [ 79.8686, 7.161412 ], [ 79.869078, 7.15807 ], [ 79.869062, 7.156487 ], [ 79.869233, 7.15614 ], [ 79.869422, 7.155985 ], [ 79.869571, 7.155775 ], [ 79.869655, 7.15553 ], [ 79.869662, 7.155242 ], [ 79.869845, 7.155151 ], [ 79.870047, 7.154971 ], [ 79.870349, 7.154576 ], [ 79.870527, 7.154188 ], [ 79.870644, 7.153509 ], [ 79.87063, 7.153137 ], [ 79.870705, 7.152625 ], [ 79.870867, 7.152155 ], [ 79.870899, 7.151641 ], [ 79.870823, 7.151305 ], [ 79.870592, 7.150943 ], [ 79.87036, 7.150655 ], [ 79.869981, 7.150339 ], [ 79.869579, 7.150171 ], [ 79.869146, 7.150209 ], [ 79.868912, 7.15033 ], [ 79.868443, 7.150715 ], [ 79.8679, 7.151326 ], [ 79.867602, 7.151991 ], [ 79.867552, 7.152378 ], [ 79.867292, 7.152689 ], [ 79.867427, 7.152127 ], [ 79.867346, 7.151485 ], [ 79.867577, 7.150193 ], [ 79.867752, 7.149762 ], [ 79.867875, 7.14918 ], [ 79.867826, 7.148687 ], [ 79.867741, 7.148442 ], [ 79.867841, 7.148098 ], [ 79.867857, 7.1478 ], [ 79.867702, 7.146295 ], [ 79.867692, 7.145395 ], [ 79.867701, 7.144347 ], [ 79.867824, 7.143035 ], [ 79.868225, 7.141381 ], [ 79.868343, 7.140525 ], [ 79.86881, 7.139206 ], [ 79.869355, 7.137849 ], [ 79.871358, 7.13362 ], [ 79.872101, 7.130784 ], [ 79.872313, 7.129321 ], [ 79.872291, 7.129071 ], [ 79.871888, 7.127401 ], [ 79.871016, 7.12627 ], [ 79.870713, 7.125718 ], [ 79.870349, 7.124309 ], [ 79.870396, 7.123564 ], [ 79.870535, 7.122972 ], [ 79.870889, 7.122422 ], [ 79.871185, 7.122553 ], [ 79.871444, 7.122577 ], [ 79.872356, 7.122361 ], [ 79.872722, 7.122116 ], [ 79.87287, 7.121895 ], [ 79.872947, 7.12164 ], [ 79.872899, 7.120449 ], [ 79.87258, 7.119389 ], [ 79.872023, 7.117798 ], [ 79.871876, 7.117574 ], [ 79.87159, 7.117361 ], [ 79.871674, 7.117135 ], [ 79.87179, 7.116468 ], [ 79.871804, 7.115942 ], [ 79.872129, 7.115808 ], [ 79.872372, 7.115576 ], [ 79.872677, 7.115396 ], [ 79.872969, 7.115336 ], [ 79.87319, 7.115423 ], [ 79.873452, 7.115449 ], [ 79.873791, 7.115365 ], [ 79.874183, 7.115156 ], [ 79.874448, 7.114841 ], [ 79.874882, 7.114727 ], [ 79.875183, 7.114536 ], [ 79.875387, 7.114243 ], [ 79.875487, 7.113823 ], [ 79.87581, 7.1136 ], [ 79.876017, 7.113225 ], [ 79.876039, 7.112735 ], [ 79.875861, 7.112288 ], [ 79.87604, 7.111948 ], [ 79.876051, 7.111516 ], [ 79.87586, 7.111129 ], [ 79.875512, 7.110874 ], [ 79.875259, 7.11081 ], [ 79.874869, 7.110803 ], [ 79.874522, 7.11087 ], [ 79.874166, 7.111083 ], [ 79.873968, 7.11126 ], [ 79.873765, 7.111609 ], [ 79.873689, 7.111919 ], [ 79.8735, 7.112114 ], [ 79.873344, 7.112421 ], [ 79.872747, 7.112515 ], [ 79.87187, 7.11286 ], [ 79.871221, 7.113303 ], [ 79.87091, 7.113145 ], [ 79.870641, 7.113112 ], [ 79.870375, 7.113159 ], [ 79.870088, 7.113289 ], [ 79.869737, 7.113631 ], [ 79.869546, 7.114082 ], [ 79.869346, 7.114253 ], [ 79.868957, 7.114749 ], [ 79.868912, 7.114552 ], [ 79.868937, 7.113549 ], [ 79.86883, 7.113062 ], [ 79.868819, 7.112326 ], [ 79.868404, 7.111332 ], [ 79.868179, 7.111066 ], [ 79.867761, 7.110856 ], [ 79.867075, 7.110878 ], [ 79.866633, 7.110809 ], [ 79.866299, 7.110909 ], [ 79.865918, 7.111205 ], [ 79.865378, 7.111164 ], [ 79.864966, 7.111338 ], [ 79.864444, 7.111911 ], [ 79.864258, 7.112344 ], [ 79.864213, 7.112637 ], [ 79.863949, 7.112847 ], [ 79.86331, 7.113602 ], [ 79.86242, 7.115094 ], [ 79.861425, 7.117383 ], [ 79.861385, 7.117733 ], [ 79.861594, 7.120232 ], [ 79.861688, 7.120497 ], [ 79.861992, 7.12095 ], [ 79.862004, 7.1216 ], [ 79.861958, 7.122117 ], [ 79.861768, 7.121876 ], [ 79.861249, 7.121414 ], [ 79.860823, 7.121183 ], [ 79.860822, 7.119827 ], [ 79.860528, 7.117704 ], [ 79.860455, 7.117454 ], [ 79.860188, 7.117115 ], [ 79.859071, 7.116463 ], [ 79.859067, 7.116355 ], [ 79.859921, 7.114688 ], [ 79.860041, 7.113882 ], [ 79.859943, 7.113554 ], [ 79.85977, 7.113323 ], [ 79.859938, 7.113133 ], [ 79.860268, 7.112599 ], [ 79.860336, 7.112264 ], [ 79.860274, 7.111928 ], [ 79.859738, 7.111178 ], [ 79.858869, 7.110553 ], [ 79.858593, 7.11048 ], [ 79.857796, 7.110405 ], [ 79.857116, 7.110408 ], [ 79.856849, 7.110477 ], [ 79.856969, 7.110312 ], [ 79.857063, 7.110061 ], [ 79.857165, 7.109192 ], [ 79.857051, 7.108401 ], [ 79.857812, 7.107846 ], [ 79.858457, 7.106868 ], [ 79.858588, 7.106518 ], [ 79.858573, 7.106161 ], [ 79.858794, 7.105917 ], [ 79.858909, 7.105676 ], [ 79.858948, 7.105413 ], [ 79.858909, 7.105149 ], [ 79.858681, 7.104771 ], [ 79.85829, 7.104536 ], [ 79.858065, 7.104251 ], [ 79.857748, 7.104033 ], [ 79.857364, 7.103891 ], [ 79.857343, 7.103295 ], [ 79.857527, 7.102987 ], [ 79.857571, 7.102559 ], [ 79.857316, 7.1015 ], [ 79.857101, 7.101108 ], [ 79.857162, 7.10073 ], [ 79.857031, 7.100311 ], [ 79.856861, 7.100107 ], [ 79.856557, 7.099928 ], [ 79.855983, 7.099835 ], [ 79.855571, 7.099869 ], [ 79.855164, 7.100059 ], [ 79.854936, 7.100338 ], [ 79.853899, 7.103332 ], [ 79.853021, 7.104731 ], [ 79.852587, 7.105664 ], [ 79.851326, 7.106083 ], [ 79.850491, 7.106638 ], [ 79.850208, 7.106952 ], [ 79.849981, 7.107613 ], [ 79.84968, 7.107619 ], [ 79.849432, 7.107701 ], [ 79.848853, 7.108054 ], [ 79.848676, 7.108238 ], [ 79.848458, 7.108165 ], [ 79.848047, 7.108131 ], [ 79.847521, 7.108207 ], [ 79.847214, 7.108349 ], [ 79.846288, 7.109228 ], [ 79.846126, 7.109447 ], [ 79.846021, 7.109884 ], [ 79.846169, 7.110467 ], [ 79.845396, 7.110443 ], [ 79.845038, 7.110564 ], [ 79.844642, 7.110439 ], [ 79.844284, 7.110485 ], [ 79.843907, 7.110732 ], [ 79.843584, 7.111074 ], [ 79.843463, 7.11131 ], [ 79.843417, 7.11166 ], [ 79.843473, 7.111919 ], [ 79.843659, 7.112219 ], [ 79.843888, 7.112395 ], [ 79.843936, 7.112555 ], [ 79.84385, 7.112953 ], [ 79.843897, 7.11332 ], [ 79.844002, 7.113565 ], [ 79.844208, 7.113798 ], [ 79.844316, 7.114102 ], [ 79.84404, 7.114296 ], [ 79.843882, 7.114518 ], [ 79.843788, 7.114868 ], [ 79.843812, 7.115139 ], [ 79.843966, 7.115496 ], [ 79.844143, 7.115707 ], [ 79.844216, 7.115982 ], [ 79.844232, 7.116526 ], [ 79.844372, 7.117005 ], [ 79.844899, 7.117762 ], [ 79.845081, 7.117945 ], [ 79.844953, 7.118156 ], [ 79.844886, 7.118409 ], [ 79.844905, 7.118737 ], [ 79.84499, 7.11899 ], [ 79.845144, 7.119207 ], [ 79.845517, 7.119459 ], [ 79.84597, 7.119925 ], [ 79.84565, 7.120193 ], [ 79.84539, 7.120263 ], [ 79.844797, 7.120597 ], [ 79.844596, 7.120871 ], [ 79.844233, 7.121221 ], [ 79.843905, 7.121745 ], [ 79.843647, 7.121876 ], [ 79.843464, 7.122054 ], [ 79.843034, 7.122754 ], [ 79.842701, 7.122961 ], [ 79.841013, 7.124734 ], [ 79.840853, 7.125034 ], [ 79.840625, 7.126105 ], [ 79.840325, 7.126559 ], [ 79.839722, 7.128056 ], [ 79.83863, 7.129643 ], [ 79.838142, 7.129987 ], [ 79.83792, 7.130334 ], [ 79.837642, 7.131135 ], [ 79.837622, 7.131469 ], [ 79.837764, 7.132099 ], [ 79.838135, 7.132887 ], [ 79.838541, 7.133956 ], [ 79.838421, 7.135788 ], [ 79.837636, 7.137264 ], [ 79.837044, 7.138836 ], [ 79.837014, 7.139096 ], [ 79.837052, 7.142004 ], [ 79.836536, 7.143557 ], [ 79.83649, 7.143826 ], [ 79.836595, 7.144265 ], [ 79.837355, 7.145218 ], [ 79.837514, 7.145616 ], [ 79.834163, 7.148125 ], [ 79.833789, 7.148474 ], [ 79.833506, 7.14855 ], [ 79.833213, 7.148761 ], [ 79.832857, 7.149268 ], [ 79.832579, 7.14953 ], [ 79.831453, 7.151632 ], [ 79.83139, 7.151888 ], [ 79.831297, 7.152919 ], [ 79.831554, 7.154272 ], [ 79.831167, 7.155936 ], [ 79.83112, 7.156622 ], [ 79.831245, 7.157054 ], [ 79.831507, 7.157337 ], [ 79.831475, 7.157566 ], [ 79.83153, 7.157877 ], [ 79.831386, 7.158123 ], [ 79.831328, 7.158378 ], [ 79.831391, 7.158786 ], [ 79.830193, 7.159868 ], [ 79.829852, 7.160494 ], [ 79.829652, 7.160621 ], [ 79.829409, 7.160918 ], [ 79.829128, 7.161073 ], [ 79.828949, 7.161271 ], [ 79.828747, 7.161821 ], [ 79.828769, 7.16226 ], [ 79.828729, 7.162341 ], [ 79.82849, 7.162437 ], [ 79.82828, 7.162604 ], [ 79.828067, 7.162994 ], [ 79.827932, 7.163687 ], [ 79.827944, 7.164033 ], [ 79.828023, 7.164338 ], [ 79.827596, 7.164493 ], [ 79.827405, 7.164669 ], [ 79.827273, 7.164892 ], [ 79.827175, 7.165519 ], [ 79.82721, 7.165777 ], [ 79.827292, 7.165968 ], [ 79.827036, 7.167017 ], [ 79.826923, 7.167704 ], [ 79.827002, 7.168144 ], [ 79.826808, 7.168649 ], [ 79.826459, 7.169094 ], [ 79.826265, 7.169524 ], [ 79.826097, 7.169682 ], [ 79.825958, 7.169916 ], [ 79.825896, 7.17018 ], [ 79.825913, 7.17044 ], [ 79.825751, 7.170705 ], [ 79.825689, 7.171015 ], [ 79.825045, 7.171795 ], [ 79.824906, 7.172128 ], [ 79.824946, 7.172867 ], [ 79.824325, 7.176003 ], [ 79.824846, 7.178559 ], [ 79.824918, 7.179536 ], [ 79.824531, 7.179645 ], [ 79.82397, 7.179883 ], [ 79.823448, 7.180307 ], [ 79.823321, 7.180543 ], [ 79.822869, 7.18108 ], [ 79.822138, 7.182953 ], [ 79.822159, 7.183379 ], [ 79.822681, 7.184685 ], [ 79.822829, 7.185599 ], [ 79.823201, 7.186363 ], [ 79.823217, 7.186714 ], [ 79.823289, 7.186967 ], [ 79.823489, 7.187249 ], [ 79.823626, 7.187929 ], [ 79.823358, 7.188281 ], [ 79.823245, 7.188726 ], [ 79.823228, 7.188995 ], [ 79.823291, 7.189257 ], [ 79.823459, 7.189542 ], [ 79.823485, 7.189748 ], [ 79.82364, 7.190184 ], [ 79.823914, 7.190522 ], [ 79.824314, 7.190693 ], [ 79.825157, 7.190634 ], [ 79.825668, 7.190393 ], [ 79.825746, 7.190489 ], [ 79.825691, 7.190987 ], [ 79.825782, 7.191735 ], [ 79.826969, 7.195866 ], [ 79.827029, 7.196448 ], [ 79.827256, 7.196808 ], [ 79.8286, 7.198109 ], [ 79.82897, 7.198923 ], [ 79.829247, 7.199381 ], [ 79.829562, 7.200583 ], [ 79.829761, 7.200922 ], [ 79.829797, 7.201135 ], [ 79.829773, 7.20137 ], [ 79.829182, 7.202041 ], [ 79.828745, 7.202446 ], [ 79.828252, 7.202655 ], [ 79.828051, 7.202827 ], [ 79.827923, 7.203023 ], [ 79.82679, 7.203662 ], [ 79.826475, 7.203953 ], [ 79.826128, 7.204673 ], [ 79.825998, 7.205133 ], [ 79.825789, 7.205592 ], [ 79.825493, 7.206217 ], [ 79.825178, 7.206747 ], [ 79.825071, 7.207332 ], [ 79.824173, 7.207296 ], [ 79.822827, 7.207316 ], [ 79.821339, 7.207005 ], [ 79.820015, 7.206532 ], [ 79.819774, 7.20584 ], [ 79.819221, 7.204985 ], [ 79.818491, 7.20445 ], [ 79.818383, 7.204103 ], [ 79.817905, 7.203144 ], [ 79.818186, 7.200394 ], [ 79.821376, 7.182795 ], [ 79.822194, 7.178917 ], [ 79.826718, 7.162894 ], [ 79.8293, 7.152859 ], [ 79.831465, 7.145608 ], [ 79.831948, 7.144582 ], [ 79.832411, 7.142065 ], [ 79.832909, 7.140267 ], [ 79.834968, 7.134645 ], [ 79.839038, 7.122842 ], [ 79.840807, 7.118677 ], [ 79.84103, 7.117871 ], [ 79.841043, 7.117629 ], [ 79.840994, 7.117113 ], [ 79.840895, 7.116767 ], [ 79.84078, 7.116522 ], [ 79.840628, 7.11635 ], [ 79.842016, 7.113561 ], [ 79.843114, 7.11161 ], [ 79.843484, 7.110361 ], [ 79.843723, 7.108929 ], [ 79.844023, 7.107674 ], [ 79.844054, 7.106652 ], [ 79.845014, 7.102971 ], [ 79.846829, 7.095283 ], [ 79.847734, 7.089909 ], [ 79.848932, 7.084043 ], [ 79.849112, 7.083682 ], [ 79.849328, 7.082832 ], [ 79.849424, 7.082118 ], [ 79.849409, 7.081777 ], [ 79.850042, 7.079233 ], [ 79.850069, 7.078744 ], [ 79.850631, 7.076979 ], [ 79.851473, 7.073753 ], [ 79.851756, 7.07298 ], [ 79.852008, 7.071361 ], [ 79.852151, 7.07081 ], [ 79.852119, 7.07048 ], [ 79.852193, 7.069758 ], [ 79.85219, 7.06897 ], [ 79.852116, 7.068695 ], [ 79.851967, 7.068456 ], [ 79.852285, 7.067937 ], [ 79.852501, 7.06747 ], [ 79.852957, 7.066091 ], [ 79.853047, 7.065615 ], [ 79.853296, 7.065026 ], [ 79.85334, 7.06477 ], [ 79.853324, 7.064494 ], [ 79.853665, 7.063497 ], [ 79.854037, 7.061509 ], [ 79.854186, 7.061177 ], [ 79.854461, 7.060079 ], [ 79.854703, 7.059385 ], [ 79.855153, 7.056964 ], [ 79.855456, 7.055944 ], [ 79.855485, 7.055667 ], [ 79.856212, 7.052466 ], [ 79.856433, 7.052013 ], [ 79.856913, 7.050778 ], [ 79.857527, 7.048401 ], [ 79.858624, 7.04348 ], [ 79.8588, 7.043249 ], [ 79.85889, 7.042997 ], [ 79.858904, 7.042136 ], [ 79.859482, 7.039571 ], [ 79.859725, 7.038781 ], [ 79.85996, 7.037712 ], [ 79.860133, 7.037325 ], [ 79.860126, 7.03682 ], [ 79.860995, 7.032976 ], [ 79.861142, 7.032661 ], [ 79.861375, 7.031769 ], [ 79.861655, 7.030305 ], [ 79.861636, 7.029943 ], [ 79.862183, 7.027745 ], [ 79.86227, 7.027103 ], [ 79.862572, 7.025682 ], [ 79.862532, 7.024974 ], [ 79.862696, 7.024515 ], [ 79.863003, 7.024252 ], [ 79.863168, 7.023859 ], [ 79.863214, 7.023014 ], [ 79.863338, 7.022139 ], [ 79.8635, 7.021789 ], [ 79.863602, 7.021065 ], [ 79.8636, 7.020807 ], [ 79.863481, 7.020479 ], [ 79.863495, 7.020393 ], [ 79.863571, 7.020143 ], [ 79.863815, 7.019813 ], [ 79.863971, 7.019146 ], [ 79.863881, 7.018232 ], [ 79.864121, 7.018019 ], [ 79.864456, 7.017492 ], [ 79.86474, 7.016842 ], [ 79.864789, 7.016255 ], [ 79.86465, 7.015823 ], [ 79.864953, 7.015107 ], [ 79.864945, 7.014668 ], [ 79.865086, 7.013919 ], [ 79.865099, 7.013567 ], [ 79.865293, 7.013086 ], [ 79.865347, 7.012748 ], [ 79.865589, 7.012423 ], [ 79.865763, 7.011854 ], [ 79.865759, 7.011598 ], [ 79.865652, 7.011168 ], [ 79.865448, 7.010762 ], [ 79.865607, 7.010332 ], [ 79.86574, 7.009274 ], [ 79.865701, 7.008994 ], [ 79.86556, 7.00871 ], [ 79.866072, 7.006213 ], [ 79.866044, 7.005871 ], [ 79.865918, 7.005606 ], [ 79.866216, 7.005298 ], [ 79.866369, 7.004908 ], [ 79.86694, 7.002267 ], [ 79.867519, 7.001985 ], [ 79.867727, 7.001807 ], [ 79.868077, 7.001219 ], [ 79.86817, 7.000974 ], [ 79.868247, 7.000261 ], [ 79.868133, 6.999439 ], [ 79.868299, 6.999235 ], [ 79.868624, 6.998543 ], [ 79.868854, 6.997284 ], [ 79.868849, 6.997 ], [ 79.868731, 6.996357 ], [ 79.868551, 6.99602 ], [ 79.868815, 6.995272 ], [ 79.868783, 6.99436 ], [ 79.868986, 6.993455 ], [ 79.868981, 6.992593 ], [ 79.869117, 6.991606 ], [ 79.869082, 6.991189 ], [ 79.869327, 6.990845 ], [ 79.86951, 6.990106 ], [ 79.869492, 6.988886 ], [ 79.869627, 6.988371 ], [ 79.869731, 6.986679 ], [ 79.869949, 6.985902 ], [ 79.869989, 6.984922 ], [ 79.869865, 6.984265 ], [ 79.870134, 6.983786 ], [ 79.870291, 6.983299 ], [ 79.870261, 6.982961 ], [ 79.869949, 6.981851 ], [ 79.869934, 6.981427 ], [ 79.870034, 6.981051 ], [ 79.870058, 6.980454 ], [ 79.870382, 6.980164 ], [ 79.871099, 6.978914 ], [ 79.871177, 6.978661 ], [ 79.871177, 6.978395 ], [ 79.871058, 6.978063 ], [ 79.87082, 6.977801 ], [ 79.870501, 6.97765 ], [ 79.870061, 6.97765 ], [ 79.869673, 6.977857 ], [ 79.869131, 6.978687 ], [ 79.868795, 6.978798 ], [ 79.868524, 6.979026 ], [ 79.86814, 6.979866 ], [ 79.868124, 6.980221 ], [ 79.868205, 6.980479 ], [ 79.868133, 6.980819 ], [ 79.867973, 6.98115 ], [ 79.867952, 6.981485 ], [ 79.868053, 6.982205 ], [ 79.868266, 6.982562 ], [ 79.868331, 6.982792 ], [ 79.868124, 6.982998 ], [ 79.867995, 6.983263 ], [ 79.86777, 6.983404 ], [ 79.867596, 6.983605 ], [ 79.867488, 6.983848 ], [ 79.867455, 6.984112 ], [ 79.867532, 6.984457 ], [ 79.867675, 6.984682 ], [ 79.867877, 6.984856 ], [ 79.868163, 6.984972 ], [ 79.868159, 6.98539 ], [ 79.867827, 6.985432 ], [ 79.867585, 6.985554 ], [ 79.86739, 6.985741 ], [ 79.867259, 6.985979 ], [ 79.867183, 6.986463 ], [ 79.867269, 6.986809 ], [ 79.867553, 6.987152 ], [ 79.867893, 6.987305 ], [ 79.86786, 6.987733 ], [ 79.867584, 6.987817 ], [ 79.867305, 6.988033 ], [ 79.867129, 6.988338 ], [ 79.867082, 6.988598 ], [ 79.867197, 6.989104 ], [ 79.867423, 6.989391 ], [ 79.867714, 6.989554 ], [ 79.86771, 6.989768 ], [ 79.867439, 6.989811 ], [ 79.867134, 6.989977 ], [ 79.866914, 6.990246 ], [ 79.866826, 6.990492 ], [ 79.866811, 6.990753 ], [ 79.866871, 6.991007 ], [ 79.867036, 6.991302 ], [ 79.867294, 6.991528 ], [ 79.867212, 6.992016 ], [ 79.866895, 6.992285 ], [ 79.866728, 6.992701 ], [ 79.86674, 6.993173 ], [ 79.86694, 6.993534 ], [ 79.866764, 6.993646 ], [ 79.866588, 6.993839 ], [ 79.866438, 6.994246 ], [ 79.866446, 6.994569 ], [ 79.866529, 6.994815 ], [ 79.866677, 6.995027 ], [ 79.866926, 6.995213 ], [ 79.86682, 6.995474 ], [ 79.866593, 6.995624 ], [ 79.866421, 6.995833 ], [ 79.866294, 6.996261 ], [ 79.866352, 6.996615 ], [ 79.866484, 6.996851 ], [ 79.866756, 6.997085 ], [ 79.86704, 6.997185 ], [ 79.866901, 6.997966 ], [ 79.866798, 6.998185 ], [ 79.866462, 6.998267 ], [ 79.866181, 6.998464 ], [ 79.865967, 6.998751 ], [ 79.865868, 6.999078 ], [ 79.865895, 6.999429 ], [ 79.865981, 6.999681 ], [ 79.866137, 6.999898 ], [ 79.866396, 7.000082 ], [ 79.866409, 7.000493 ], [ 79.866321, 7.000562 ], [ 79.865734, 7.000727 ], [ 79.865417, 7.001019 ], [ 79.865284, 7.001338 ], [ 79.864698, 7.004115 ], [ 79.864484, 7.00419 ], [ 79.864011, 7.004473 ], [ 79.863473, 7.005019 ], [ 79.86329, 7.005306 ], [ 79.863152, 7.005778 ], [ 79.863181, 7.006226 ], [ 79.86336, 7.00654 ], [ 79.863646, 7.006759 ], [ 79.864093, 7.006867 ], [ 79.863776, 7.008398 ], [ 79.863729, 7.008889 ], [ 79.863769, 7.009242 ], [ 79.863894, 7.009489 ], [ 79.863853, 7.009814 ], [ 79.863658, 7.009922 ], [ 79.863471, 7.010107 ], [ 79.8633, 7.010509 ], [ 79.863284, 7.010762 ], [ 79.86333, 7.011016 ], [ 79.863446, 7.011247 ], [ 79.863584, 7.011402 ], [ 79.86344, 7.011645 ], [ 79.863365, 7.011986 ], [ 79.863383, 7.012251 ], [ 79.863493, 7.012525 ], [ 79.863271, 7.012723 ], [ 79.863141, 7.012944 ], [ 79.863068, 7.013454 ], [ 79.863192, 7.01383 ], [ 79.862944, 7.014045 ], [ 79.862799, 7.014258 ], [ 79.862703, 7.014605 ], [ 79.862699, 7.014875 ], [ 79.862576, 7.015044 ], [ 79.862484, 7.015285 ], [ 79.862396, 7.01606 ], [ 79.862459, 7.01645 ], [ 79.862582, 7.016691 ], [ 79.862359, 7.016691 ], [ 79.862021, 7.016767 ], [ 79.861644, 7.017008 ], [ 79.861078, 7.017769 ], [ 79.860876, 7.018625 ], [ 79.860902, 7.019074 ], [ 79.861079, 7.019389 ], [ 79.861366, 7.01961 ], [ 79.861809, 7.019717 ], [ 79.861611, 7.020698 ], [ 79.861643, 7.02112 ], [ 79.861494, 7.021534 ], [ 79.86154, 7.021918 ], [ 79.861399, 7.023088 ], [ 79.861034, 7.02365 ], [ 79.860928, 7.024113 ], [ 79.860782, 7.024361 ], [ 79.86066, 7.024705 ], [ 79.860649, 7.024977 ], [ 79.86077, 7.025447 ], [ 79.860556, 7.026493 ], [ 79.860434, 7.026799 ], [ 79.860414, 7.027359 ], [ 79.860117, 7.028633 ], [ 79.85996, 7.02897 ], [ 79.859943, 7.029303 ], [ 79.859823, 7.029681 ], [ 79.859834, 7.030242 ], [ 79.859628, 7.031272 ], [ 79.859504, 7.031564 ], [ 79.859437, 7.032048 ], [ 79.859252, 7.032472 ], [ 79.85844, 7.036153 ], [ 79.858312, 7.036556 ], [ 79.858311, 7.036951 ], [ 79.857723, 7.039138 ], [ 79.857115, 7.041839 ], [ 79.857095, 7.042453 ], [ 79.856906, 7.042846 ], [ 79.855784, 7.0479 ], [ 79.855168, 7.050292 ], [ 79.854464, 7.051979 ], [ 79.853674, 7.055597 ], [ 79.853385, 7.05657 ], [ 79.852943, 7.058953 ], [ 79.85271, 7.059616 ], [ 79.852462, 7.060615 ], [ 79.852259, 7.061063 ], [ 79.851891, 7.063131 ], [ 79.851519, 7.064172 ], [ 79.851516, 7.064593 ], [ 79.851302, 7.065106 ], [ 79.851217, 7.065583 ], [ 79.850797, 7.066857 ], [ 79.850297, 7.067714 ], [ 79.850101, 7.068241 ], [ 79.850046, 7.068742 ], [ 79.850063, 7.069003 ], [ 79.850201, 7.069323 ], [ 79.850383, 7.06952 ], [ 79.850382, 7.069705 ], [ 79.850315, 7.070662 ], [ 79.84999, 7.072566 ], [ 79.849746, 7.073193 ], [ 79.848879, 7.076517 ], [ 79.848294, 7.078383 ], [ 79.848246, 7.078954 ], [ 79.847603, 7.08153 ], [ 79.847551, 7.082476 ], [ 79.847411, 7.083044 ], [ 79.847183, 7.083559 ], [ 79.845957, 7.089563 ], [ 79.84506, 7.094897 ], [ 79.843254, 7.102545 ], [ 79.842275, 7.106297 ], [ 79.842222, 7.107436 ], [ 79.841941, 7.108605 ], [ 79.841728, 7.109916 ], [ 79.841459, 7.110858 ], [ 79.840895, 7.111813 ], [ 79.839938, 7.113629 ], [ 79.839667, 7.114261 ], [ 79.838989, 7.115567 ], [ 79.838556, 7.11667 ], [ 79.838493, 7.117018 ], [ 79.838537, 7.117281 ], [ 79.838771, 7.117655 ], [ 79.839151, 7.117877 ], [ 79.839079, 7.118131 ], [ 79.837338, 7.122218 ], [ 79.83326, 7.134042 ], [ 79.831174, 7.139747 ], [ 79.830637, 7.141701 ], [ 79.830207, 7.144056 ], [ 79.829754, 7.145012 ], [ 79.827558, 7.152366 ], [ 79.824969, 7.162423 ], [ 79.820442, 7.178456 ], [ 79.819595, 7.182464 ], [ 79.816389, 7.200157 ], [ 79.816031, 7.203527 ], [ 79.816071, 7.203769 ], [ 79.816191, 7.204052 ], [ 79.816522, 7.204409 ] ], [ [ 79.869968, 7.116251 ], [ 79.869947, 7.116514 ], [ 79.86969, 7.116593 ], [ 79.869968, 7.116251 ] ] ] } },
{ "type": "Feature", "properties": { "element": "way", "id": 400084790 }, "geometry": { "type": "Polygon", "coordinates": [ [ [ 79.838209, 7.217961 ], [ 79.837853, 7.216964 ], [ 79.836912, 7.215308 ], [ 79.836099, 7.214398 ], [ 79.835812, 7.214192 ], [ 79.835468, 7.214111 ], [ 79.835119, 7.214167 ], [ 79.834819, 7.214353 ], [ 79.834612, 7.214639 ], [ 79.834539, 7.214895 ], [ 79.834542, 7.21516 ], [ 79.834623, 7.215413 ], [ 79.835392, 7.216304 ], [ 79.836194, 7.217698 ], [ 79.836601, 7.218798 ], [ 79.836931, 7.219356 ], [ 79.83719, 7.219597 ], [ 79.837521, 7.21972 ], [ 79.837874, 7.219707 ], [ 79.838196, 7.21956 ], [ 79.838436, 7.219302 ], [ 79.838541, 7.219058 ], [ 79.838563, 7.218706 ], [ 79.838489, 7.218451 ], [ 79.838209, 7.217961 ] ] ] } },
{ "type": "Feature", "properties": { "element": "way", "id": 419827600 }, "geometry": { "type": "Polygon", "coordinates": [ [ [ 79.838505, 6.944901 ], [ 79.827349, 6.94491 ], [ 79.827027, 6.945055 ], [ 79.826786, 6.945312 ], [ 79.826661, 6.945642 ], [ 79.826674, 6.946005 ], [ 79.826825, 6.946333 ], [ 79.827092, 6.946577 ], [ 79.827375, 6.946692 ], [ 79.838493, 6.946727 ], [ 79.838783, 6.946647 ], [ 79.839065, 6.94645 ], [ 79.839253, 6.946161 ], [ 79.839317, 6.945889 ], [ 79.839282, 6.945538 ], [ 79.839116, 6.945227 ], [ 79.838843, 6.945003 ], [ 79.838505, 6.944901 ] ] ] } },
{ "type": "Feature", "properties": { "element": "way", "id": 469492805 }, "geometry": { "type": "Polygon", "coordinates": [ [ [ 79.897554, 6.717237 ], [ 79.898675, 6.717268 ], [ 79.898852, 6.717565 ], [ 79.899058, 6.717745 ], [ 79.899136, 6.718858 ], [ 79.899264, 6.719478 ], [ 79.898886, 6.720419 ], [ 79.898856, 6.720683 ], [ 79.898904, 6.720944 ], [ 79.899142, 6.721313 ], [ 79.899526, 6.721527 ], [ 79.899966, 6.721534 ], [ 79.900287, 6.721388 ], [ 79.900572, 6.721053 ], [ 79.900814, 6.72042 ], [ 79.90105, 6.72007 ], [ 79.901135, 6.719746 ], [ 79.900936, 6.718638 ], [ 79.900888, 6.717651 ], [ 79.900729, 6.716903 ], [ 79.900506, 6.71621 ], [ 79.900666, 6.715998 ], [ 79.900772, 6.715758 ], [ 79.900964, 6.714941 ], [ 79.901913, 6.712752 ], [ 79.902018, 6.712016 ], [ 79.902228, 6.711748 ], [ 79.903923, 6.708431 ], [ 79.904767, 6.707018 ], [ 79.905927, 6.704482 ], [ 79.907198, 6.702328 ], [ 79.908547, 6.699469 ], [ 79.917891, 6.682547 ], [ 79.925453, 6.665719 ], [ 79.931657, 6.651546 ], [ 79.933938, 6.646586 ], [ 79.935771, 6.641604 ], [ 79.938581, 6.634239 ], [ 79.940045, 6.630625 ], [ 79.940457, 6.629141 ], [ 79.941218, 6.626765 ], [ 79.941928, 6.624774 ], [ 79.944729, 6.618177 ], [ 79.948356, 6.609436 ], [ 79.949045, 6.607434 ], [ 79.949636, 6.605438 ], [ 79.94976, 6.604639 ], [ 79.950225, 6.604199 ], [ 79.951016, 6.602605 ], [ 79.951439, 6.601858 ], [ 79.951723, 6.600014 ], [ 79.952057, 6.598418 ], [ 79.952788, 6.596358 ], [ 79.953217, 6.594863 ], [ 79.953751, 6.593312 ], [ 79.954229, 6.591445 ], [ 79.955046, 6.589205 ], [ 79.955408, 6.588852 ], [ 79.955657, 6.588883 ], [ 79.956703, 6.588766 ], [ 79.957096, 6.588625 ], [ 79.957755, 6.587916 ], [ 79.957994, 6.587328 ], [ 79.958123, 6.586875 ], [ 79.958288, 6.585878 ], [ 79.958768, 6.584314 ], [ 79.959269, 6.582067 ], [ 79.959953, 6.580047 ], [ 79.960527, 6.578055 ], [ 79.961178, 6.576322 ], [ 79.961716, 6.574668 ], [ 79.962018, 6.573702 ], [ 79.962213, 6.572811 ], [ 79.962241, 6.571671 ], [ 79.962122, 6.570979 ], [ 79.961824, 6.570223 ], [ 79.961422, 6.569677 ], [ 79.961285, 6.56924 ], [ 79.961081, 6.568956 ], [ 79.960699, 6.568743 ], [ 79.96018, 6.568734 ], [ 79.960751, 6.567053 ], [ 79.960888, 6.566374 ], [ 79.96086, 6.565965 ], [ 79.961362, 6.565764 ], [ 79.961947, 6.565223 ], [ 79.962357, 6.564604 ], [ 79.962508, 6.564186 ], [ 79.962676, 6.564018 ], [ 79.962801, 6.563793 ], [ 79.963221, 6.562674 ], [ 79.96327, 6.562284 ], [ 79.963168, 6.561628 ], [ 79.962994, 6.561191 ], [ 79.963289, 6.560981 ], [ 79.963588, 6.560655 ], [ 79.963999, 6.559977 ], [ 79.965586, 6.555565 ], [ 79.965674, 6.555009 ], [ 79.965614, 6.554353 ], [ 79.965402, 6.553647 ], [ 79.965242, 6.553362 ], [ 79.965838, 6.553131 ], [ 79.966157, 6.552899 ], [ 79.966534, 6.552555 ], [ 79.96694, 6.552 ], [ 79.967506, 6.550927 ], [ 79.967917, 6.549918 ], [ 79.967979, 6.549202 ], [ 79.967908, 6.548646 ], [ 79.967817, 6.548399 ], [ 79.968188, 6.548158 ], [ 79.968628, 6.54772 ], [ 79.969009, 6.547202 ], [ 79.969458, 6.546298 ], [ 79.969923, 6.545094 ], [ 79.969951, 6.544095 ], [ 79.969892, 6.543762 ], [ 79.970375, 6.543409 ], [ 79.970725, 6.542836 ], [ 79.971477, 6.540787 ], [ 79.971526, 6.540388 ], [ 79.971723, 6.540106 ], [ 79.972562, 6.538209 ], [ 79.972728, 6.537261 ], [ 79.974257, 6.533745 ], [ 79.974492, 6.532854 ], [ 79.974902, 6.532525 ], [ 79.975085, 6.532211 ], [ 79.975462, 6.531084 ], [ 79.975508, 6.530753 ], [ 79.980928, 6.514782 ], [ 79.981764, 6.513312 ], [ 79.982427, 6.51154 ], [ 79.982512, 6.510662 ], [ 79.982446, 6.510402 ], [ 79.982285, 6.510148 ], [ 79.982434, 6.509188 ], [ 79.982391, 6.508849 ], [ 79.982277, 6.508619 ], [ 79.980961, 6.506701 ], [ 79.980779, 6.506505 ], [ 79.980464, 6.506343 ], [ 79.980199, 6.506308 ], [ 79.979904, 6.506364 ], [ 79.979582, 6.505712 ], [ 79.979095, 6.505219 ], [ 79.978533, 6.504794 ], [ 79.977808, 6.504551 ], [ 79.977529, 6.504516 ], [ 79.977607, 6.503833 ], [ 79.977564, 6.503206 ], [ 79.978464, 6.502729 ], [ 79.978666, 6.502547 ], [ 79.98025, 6.499571 ], [ 79.981726, 6.49451 ], [ 79.982752, 6.491642 ], [ 79.982804, 6.491286 ], [ 79.98274, 6.491003 ], [ 79.983107, 6.490061 ], [ 79.983309, 6.489048 ], [ 79.983657, 6.488022 ], [ 79.983984, 6.483422 ], [ 79.983807, 6.479949 ], [ 79.983678, 6.478888 ], [ 79.98382, 6.478454 ], [ 79.983768, 6.477975 ], [ 79.983589, 6.477515 ], [ 79.983191, 6.476932 ], [ 79.982828, 6.476687 ], [ 79.982518, 6.476584 ], [ 79.98249, 6.475943 ], [ 79.982262, 6.475256 ], [ 79.981996, 6.474785 ], [ 79.981711, 6.474408 ], [ 79.981238, 6.474003 ], [ 79.981379, 6.473679 ], [ 79.981399, 6.473416 ], [ 79.981342, 6.473158 ], [ 79.981213, 6.472928 ], [ 79.980479, 6.472257 ], [ 79.980134, 6.472017 ], [ 79.978549, 6.471529 ], [ 79.977814, 6.471403 ], [ 79.977469, 6.471394 ], [ 79.977192, 6.47147 ], [ 79.976821, 6.471722 ], [ 79.976407, 6.471856 ], [ 79.975557, 6.470893 ], [ 79.974759, 6.470331 ], [ 79.975234, 6.46957 ], [ 79.975796, 6.468065 ], [ 79.975849, 6.467832 ], [ 79.975853, 6.467279 ], [ 79.975914, 6.466818 ], [ 79.975877, 6.465785 ], [ 79.975464, 6.463716 ], [ 79.975404, 6.462889 ], [ 79.975217, 6.462405 ], [ 79.97531, 6.46176 ], [ 79.975443, 6.461526 ], [ 79.975502, 6.461262 ], [ 79.97548, 6.460994 ], [ 79.975264, 6.460425 ], [ 79.975574, 6.460068 ], [ 79.975954, 6.459817 ], [ 79.976447, 6.459293 ], [ 79.976717, 6.458672 ], [ 79.977255, 6.458143 ], [ 79.977561, 6.457538 ], [ 79.977775, 6.457381 ], [ 79.977948, 6.457181 ], [ 79.978279, 6.45652 ], [ 79.978439, 6.456038 ], [ 79.978493, 6.45546 ], [ 79.978478, 6.454917 ], [ 79.978429, 6.454486 ], [ 79.978288, 6.453952 ], [ 79.977956, 6.453453 ], [ 79.977574, 6.453236 ], [ 79.97731, 6.453204 ], [ 79.977049, 6.45325 ], [ 79.976742, 6.453424 ], [ 79.976569, 6.453626 ], [ 79.976462, 6.453868 ], [ 79.97643, 6.454132 ], [ 79.976476, 6.454393 ], [ 79.976607, 6.454711 ], [ 79.976679, 6.455446 ], [ 79.976658, 6.455685 ], [ 79.976478, 6.456088 ], [ 79.976123, 6.456391 ], [ 79.975738, 6.457126 ], [ 79.975401, 6.457276 ], [ 79.975149, 6.457518 ], [ 79.975007, 6.457837 ], [ 79.974949, 6.458252 ], [ 79.974777, 6.458434 ], [ 79.97436, 6.458714 ], [ 79.973787, 6.459366 ], [ 79.97349, 6.459539 ], [ 79.973102, 6.459946 ], [ 79.972782, 6.460507 ], [ 79.97243, 6.461367 ], [ 79.972405, 6.461824 ], [ 79.972565, 6.462232 ], [ 79.972877, 6.46256 ], [ 79.973128, 6.462667 ], [ 79.973375, 6.462699 ], [ 79.973435, 6.462982 ], [ 79.973587, 6.46324 ], [ 79.973685, 6.464042 ], [ 79.974089, 6.466062 ], [ 79.974102, 6.466749 ], [ 79.974044, 6.467588 ], [ 79.973608, 6.468766 ], [ 79.973367, 6.469148 ], [ 79.972767, 6.46942 ], [ 79.972523, 6.469662 ], [ 79.972173, 6.4703 ], [ 79.972092, 6.470781 ], [ 79.972197, 6.471196 ], [ 79.972554, 6.471603 ], [ 79.972972, 6.471754 ], [ 79.97324, 6.47174 ], [ 79.973487, 6.471651 ], [ 79.974357, 6.472255 ], [ 79.97464, 6.472569 ], [ 79.974644, 6.472966 ], [ 79.974885, 6.473621 ], [ 79.97505, 6.473826 ], [ 79.975309, 6.473993 ], [ 79.975387, 6.474298 ], [ 79.975528, 6.474543 ], [ 79.975886, 6.474821 ], [ 79.976152, 6.47489 ], [ 79.976454, 6.474885 ], [ 79.976744, 6.474788 ], [ 79.976944, 6.474651 ], [ 79.97725, 6.474258 ], [ 79.977463, 6.473433 ], [ 79.977809, 6.473242 ], [ 79.978223, 6.473309 ], [ 79.97924, 6.473607 ], [ 79.979081, 6.47386 ], [ 79.979013, 6.474128 ], [ 79.979024, 6.474398 ], [ 79.979121, 6.474663 ], [ 79.979579, 6.475165 ], [ 79.980347, 6.475598 ], [ 79.980666, 6.476118 ], [ 79.980714, 6.476457 ], [ 79.980665, 6.476664 ], [ 79.980464, 6.477081 ], [ 79.980409, 6.477361 ], [ 79.980426, 6.477621 ], [ 79.98053, 6.47792 ], [ 79.980716, 6.478169 ], [ 79.980989, 6.478367 ], [ 79.981508, 6.478513 ], [ 79.981835, 6.478507 ], [ 79.982003, 6.480073 ], [ 79.982175, 6.483461 ], [ 79.981873, 6.487683 ], [ 79.981546, 6.488636 ], [ 79.981367, 6.489553 ], [ 79.980986, 6.490529 ], [ 79.9809, 6.49116 ], [ 79.980924, 6.491384 ], [ 79.979997, 6.493979 ], [ 79.97857, 6.498889 ], [ 79.977298, 6.501303 ], [ 79.97581, 6.502088 ], [ 79.97551, 6.502415 ], [ 79.975419, 6.502668 ], [ 79.975407, 6.502935 ], [ 79.975543, 6.503422 ], [ 79.975792, 6.503761 ], [ 79.975752, 6.504139 ], [ 79.975196, 6.5052 ], [ 79.975129, 6.505543 ], [ 79.975196, 6.505886 ], [ 79.97533, 6.506112 ], [ 79.975905, 6.506815 ], [ 79.976271, 6.507041 ], [ 79.976527, 6.507085 ], [ 79.976785, 6.507054 ], [ 79.977024, 6.506951 ], [ 79.977714, 6.506434 ], [ 79.977863, 6.506545 ], [ 79.978124, 6.506806 ], [ 79.978191, 6.506961 ], [ 79.978171, 6.507359 ], [ 79.978309, 6.508166 ], [ 79.978445, 6.508386 ], [ 79.978638, 6.508558 ], [ 79.978871, 6.508669 ], [ 79.979127, 6.508709 ], [ 79.980037, 6.508551 ], [ 79.980582, 6.509345 ], [ 79.980529, 6.509676 ], [ 79.98046, 6.509759 ], [ 79.980019, 6.509893 ], [ 79.979749, 6.510122 ], [ 79.979588, 6.510437 ], [ 79.979559, 6.51079 ], [ 79.979669, 6.511126 ], [ 79.979879, 6.511416 ], [ 79.980106, 6.511572 ], [ 79.980455, 6.511659 ], [ 79.980124, 6.512543 ], [ 79.979241, 6.514123 ], [ 79.974001, 6.529601 ], [ 79.973775, 6.52977 ], [ 79.973582, 6.530071 ], [ 79.973521, 6.530424 ], [ 79.973634, 6.530847 ], [ 79.97346, 6.531367 ], [ 79.972863, 6.531817 ], [ 79.972652, 6.532103 ], [ 79.972568, 6.532448 ], [ 79.97264, 6.532844 ], [ 79.972571, 6.533087 ], [ 79.971434, 6.535744 ], [ 79.971162, 6.53579 ], [ 79.970929, 6.535907 ], [ 79.970739, 6.536085 ], [ 79.970608, 6.536311 ], [ 79.970547, 6.536565 ], [ 79.970561, 6.536825 ], [ 79.970866, 6.537461 ], [ 79.970834, 6.537651 ], [ 79.970213, 6.539051 ], [ 79.969567, 6.539352 ], [ 79.969376, 6.539529 ], [ 79.969244, 6.539754 ], [ 79.969177, 6.540094 ], [ 79.969214, 6.540352 ], [ 79.969323, 6.540589 ], [ 79.96954, 6.540819 ], [ 79.9692, 6.541748 ], [ 79.96891, 6.54163 ], [ 79.968604, 6.541609 ], [ 79.968306, 6.541682 ], [ 79.968042, 6.541845 ], [ 79.967791, 6.542176 ], [ 79.967245, 6.543378 ], [ 79.967195, 6.543785 ], [ 79.967354, 6.544239 ], [ 79.967555, 6.54446 ], [ 79.967732, 6.544574 ], [ 79.968139, 6.544675 ], [ 79.967795, 6.545586 ], [ 79.967464, 6.546253 ], [ 79.967332, 6.546431 ], [ 79.967109, 6.546254 ], [ 79.966916, 6.54617 ], [ 79.966435, 6.546147 ], [ 79.96624, 6.546208 ], [ 79.965988, 6.54637 ], [ 79.965849, 6.546523 ], [ 79.965718, 6.546771 ], [ 79.965161, 6.548342 ], [ 79.965144, 6.548714 ], [ 79.965233, 6.548997 ], [ 79.965457, 6.549291 ], [ 79.965778, 6.549479 ], [ 79.966138, 6.54953 ], [ 79.965584, 6.550737 ], [ 79.965206, 6.551315 ], [ 79.965011, 6.551115 ], [ 79.96483, 6.551006 ], [ 79.964437, 6.550918 ], [ 79.964031, 6.551004 ], [ 79.963706, 6.551241 ], [ 79.963525, 6.551539 ], [ 79.962747, 6.553568 ], [ 79.962694, 6.554043 ], [ 79.962741, 6.554238 ], [ 79.962879, 6.554493 ], [ 79.963087, 6.554697 ], [ 79.963265, 6.554798 ], [ 79.96356, 6.554875 ], [ 79.963859, 6.554857 ], [ 79.963863, 6.55496 ], [ 79.963763, 6.555345 ], [ 79.962357, 6.559209 ], [ 79.962069, 6.559113 ], [ 79.961748, 6.559091 ], [ 79.96144, 6.559175 ], [ 79.961173, 6.559357 ], [ 79.960938, 6.559714 ], [ 79.960378, 6.56119 ], [ 79.960317, 6.561483 ], [ 79.960327, 6.561675 ], [ 79.960481, 6.562073 ], [ 79.960771, 6.562353 ], [ 79.961153, 6.562491 ], [ 79.960932, 6.562662 ], [ 79.960764, 6.562901 ], [ 79.960532, 6.563707 ], [ 79.96013, 6.56365 ], [ 79.959825, 6.563722 ], [ 79.959557, 6.563888 ], [ 79.959367, 6.564116 ], [ 79.958723, 6.565762 ], [ 79.958756, 6.566255 ], [ 79.95899, 6.566635 ], [ 79.958483, 6.568104 ], [ 79.958228, 6.56815 ], [ 79.957928, 6.568318 ], [ 79.957757, 6.568511 ], [ 79.95762, 6.568809 ], [ 79.95758, 6.569047 ], [ 79.957595, 6.569387 ], [ 79.957749, 6.569975 ], [ 79.95798, 6.570393 ], [ 79.958378, 6.570826 ], [ 79.958439, 6.571109 ], [ 79.958557, 6.571351 ], [ 79.958893, 6.571645 ], [ 79.959372, 6.571776 ], [ 79.959704, 6.57176 ], [ 79.960002, 6.571683 ], [ 79.960364, 6.571438 ], [ 79.960441, 6.571875 ], [ 79.960415, 6.572579 ], [ 79.960261, 6.57327 ], [ 79.959761, 6.574845 ], [ 79.958814, 6.577475 ], [ 79.958243, 6.579452 ], [ 79.957523, 6.581592 ], [ 79.957011, 6.583882 ], [ 79.956527, 6.585458 ], [ 79.956307, 6.586665 ], [ 79.956155, 6.587003 ], [ 79.955883, 6.58686 ], [ 79.95563, 6.586817 ], [ 79.954949, 6.586864 ], [ 79.954642, 6.586972 ], [ 79.954301, 6.587208 ], [ 79.954086, 6.58756 ], [ 79.953893, 6.587648 ], [ 79.953696, 6.587812 ], [ 79.953475, 6.588173 ], [ 79.952499, 6.590914 ], [ 79.952027, 6.592763 ], [ 79.951499, 6.594295 ], [ 79.951073, 6.59578 ], [ 79.950332, 6.59787 ], [ 79.949947, 6.599671 ], [ 79.949716, 6.60125 ], [ 79.949392, 6.601807 ], [ 79.948755, 6.60312 ], [ 79.948262, 6.603542 ], [ 79.948065, 6.603858 ], [ 79.947882, 6.604988 ], [ 79.947328, 6.606865 ], [ 79.946655, 6.608821 ], [ 79.943061, 6.617478 ], [ 79.940246, 6.624106 ], [ 79.9395, 6.6262 ], [ 79.938729, 6.628606 ], [ 79.938348, 6.629996 ], [ 79.936894, 6.633586 ], [ 79.934078, 6.640964 ], [ 79.932252, 6.645928 ], [ 79.930003, 6.650813 ], [ 79.923801, 6.664982 ], [ 79.916256, 6.681772 ], [ 79.906953, 6.698613 ], [ 79.90558, 6.701518 ], [ 79.904346, 6.703602 ], [ 79.903143, 6.706219 ], [ 79.902326, 6.70758 ], [ 79.900736, 6.710693 ], [ 79.900445, 6.710904 ], [ 79.900189, 6.711269 ], [ 79.900103, 6.711603 ], [ 79.90019, 6.712072 ], [ 79.900168, 6.712245 ], [ 79.899277, 6.714281 ], [ 79.899139, 6.714823 ], [ 79.898964, 6.715093 ], [ 79.898728, 6.715213 ], [ 79.896954, 6.715201 ], [ 79.896497, 6.715299 ], [ 79.89602, 6.71562 ], [ 79.895749, 6.716018 ], [ 79.89559, 6.716679 ], [ 79.895584, 6.716965 ], [ 79.895741, 6.717401 ], [ 79.895997, 6.717669 ], [ 79.896419, 6.717856 ], [ 79.896946, 6.717827 ], [ 79.89732, 6.717595 ], [ 79.897554, 6.717237 ] ] ] } },
{ "type": "Feature", "properties": { "element": "way", "id": 469492805 }, "geometry": { "type": "Polygon", "coordinates": [ [ [ 79.897554, 6.717237 ], [ 79.898675, 6.717268 ], [ 79.898852, 6.717565 ], [ 79.899058, 6.717745 ], [ 79.899136, 6.718858 ], [ 79.899264, 6.719478 ], [ 79.898886, 6.720419 ], [ 79.898856, 6.720683 ], [ 79.898904, 6.720944 ], [ 79.899142, 6.721313 ], [ 79.899526, 6.721527 ], [ 79.899966, 6.721534 ], [ 79.900287, 6.721388 ], [ 79.900572, 6.721053 ], [ 79.900814, 6.72042 ], [ 79.90105, 6.72007 ], [ 79.901135, 6.719746 ], [ 79.900936, 6.718638 ], [ 79.900888, 6.717651 ], [ 79.900729, 6.716903 ], [ 79.900506, 6.71621 ], [ 79.900666, 6.715998 ], [ 79.900772, 6.715758 ], [ 79.900964, 6.714941 ], [ 79.901913, 6.712752 ], [ 79.902018, 6.712016 ], [ 79.902228, 6.711748 ], [ 79.903923, 6.708431 ], [ 79.904767, 6.707018 ], [ 79.905927, 6.704482 ], [ 79.907198, 6.702328 ], [ 79.908547, 6.699469 ], [ 79.917891, 6.682547 ], [ 79.925453, 6.665719 ], [ 79.931657, 6.651546 ], [ 79.933938, 6.646586 ], [ 79.935771, 6.641604 ], [ 79.938581, 6.634239 ], [ 79.940045, 6.630625 ], [ 79.940457, 6.629141 ], [ 79.941218, 6.626765 ], [ 79.941928, 6.624774 ], [ 79.944729, 6.618177 ], [ 79.948356, 6.609436 ], [ 79.949045, 6.607434 ], [ 79.949636, 6.605438 ], [ 79.94976, 6.604639 ], [ 79.950225, 6.604199 ], [ 79.951016, 6.602605 ], [ 79.951439, 6.601858 ], [ 79.951723, 6.600014 ], [ 79.952057, 6.598418 ], [ 79.952788, 6.596358 ], [ 79.953217, 6.594863 ], [ 79.953751, 6.593312 ], [ 79.954229, 6.591445 ], [ 79.955046, 6.589205 ], [ 79.955408, 6.588852 ], [ 79.955657, 6.588883 ], [ 79.956703, 6.588766 ], [ 79.957096, 6.588625 ], [ 79.957755, 6.587916 ], [ 79.957994, 6.587328 ], [ 79.958123, 6.586875 ], [ 79.958288, 6.585878 ], [ 79.958768, 6.584314 ], [ 79.959269, 6.582067 ], [ 79.959953, 6.580047 ], [ 79.960527, 6.578055 ], [ 79.961178, 6.576322 ], [ 79.961716, 6.574668 ], [ 79.962018, 6.573702 ], [ 79.962213, 6.572811 ], [ 79.962241, 6.571671 ], [ 79.962122, 6.570979 ], [ 79.961824, 6.570223 ], [ 79.961422, 6.569677 ], [ 79.961285, 6.56924 ], [ 79.961081, 6.568956 ], [ 79.960699, 6.568743 ], [ 79.96018, 6.568734 ], [ 79.960751, 6.567053 ], [ 79.960888, 6.566374 ], [ 79.96086, 6.565965 ], [ 79.961362, 6.565764 ], [ 79.961947, 6.565223 ], [ 79.962357, 6.564604 ], [ 79.962508, 6.564186 ], [ 79.962676, 6.564018 ], [ 79.962801, 6.563793 ], [ 79.963221, 6.562674 ], [ 79.96327, 6.562284 ], [ 79.963168, 6.561628 ], [ 79.962994, 6.561191 ], [ 79.963289, 6.560981 ], [ 79.963588, 6.560655 ], [ 79.963999, 6.559977 ], [ 79.965586, 6.555565 ], [ 79.965674, 6.555009 ], [ 79.965614, 6.554353 ], [ 79.965402, 6.553647 ], [ 79.965242, 6.553362 ], [ 79.965838, 6.553131 ], [ 79.966157, 6.552899 ], [ 79.966534, 6.552555 ], [ 79.96694, 6.552 ], [ 79.967506, 6.550927 ], [ 79.967917, 6.549918 ], [ 79.967979, 6.549202 ], [ 79.967908, 6.548646 ], [ 79.967817, 6.548399 ], [ 79.968188, 6.548158 ], [ 79.968628, 6.54772 ], [ 79.969009, 6.547202 ], [ 79.969458, 6.546298 ], [ 79.969923, 6.545094 ], [ 79.969951, 6.544095 ], [ 79.969892, 6.543762 ], [ 79.970375, 6.543409 ], [ 79.970725, 6.542836 ], [ 79.971477, 6.540787 ], [ 79.971526, 6.540388 ], [ 79.971723, 6.540106 ], [ 79.972562, 6.538209 ], [ 79.972728, 6.537261 ], [ 79.974257, 6.533745 ], [ 79.974492, 6.532854 ], [ 79.974902, 6.532525 ], [ 79.975085, 6.532211 ], [ 79.975462, 6.531084 ], [ 79.975508, 6.530753 ], [ 79.980928, 6.514782 ], [ 79.981764, 6.513312 ], [ 79.982427, 6.51154 ], [ 79.982512, 6.510662 ], [ 79.982446, 6.510402 ], [ 79.982285, 6.510148 ], [ 79.982434, 6.509188 ], [ 79.982391, 6.508849 ], [ 79.982277, 6.508619 ], [ 79.980961, 6.506701 ], [ 79.980779, 6.506505 ], [ 79.980464, 6.506343 ], [ 79.980199, 6.506308 ], [ 79.979904, 6.506364 ], [ 79.979582, 6.505712 ], [ 79.979095, 6.505219 ], [ 79.978533, 6.504794 ], [ 79.977808, 6.504551 ], [ 79.977529, 6.504516 ], [ 79.977607, 6.503833 ], [ 79.977564, 6.503206 ], [ 79.978464, 6.502729 ], [ 79.978666, 6.502547 ], [ 79.98025, 6.499571 ], [ 79.981726, 6.49451 ], [ 79.982752, 6.491642 ], [ 79.982804, 6.491286 ], [ 79.98274, 6.491003 ], [ 79.983107, 6.490061 ], [ 79.983309, 6.489048 ], [ 79.983657, 6.488022 ], [ 79.983984, 6.483422 ], [ 79.983807, 6.479949 ], [ 79.983678, 6.478888 ], [ 79.98382, 6.478454 ], [ 79.983768, 6.477975 ], [ 79.983589, 6.477515 ], [ 79.983191, 6.476932 ], [ 79.982828, 6.476687 ], [ 79.982518, 6.476584 ], [ 79.98249, 6.475943 ], [ 79.982262, 6.475256 ], [ 79.981996, 6.474785 ], [ 79.981711, 6.474408 ], [ 79.981238, 6.474003 ], [ 79.981379, 6.473679 ], [ 79.981399, 6.473416 ], [ 79.981342, 6.473158 ], [ 79.981213, 6.472928 ], [ 79.980479, 6.472257 ], [ 79.980134, 6.472017 ], [ 79.978549, 6.471529 ], [ 79.977814, 6.471403 ], [ 79.977469, 6.471394 ], [ 79.977192, 6.47147 ], [ 79.976821, 6.471722 ], [ 79.976407, 6.471856 ], [ 79.975557, 6.470893 ], [ 79.974759, 6.470331 ], [ 79.975234, 6.46957 ], [ 79.975796, 6.468065 ], [ 79.975849, 6.467832 ], [ 79.975853, 6.467279 ], [ 79.975914, 6.466818 ], [ 79.975877, 6.465785 ], [ 79.975464, 6.463716 ], [ 79.975404, 6.462889 ], [ 79.975217, 6.462405 ], [ 79.97531, 6.46176 ], [ 79.975443, 6.461526 ], [ 79.975502, 6.461262 ], [ 79.97548, 6.460994 ], [ 79.975264, 6.460425 ], [ 79.975574, 6.460068 ], [ 79.975954, 6.459817 ], [ 79.976447, 6.459293 ], [ 79.976717, 6.458672 ], [ 79.977255, 6.458143 ], [ 79.977561, 6.457538 ], [ 79.977775, 6.457381 ], [ 79.977948, 6.457181 ], [ 79.978279, 6.45652 ], [ 79.978439, 6.456038 ], [ 79.978493, 6.45546 ], [ 79.978478, 6.454917 ], [ 79.978429, 6.454486 ], [ 79.978288, 6.453952 ], [ 79.977956, 6.453453 ], [ 79.977574, 6.453236 ], [ 79.97731, 6.453204 ], [ 79.977049, 6.45325 ], [ 79.976742, 6.453424 ], [ 79.976569, 6.453626 ], [ 79.976462, 6.453868 ], [ 79.97643, 6.454132 ], [ 79.976476, 6.454393 ], [ 79.976607, 6.454711 ], [ 79.976679, 6.455446 ], [ 79.976658, 6.455685 ], [ 79.976478, 6.456088 ], [ 79.976123, 6.456391 ], [ 79.975738, 6.457126 ], [ 79.975401, 6.457276 ], [ 79.975149, 6.457518 ], [ 79.975007, 6.457837 ], [ 79.974949, 6.458252 ], [ 79.974777, 6.458434 ], [ 79.97436, 6.458714 ], [ 79.973787, 6.459366 ], [ 79.97349, 6.459539 ], [ 79.973102, 6.459946 ], [ 79.972782, 6.460507 ], [ 79.97243, 6.461367 ], [ 79.972405, 6.461824 ], [ 79.972565, 6.462232 ], [ 79.972877, 6.46256 ], [ 79.973128, 6.462667 ], [ 79.973375, 6.462699 ], [ 79.973435, 6.462982 ], [ 79.973587, 6.46324 ], [ 79.973685, 6.464042 ], [ 79.974089, 6.466062 ], [ 79.974102, 6.466749 ], [ 79.974044, 6.467588 ], [ 79.973608, 6.468766 ], [ 79.973367, 6.469148 ], [ 79.972767, 6.46942 ], [ 79.972523, 6.469662 ], [ 79.972173, 6.4703 ], [ 79.972092, 6.470781 ], [ 79.972197, 6.471196 ], [ 79.972554, 6.471603 ], [ 79.972972, 6.471754 ], [ 79.97324, 6.47174 ], [ 79.973487, 6.471651 ], [ 79.974357, 6.472255 ], [ 79.97464, 6.472569 ], [ 79.974644, 6.472966 ], [ 79.974885, 6.473621 ], [ 79.97505, 6.473826 ], [ 79.975309, 6.473993 ], [ 79.975387, 6.474298 ], [ 79.975528, 6.474543 ], [ 79.975886, 6.474821 ], [ 79.976152, 6.47489 ], [ 79.976454, 6.474885 ], [ 79.976744, 6.474788 ], [ 79.976944, 6.474651 ], [ 79.97725, 6.474258 ], [ 79.977463, 6.473433 ], [ 79.977809, 6.473242 ], [ 79.978223, 6.473309 ], [ 79.97924, 6.473607 ], [ 79.979081, 6.47386 ], [ 79.979013, 6.474128 ], [ 79.979024, 6.474398 ], [ 79.979121, 6.474663 ], [ 79.979579, 6.475165 ], [ 79.980347, 6.475598 ], [ 79.980666, 6.476118 ], [ 79.980714, 6.476457 ], [ 79.980665, 6.476664 ], [ 79.980464, 6.477081 ], [ 79.980409, 6.477361 ], [ 79.980426, 6.477621 ], [ 79.98053, 6.47792 ], [ 79.980716, 6.478169 ], [ 79.980989, 6.478367 ], [ 79.981508, 6.478513 ], [ 79.981835, 6.478507 ], [ 79.982003, 6.480073 ], [ 79.982175, 6.483461 ], [ 79.981873, 6.487683 ], [ 79.981546, 6.488636 ], [ 79.981367, 6.489553 ], [ 79.980986, 6.490529 ], [ 79.9809, 6.49116 ], [ 79.980924, 6.491384 ], [ 79.979997, 6.493979 ], [ 79.97857, 6.498889 ], [ 79.977298, 6.501303 ], [ 79.97581, 6.502088 ], [ 79.97551, 6.502415 ], [ 79.975419, 6.502668 ], [ 79.975407, 6.502935 ], [ 79.975543, 6.503422 ], [ 79.975792, 6.503761 ], [ 79.975752, 6.504139 ], [ 79.975196, 6.5052 ], [ 79.975129, 6.505543 ], [ 79.975196, 6.505886 ], [ 79.97533, 6.506112 ], [ 79.975905, 6.506815 ], [ 79.976271, 6.507041 ], [ 79.976527, 6.507085 ], [ 79.976785, 6.507054 ], [ 79.977024, 6.506951 ], [ 79.977714, 6.506434 ], [ 79.977863, 6.506545 ], [ 79.978124, 6.506806 ], [ 79.978191, 6.506961 ], [ 79.978171, 6.507359 ], [ 79.978309, 6.508166 ], [ 79.978445, 6.508386 ], [ 79.978638, 6.508558 ], [ 79.978871, 6.508669 ], [ 79.979127, 6.508709 ], [ 79.980037, 6.508551 ], [ 79.980582, 6.509345 ], [ 79.980529, 6.509676 ], [ 79.98046, 6.509759 ], [ 79.980019, 6.509893 ], [ 79.979749, 6.510122 ], [ 79.979588, 6.510437 ], [ 79.979559, 6.51079 ], [ 79.979669, 6.511126 ], [ 79.979879, 6.511416 ], [ 79.980106, 6.511572 ], [ 79.980455, 6.511659 ], [ 79.980124, 6.512543 ], [ 79.979241, 6.514123 ], [ 79.974001, 6.529601 ], [ 79.973775, 6.52977 ], [ 79.973582, 6.530071 ], [ 79.973521, 6.530424 ], [ 79.973634, 6.530847 ], [ 79.97346, 6.531367 ], [ 79.972863, 6.531817 ], [ 79.972652, 6.532103 ], [ 79.972568, 6.532448 ], [ 79.97264, 6.532844 ], [ 79.972571, 6.533087 ], [ 79.971434, 6.535744 ], [ 79.971162, 6.53579 ], [ 79.970929, 6.535907 ], [ 79.970739, 6.536085 ], [ 79.970608, 6.536311 ], [ 79.970547, 6.536565 ], [ 79.970561, 6.536825 ], [ 79.970866, 6.537461 ], [ 79.970834, 6.537651 ], [ 79.970213, 6.539051 ], [ 79.969567, 6.539352 ], [ 79.969376, 6.539529 ], [ 79.969244, 6.539754 ], [ 79.969177, 6.540094 ], [ 79.969214, 6.540352 ], [ 79.969323, 6.540589 ], [ 79.96954, 6.540819 ], [ 79.9692, 6.541748 ], [ 79.96891, 6.54163 ], [ 79.968604, 6.541609 ], [ 79.968306, 6.541682 ], [ 79.968042, 6.541845 ], [ 79.967791, 6.542176 ], [ 79.967245, 6.543378 ], [ 79.967195, 6.543785 ], [ 79.967354, 6.544239 ], [ 79.967555, 6.54446 ], [ 79.967732, 6.544574 ], [ 79.968139, 6.544675 ], [ 79.967795, 6.545586 ], [ 79.967464, 6.546253 ], [ 79.967332, 6.546431 ], [ 79.967109, 6.546254 ], [ 79.966916, 6.54617 ], [ 79.966435, 6.546147 ], [ 79.96624, 6.546208 ], [ 79.965988, 6.54637 ], [ 79.965849, 6.546523 ], [ 79.965718, 6.546771 ], [ 79.965161, 6.548342 ], [ 79.965144, 6.548714 ], [ 79.965233, 6.548997 ], [ 79.965457, 6.549291 ], [ 79.965778, 6.549479 ], [ 79.966138, 6.54953 ], [ 79.965584, 6.550737 ], [ 79.965206, 6.551315 ], [ 79.965011, 6.551115 ], [ 79.96483, 6.551006 ], [ 79.964437, 6.550918 ], [ 79.964031, 6.551004 ], [ 79.963706, 6.551241 ], [ 79.963525, 6.551539 ], [ 79.962747, 6.553568 ], [ 79.962694, 6.554043 ], [ 79.962741, 6.554238 ], [ 79.962879, 6.554493 ], [ 79.963087, 6.554697 ], [ 79.963265, 6.554798 ], [ 79.96356, 6.554875 ], [ 79.963859, 6.554857 ], [ 79.963863, 6.55496 ], [ 79.963763, 6.555345 ], [ 79.962357, 6.559209 ], [ 79.962069, 6.559113 ], [ 79.961748, 6.559091 ], [ 79.96144, 6.559175 ], [ 79.961173, 6.559357 ], [ 79.960938, 6.559714 ], [ 79.960378, 6.56119 ], [ 79.960317, 6.561483 ], [ 79.960327, 6.561675 ], [ 79.960481, 6.562073 ], [ 79.960771, 6.562353 ], [ 79.961153, 6.562491 ], [ 79.960932, 6.562662 ], [ 79.960764, 6.562901 ], [ 79.960532, 6.563707 ], [ 79.96013, 6.56365 ], [ 79.959825, 6.563722 ], [ 79.959557, 6.563888 ], [ 79.959367, 6.564116 ], [ 79.958723, 6.565762 ], [ 79.958756, 6.566255 ], [ 79.95899, 6.566635 ], [ 79.958483, 6.568104 ], [ 79.958228, 6.56815 ], [ 79.957928, 6.568318 ], [ 79.957757, 6.568511 ], [ 79.95762, 6.568809 ], [ 79.95758, 6.569047 ], [ 79.957595, 6.569387 ], [ 79.957749, 6.569975 ], [ 79.95798, 6.570393 ], [ 79.958378, 6.570826 ], [ 79.958439, 6.571109 ], [ 79.958557, 6.571351 ], [ 79.958893, 6.571645 ], [ 79.959372, 6.571776 ], [ 79.959704, 6.57176 ], [ 79.960002, 6.571683 ], [ 79.960364, 6.571438 ], [ 79.960441, 6.571875 ], [ 79.960415, 6.572579 ], [ 79.960261, 6.57327 ], [ 79.959761, 6.574845 ], [ 79.958814, 6.577475 ], [ 79.958243, 6.579452 ], [ 79.957523, 6.581592 ], [ 79.957011, 6.583882 ], [ 79.956527, 6.585458 ], [ 79.956307, 6.586665 ], [ 79.956155, 6.587003 ], [ 79.955883, 6.58686 ], [ 79.95563, 6.586817 ], [ 79.954949, 6.586864 ], [ 79.954642, 6.586972 ], [ 79.954301, 6.587208 ], [ 79.954086, 6.58756 ], [ 79.953893, 6.587648 ], [ 79.953696, 6.587812 ], [ 79.953475, 6.588173 ], [ 79.952499, 6.590914 ], [ 79.952027, 6.592763 ], [ 79.951499, 6.594295 ], [ 79.951073, 6.59578 ], [ 79.950332, 6.59787 ], [ 79.949947, 6.599671 ], [ 79.949716, 6.60125 ], [ 79.949392, 6.601807 ], [ 79.948755, 6.60312 ], [ 79.948262, 6.603542 ], [ 79.948065, 6.603858 ], [ 79.947882, 6.604988 ], [ 79.947328, 6.606865 ], [ 79.946655, 6.608821 ], [ 79.943061, 6.617478 ], [ 79.940246, 6.624106 ], [ 79.9395, 6.6262 ], [ 79.938729, 6.628606 ], [ 79.938348, 6.629996 ], [ 79.936894, 6.633586 ], [ 79.934078, 6.640964 ], [ 79.932252, 6.645928 ], [ 79.930003, 6.650813 ], [ 79.923801, 6.664982 ], [ 79.916256, 6.681772 ], [ 79.906953, 6.698613 ], [ 79.90558, 6.701518 ], [ 79.904346, 6.703602 ], [ 79.903143, 6.706219 ], [ 79.902326, 6.70758 ], [ 79.900736, 6.710693 ], [ 79.900445, 6.710904 ], [ 79.900189, 6.711269 ], [ 79.900103, 6.711603 ], [ 79.90019, 6.712072 ], [ 79.900168, 6.712245 ], [ 79.899277, 6.714281 ], [ 79.899139, 6.714823 ], [ 79.898964, 6.715093 ], [ 79.898728, 6.715213 ], [ 79.896954, 6.715201 ], [ 79.896497, 6.715299 ], [ 79.89602, 6.71562 ], [ 79.895749, 6.716018 ], [ 79.89559, 6.716679 ], [ 79.895584, 6.716965 ], [ 79.895741, 6.717401 ], [ 79.895997, 6.717669 ], [ 79.896419, 6.717856 ], [ 79.896946, 6.717827 ], [ 79.89732, 6.717595 ], [ 79.897554, 6.717237 ] ] ] } },
{ "type": "Feature", "properties": { "element": "way", "id": 529918794 }, "geometry": { "type": "Polygon", "coordinates": [ [ [ 79.976646, 6.453196 ], [ 79.97641, 6.454024 ], [ 79.976472, 6.454382 ], [ 79.976642, 6.454691 ], [ 79.976841, 6.454867 ], [ 79.977169, 6.454998 ], [ 79.977434, 6.455007 ], [ 79.97777, 6.454901 ], [ 79.977981, 6.45474 ], [ 79.978174, 6.454444 ], [ 79.978399, 6.453679 ], [ 79.978462, 6.453218 ], [ 79.978419, 6.452745 ], [ 79.978609, 6.452664 ], [ 79.978819, 6.452499 ], [ 79.979226, 6.452061 ], [ 79.979744, 6.451357 ], [ 79.980715, 6.449537 ], [ 79.980783, 6.449045 ], [ 79.981708, 6.448889 ], [ 79.982497, 6.448588 ], [ 79.985284, 6.4466 ], [ 79.987633, 6.44459 ], [ 79.988364, 6.443799 ], [ 79.988907, 6.44341 ], [ 79.989105, 6.443021 ], [ 79.989097, 6.442584 ], [ 79.988943, 6.442269 ], [ 79.988377, 6.441654 ], [ 79.98817, 6.441488 ], [ 79.987837, 6.441373 ], [ 79.987485, 6.441395 ], [ 79.987167, 6.441549 ], [ 79.986934, 6.441814 ], [ 79.986835, 6.44206 ], [ 79.986822, 6.442413 ], [ 79.98692, 6.442698 ], [ 79.986415, 6.443252 ], [ 79.984139, 6.445199 ], [ 79.981558, 6.447036 ], [ 79.980737, 6.447233 ], [ 79.979784, 6.44722 ], [ 79.979539, 6.447318 ], [ 79.979333, 6.447482 ], [ 79.979121, 6.447864 ], [ 79.978987, 6.448637 ], [ 79.978975, 6.448966 ], [ 79.978189, 6.450432 ], [ 79.977662, 6.45109 ], [ 79.976901, 6.451415 ], [ 79.976703, 6.451594 ], [ 79.976565, 6.451823 ], [ 79.976477, 6.452243 ], [ 79.976503, 6.452472 ], [ 79.976604, 6.45273 ], [ 79.976646, 6.453196 ] ] ] } },
{ "type": "Feature", "properties": { "element": "way", "id": 530918666 }, "geometry": { "type": "Polygon", "coordinates": [ [ [ 79.986145, 6.441881 ], [ 79.986249, 6.442109 ], [ 79.986417, 6.442323 ], [ 79.986819, 6.442594 ], [ 79.987199, 6.443012 ], [ 79.987523, 6.443153 ], [ 79.987875, 6.443159 ], [ 79.988204, 6.44303 ], [ 79.988458, 6.442785 ], [ 79.988598, 6.442462 ], [ 79.988605, 6.442109 ], [ 79.988476, 6.44178 ], [ 79.988088, 6.441288 ], [ 79.987752, 6.441045 ], [ 79.987572, 6.440673 ], [ 79.987335, 6.440439 ], [ 79.987443, 6.440016 ], [ 79.98734, 6.439589 ], [ 79.987118, 6.439315 ], [ 79.986722, 6.439124 ], [ 79.986369, 6.439121 ], [ 79.986042, 6.439254 ], [ 79.985567, 6.439704 ], [ 79.985376, 6.440105 ], [ 79.985377, 6.440462 ], [ 79.985599, 6.441035 ], [ 79.985885, 6.441612 ], [ 79.986145, 6.441881 ] ] ] } },
{ "type": "Feature", "properties": { "element": "way", "id": 599940965 }, "geometry": { "type": "Polygon", "coordinates": [ [ [ 79.839054, 7.282894 ], [ 79.839281, 7.283164 ], [ 79.839595, 7.283326 ], [ 79.839947, 7.283356 ], [ 79.840204, 7.283289 ], [ 79.84043, 7.283149 ], [ 79.840606, 7.282951 ], [ 79.841026, 7.282116 ], [ 79.841134, 7.281658 ], [ 79.841104, 7.280953 ], [ 79.841195, 7.280667 ], [ 79.841264, 7.280149 ], [ 79.841437, 7.279672 ], [ 79.841483, 7.278536 ], [ 79.841807, 7.27748 ], [ 79.842284, 7.275325 ], [ 79.842392, 7.274481 ], [ 79.842763, 7.273803 ], [ 79.842858, 7.273463 ], [ 79.842838, 7.273198 ], [ 79.842695, 7.272876 ], [ 79.842512, 7.272683 ], [ 79.842197, 7.272525 ], [ 79.841757, 7.272514 ], [ 79.841363, 7.272711 ], [ 79.84119, 7.272912 ], [ 79.840664, 7.27389 ], [ 79.840502, 7.274994 ], [ 79.840046, 7.277053 ], [ 79.839692, 7.278209 ], [ 79.839647, 7.279325 ], [ 79.839497, 7.279713 ], [ 79.839424, 7.280265 ], [ 79.839297, 7.280687 ], [ 79.839306, 7.281329 ], [ 79.838971, 7.281587 ], [ 79.838788, 7.281987 ], [ 79.838815, 7.282426 ], [ 79.839054, 7.282894 ] ] ] } },
{ "type": "Feature", "properties": { "element": "way", "id": 707553137 }, "geometry": { "type": "Polygon", "coordinates": [ [ [ 79.972584, 6.470288 ], [ 79.972326, 6.470623 ], [ 79.972248, 6.470956 ], [ 79.972332, 6.471385 ], [ 79.972509, 6.471685 ], [ 79.972922, 6.471983 ], [ 79.973248, 6.472105 ], [ 79.97368, 6.472072 ], [ 79.973983, 6.471901 ], [ 79.974236, 6.471548 ], [ 79.974386, 6.471007 ], [ 79.9743, 6.470493 ], [ 79.974128, 6.470198 ], [ 79.973782, 6.469952 ], [ 79.973532, 6.469892 ], [ 79.973244, 6.469892 ], [ 79.972901, 6.469998 ], [ 79.972584, 6.470288 ] ] ] } },
{ "type": "Feature", "properties": { "element": "way", "id": 707553138 }, "geometry": { "type": "Polygon", "coordinates": [ [ [ 79.973898, 6.468869 ], [ 79.973643, 6.468636 ], [ 79.973304, 6.46851 ], [ 79.972895, 6.468524 ], [ 79.97257, 6.468681 ], [ 79.972332, 6.468952 ], [ 79.972219, 6.469295 ], [ 79.972261, 6.469724 ], [ 79.97242, 6.470033 ], [ 79.972683, 6.470259 ], [ 79.973012, 6.47037 ], [ 79.973442, 6.470335 ], [ 79.973754, 6.470184 ], [ 79.973987, 6.469927 ], [ 79.974107, 6.469601 ], [ 79.974094, 6.469254 ], [ 79.973898, 6.468869 ] ] ] } },
{ "type": "Feature", "properties": { "element": "way", "id": 707553139 }, "geometry": { "type": "Polygon", "coordinates": [ [ [ 79.972494, 6.470636 ], [ 79.972847, 6.470811 ], [ 79.973191, 6.47083 ], [ 79.973517, 6.470718 ], [ 79.973827, 6.470422 ], [ 79.974012, 6.47006 ], [ 79.974072, 6.469492 ], [ 79.973963, 6.469149 ], [ 79.973654, 6.468824 ], [ 79.973318, 6.468697 ], [ 79.972958, 6.468712 ], [ 79.97253, 6.468914 ], [ 79.972289, 6.469185 ], [ 79.972121, 6.469642 ], [ 79.972104, 6.469928 ], [ 79.972241, 6.470355 ], [ 79.972494, 6.470636 ] ] ] } },
{ "type": "Feature", "properties": { "element": "way", "id": 707553141 }, "geometry": { "type": "Polygon", "coordinates": [ [ [ 79.969404, 6.470616 ], [ 79.969109, 6.471228 ], [ 79.968966, 6.471662 ], [ 79.968945, 6.471931 ], [ 79.969042, 6.472278 ], [ 79.969541, 6.472975 ], [ 79.969898, 6.473234 ], [ 79.970247, 6.473298 ], [ 79.971175, 6.473111 ], [ 79.971472, 6.472941 ], [ 79.971783, 6.472512 ], [ 79.971856, 6.472035 ], [ 79.971759, 6.471641 ], [ 79.971771, 6.470922 ], [ 79.971589, 6.470428 ], [ 79.971444, 6.470212 ], [ 79.971243, 6.470047 ], [ 79.970616, 6.469747 ], [ 79.970169, 6.469704 ], [ 79.969911, 6.469785 ], [ 79.969625, 6.470005 ], [ 79.969448, 6.47032 ], [ 79.969404, 6.470616 ] ] ] } },
{ "type": "Feature", "properties": { "element": "way", "id": 707553142 }, "geometry": { "type": "Polygon", "coordinates": [ [ [ 79.969729, 6.467874 ], [ 79.969562, 6.467538 ], [ 79.969294, 6.467302 ], [ 79.968955, 6.467189 ], [ 79.968528, 6.467222 ], [ 79.968209, 6.467387 ], [ 79.967979, 6.467663 ], [ 79.967874, 6.468007 ], [ 79.967923, 6.468468 ], [ 79.968102, 6.468786 ], [ 79.968391, 6.469008 ], [ 79.968744, 6.469097 ], [ 79.969193, 6.469038 ], [ 79.969494, 6.468853 ], [ 79.969703, 6.468567 ], [ 79.969785, 6.468223 ], [ 79.969729, 6.467874 ] ] ] } },
{ "type": "Feature", "properties": { "element": "way", "id": 707553143 }, "geometry": { "type": "Polygon", "coordinates": [ [ [ 79.97378, 6.46994 ], [ 79.973714, 6.469523 ], [ 79.97353, 6.469225 ], [ 79.973126, 6.468949 ], [ 79.972771, 6.468867 ], [ 79.972412, 6.468932 ], [ 79.972017, 6.469177 ], [ 79.971792, 6.46945 ], [ 79.971689, 6.469788 ], [ 79.971723, 6.47014 ], [ 79.971961, 6.470629 ], [ 79.972227, 6.470851 ], [ 79.972557, 6.470957 ], [ 79.972817, 6.470951 ], [ 79.973117, 6.470873 ], [ 79.973431, 6.470716 ], [ 79.973703, 6.470372 ], [ 79.97378, 6.46994 ] ] ] } },
{ "type": "Feature", "properties": { "element": "way", "id": 707553144 }, "geometry": { "type": "Polygon", "coordinates": [ [ [ 79.972497, 6.470483 ], [ 79.972898, 6.469926 ], [ 79.973069, 6.469545 ], [ 79.973088, 6.469107 ], [ 79.972953, 6.468782 ], [ 79.972363, 6.468131 ], [ 79.971965, 6.467983 ], [ 79.971394, 6.468001 ], [ 79.971027, 6.468195 ], [ 79.970642, 6.468603 ], [ 79.97048, 6.468943 ], [ 79.970411, 6.469765 ], [ 79.970547, 6.470106 ], [ 79.970734, 6.47038 ], [ 79.970932, 6.47056 ], [ 79.971348, 6.470709 ], [ 79.972107, 6.470676 ], [ 79.972497, 6.470483 ] ] ] } },
{ "type": "Feature", "properties": { "element": "way", "id": 707553145 }, "geometry": { "type": "Polygon", "coordinates": [ [ [ 79.965997, 6.468888 ], [ 79.966284, 6.468592 ], [ 79.966425, 6.468177 ], [ 79.966444, 6.46789 ], [ 79.9664, 6.467628 ], [ 79.966166, 6.467254 ], [ 79.96564, 6.466947 ], [ 79.965304, 6.466884 ], [ 79.96505, 6.466922 ], [ 79.964733, 6.467047 ], [ 79.964436, 6.467243 ], [ 79.964207, 6.467623 ], [ 79.964173, 6.467978 ], [ 79.964279, 6.468318 ], [ 79.964661, 6.468792 ], [ 79.965023, 6.469016 ], [ 79.965356, 6.469102 ], [ 79.965697, 6.469057 ], [ 79.965997, 6.468888 ] ] ] } },
{ "type": "Feature", "properties": { "element": "way", "id": 707555443 }, "geometry": { "type": "Polygon", "coordinates": [ [ [ 79.979503, 6.440646 ], [ 79.979138, 6.440551 ], [ 79.978714, 6.440637 ], [ 79.978349, 6.440897 ], [ 79.978167, 6.441206 ], [ 79.978112, 6.441705 ], [ 79.978196, 6.442035 ], [ 79.978396, 6.442311 ], [ 79.978811, 6.442573 ], [ 79.979244, 6.442628 ], [ 79.97973, 6.442453 ], [ 79.979989, 6.442239 ], [ 79.980178, 6.441883 ], [ 79.980213, 6.44146 ], [ 79.980067, 6.441059 ], [ 79.979828, 6.440796 ], [ 79.979503, 6.440646 ] ] ] } },
{ "type": "Feature", "properties": { "element": "way", "id": 707555444 }, "geometry": { "type": "Polygon", "coordinates": [ [ [ 79.965671, 6.469801 ], [ 79.965806, 6.469425 ], [ 79.965784, 6.469081 ], [ 79.965635, 6.468771 ], [ 79.96538, 6.468538 ], [ 79.964984, 6.468399 ], [ 79.964626, 6.468413 ], [ 79.964301, 6.468565 ], [ 79.964061, 6.468831 ], [ 79.963947, 6.469137 ], [ 79.963935, 6.469501 ], [ 79.964067, 6.46984 ], [ 79.964322, 6.470099 ], [ 79.964659, 6.470237 ], [ 79.96506, 6.470245 ], [ 79.965378, 6.470115 ], [ 79.965671, 6.469801 ] ] ] } },
{ "type": "Feature", "properties": { "element": "way", "id": 707555445 }, "geometry": { "type": "Polygon", "coordinates": [ [ [ 79.965684, 6.469169 ], [ 79.965677, 6.468749 ], [ 79.965531, 6.468435 ], [ 79.965278, 6.468199 ], [ 79.964905, 6.468062 ], [ 79.964554, 6.468071 ], [ 79.964232, 6.468213 ], [ 79.963989, 6.468466 ], [ 79.963842, 6.468861 ], [ 79.96385, 6.469217 ], [ 79.963994, 6.469542 ], [ 79.964252, 6.469786 ], [ 79.964641, 6.469934 ], [ 79.964999, 6.469921 ], [ 79.965323, 6.469771 ], [ 79.965564, 6.469506 ], [ 79.965684, 6.469169 ] ] ] } },
{ "type": "Feature", "properties": { "element": "way", "id": 707555446 }, "geometry": { "type": "Polygon", "coordinates": [ [ [ 79.965979, 6.468428 ], [ 79.966033, 6.468059 ], [ 79.965949, 6.467719 ], [ 79.965743, 6.467437 ], [ 79.96537, 6.467182 ], [ 79.965027, 6.467124 ], [ 79.964688, 6.4672 ], [ 79.964402, 6.467399 ], [ 79.964213, 6.46769 ], [ 79.964099, 6.468124 ], [ 79.964141, 6.468482 ], [ 79.964381, 6.468861 ], [ 79.964688, 6.46905 ], [ 79.965144, 6.46911 ], [ 79.965487, 6.469025 ], [ 79.965771, 6.468815 ], [ 79.965979, 6.468428 ] ] ] } },
{ "type": "Feature", "properties": { "element": "way", "id": 707555447 }, "geometry": { "type": "Polygon", "coordinates": [ [ [ 79.965968, 6.469236 ], [ 79.965946, 6.468855 ], [ 79.965793, 6.468535 ], [ 79.965528, 6.468299 ], [ 79.965104, 6.468175 ], [ 79.964618, 6.468254 ], [ 79.964312, 6.468448 ], [ 79.964106, 6.468747 ], [ 79.964024, 6.46921 ], [ 79.964094, 6.469559 ], [ 79.964294, 6.469854 ], [ 79.964593, 6.470049 ], [ 79.964944, 6.470113 ], [ 79.965347, 6.470052 ], [ 79.965661, 6.469873 ], [ 79.965879, 6.469586 ], [ 79.965968, 6.469236 ] ] ] } },
{ "type": "Feature", "properties": { "element": "way", "id": 707555448 }, "geometry": { "type": "Polygon", "coordinates": [ [ [ 79.969006, 6.465559 ], [ 79.969395, 6.465366 ], [ 79.969617, 6.465091 ], [ 79.969718, 6.464752 ], [ 79.96968, 6.4644 ], [ 79.969461, 6.463972 ], [ 79.96919, 6.463751 ], [ 79.968854, 6.46365 ], [ 79.968399, 6.463685 ], [ 79.968087, 6.463852 ], [ 79.967863, 6.464126 ], [ 79.967762, 6.464465 ], [ 79.967797, 6.464816 ], [ 79.96799, 6.4652 ], [ 79.96824, 6.465449 ], [ 79.968655, 6.465595 ], [ 79.969006, 6.465559 ] ] ] } },
{ "type": "Feature", "properties": { "element": "way", "id": 707555449 }, "geometry": { "type": "Polygon", "coordinates": [ [ [ 79.971767, 6.46256 ], [ 79.97171, 6.462185 ], [ 79.971468, 6.461819 ], [ 79.971101, 6.461606 ], [ 79.97076, 6.461552 ], [ 79.970424, 6.461629 ], [ 79.970085, 6.461891 ], [ 79.969925, 6.462197 ], [ 79.969863, 6.462586 ], [ 79.96994, 6.462942 ], [ 79.97015, 6.46324 ], [ 79.970461, 6.463429 ], [ 79.970909, 6.463506 ], [ 79.971251, 6.46342 ], [ 79.971534, 6.46321 ], [ 79.971715, 6.462908 ], [ 79.971767, 6.46256 ] ] ] } },
{ "type": "Feature", "properties": { "element": "way", "id": 707555450 }, "geometry": { "type": "Polygon", "coordinates": [ [ [ 79.968508, 6.462311 ], [ 79.968869, 6.462471 ], [ 79.969216, 6.462473 ], [ 79.969539, 6.462344 ], [ 79.969789, 6.462102 ], [ 79.969959, 6.461717 ], [ 79.969969, 6.461367 ], [ 79.969846, 6.461041 ], [ 79.969608, 6.460785 ], [ 79.969243, 6.460622 ], [ 79.968884, 6.460609 ], [ 79.968548, 6.460737 ], [ 79.968289, 6.460986 ], [ 79.968123, 6.46137 ], [ 79.96812, 6.461728 ], [ 79.968255, 6.462058 ], [ 79.968508, 6.462311 ] ] ] } },
{ "type": "Feature", "properties": { "element": "way", "id": 707555451 }, "geometry": { "type": "Polygon", "coordinates": [ [ [ 79.972036, 6.46029 ], [ 79.972159, 6.459857 ], [ 79.972099, 6.459499 ], [ 79.971902, 6.459193 ], [ 79.971602, 6.45899 ], [ 79.971181, 6.458894 ], [ 79.970826, 6.458971 ], [ 79.97053, 6.459181 ], [ 79.970331, 6.459481 ], [ 79.970242, 6.45983 ], [ 79.970297, 6.460186 ], [ 79.970486, 6.460492 ], [ 79.97078, 6.4607 ], [ 79.971191, 6.460809 ], [ 79.971534, 6.460752 ], [ 79.97183, 6.46057 ], [ 79.972036, 6.46029 ] ] ] } },
{ "type": "Feature", "properties": { "element": "way", "id": 707555452 }, "geometry": { "type": "Polygon", "coordinates": [ [ [ 79.972265, 6.459232 ], [ 79.971975, 6.458919 ], [ 79.971607, 6.458767 ], [ 79.971257, 6.45873 ], [ 79.970919, 6.458829 ], [ 79.970645, 6.45905 ], [ 79.970447, 6.459428 ], [ 79.970408, 6.459774 ], [ 79.970503, 6.46011 ], [ 79.970718, 6.460384 ], [ 79.971182, 6.460697 ], [ 79.971614, 6.460773 ], [ 79.971954, 6.46068 ], [ 79.972287, 6.460395 ], [ 79.972466, 6.460016 ], [ 79.972448, 6.459563 ], [ 79.972265, 6.459232 ] ] ] } },
{ "type": "Feature", "properties": { "element": "way", "id": 707555453 }, "geometry": { "type": "Polygon", "coordinates": [ [ [ 79.972443, 6.46002 ], [ 79.972344, 6.45963 ], [ 79.972134, 6.459359 ], [ 79.971727, 6.459146 ], [ 79.971376, 6.459095 ], [ 79.971033, 6.459183 ], [ 79.97075, 6.459395 ], [ 79.970571, 6.4597 ], [ 79.970505, 6.460114 ], [ 79.970633, 6.46053 ], [ 79.970867, 6.460789 ], [ 79.971182, 6.460941 ], [ 79.971587, 6.461003 ], [ 79.971937, 6.460914 ], [ 79.972224, 6.460694 ], [ 79.972402, 6.460379 ], [ 79.972443, 6.46002 ] ] ] } },
{ "type": "Feature", "properties": { "element": "way", "id": 707555454 }, "geometry": { "type": "Polygon", "coordinates": [ [ [ 79.970089, 6.460551 ], [ 79.970456, 6.461305 ], [ 79.970734, 6.461518 ], [ 79.97116, 6.461611 ], [ 79.971501, 6.461534 ], [ 79.971787, 6.461333 ], [ 79.972088, 6.460864 ], [ 79.972152, 6.460524 ], [ 79.972082, 6.460184 ], [ 79.971795, 6.459755 ], [ 79.971488, 6.459556 ], [ 79.971127, 6.459494 ], [ 79.970606, 6.459601 ], [ 79.970262, 6.459878 ], [ 79.970109, 6.460197 ], [ 79.970089, 6.460551 ] ] ] } },
{ "type": "Feature", "properties": { "element": "way", "id": 707555455 }, "geometry": { "type": "Polygon", "coordinates": [ [ [ 79.973062, 6.460336 ], [ 79.972785, 6.460038 ], [ 79.972373, 6.459885 ], [ 79.972107, 6.459896 ], [ 79.971838, 6.459975 ], [ 79.97143, 6.460238 ], [ 79.971212, 6.460511 ], [ 79.971007, 6.46111 ], [ 79.97107, 6.461536 ], [ 79.971312, 6.461953 ], [ 79.971599, 6.46215 ], [ 79.971939, 6.462224 ], [ 79.972282, 6.462164 ], [ 79.972577, 6.461979 ], [ 79.973048, 6.461344 ], [ 79.973165, 6.461105 ], [ 79.973205, 6.460753 ], [ 79.973062, 6.460336 ] ] ] } },
{ "type": "Feature", "properties": { "element": "way", "id": 707555456 }, "geometry": { "type": "Polygon", "coordinates": [ [ [ 79.97277, 6.459815 ], [ 79.972843, 6.459582 ], [ 79.972851, 6.459316 ], [ 79.972693, 6.458903 ], [ 79.972359, 6.458615 ], [ 79.971826, 6.458467 ], [ 79.971478, 6.45851 ], [ 79.971107, 6.458743 ], [ 79.970823, 6.459172 ], [ 79.970695, 6.459466 ], [ 79.970647, 6.459724 ], [ 79.970701, 6.460068 ], [ 79.970881, 6.460366 ], [ 79.97122, 6.460611 ], [ 79.971551, 6.460698 ], [ 79.97189, 6.460656 ], [ 79.972121, 6.460543 ], [ 79.972603, 6.460087 ], [ 79.97277, 6.459815 ] ] ] } },
{ "type": "Feature", "properties": { "element": "way", "id": 707555457 }, "geometry": { "type": "Polygon", "coordinates": [ [ [ 79.973313, 6.459304 ], [ 79.973547, 6.458985 ], [ 79.973631, 6.458643 ], [ 79.973578, 6.458295 ], [ 79.973334, 6.457931 ], [ 79.973032, 6.45775 ], [ 79.97258, 6.457693 ], [ 79.972252, 6.457771 ], [ 79.971914, 6.458008 ], [ 79.971723, 6.45831 ], [ 79.971663, 6.458662 ], [ 79.971745, 6.45901 ], [ 79.971954, 6.459299 ], [ 79.972248, 6.459516 ], [ 79.972593, 6.459604 ], [ 79.973028, 6.459517 ], [ 79.973313, 6.459304 ] ] ] } },
{ "type": "Feature", "properties": { "element": "way", "id": 707555458 }, "geometry": { "type": "Polygon", "coordinates": [ [ [ 79.974416, 6.457878 ], [ 79.974151, 6.457561 ], [ 79.973743, 6.457388 ], [ 79.973388, 6.457404 ], [ 79.973147, 6.457489 ], [ 79.97293, 6.457632 ], [ 79.972423, 6.458318 ], [ 79.972238, 6.458769 ], [ 79.972232, 6.459214 ], [ 79.972438, 6.459608 ], [ 79.972724, 6.459822 ], [ 79.973071, 6.459908 ], [ 79.973424, 6.459853 ], [ 79.973728, 6.459666 ], [ 79.974183, 6.459177 ], [ 79.974491, 6.458623 ], [ 79.974537, 6.458285 ], [ 79.974416, 6.457878 ] ] ] } },
{ "type": "Feature", "properties": { "element": "way", "id": 707555459 }, "geometry": { "type": "Polygon", "coordinates": [ [ [ 79.972988, 6.458889 ], [ 79.973345, 6.459127 ], [ 79.973684, 6.459183 ], [ 79.974019, 6.45911 ], [ 79.974303, 6.458917 ], [ 79.974638, 6.458486 ], [ 79.974739, 6.45814 ], [ 79.974698, 6.457782 ], [ 79.974457, 6.457403 ], [ 79.97415, 6.457214 ], [ 79.973763, 6.457115 ], [ 79.973409, 6.457167 ], [ 79.973102, 6.457353 ], [ 79.972775, 6.457843 ], [ 79.972693, 6.458182 ], [ 79.97278, 6.458609 ], [ 79.972988, 6.458889 ] ] ] } },
{ "type": "Feature", "properties": { "element": "way", "id": 707555460 }, "geometry": { "type": "Polygon", "coordinates": [ [ [ 79.975452, 6.457115 ], [ 79.975625, 6.456789 ], [ 79.975661, 6.456322 ], [ 79.975564, 6.455993 ], [ 79.975352, 6.455724 ], [ 79.975057, 6.455524 ], [ 79.974698, 6.455451 ], [ 79.974277, 6.455545 ], [ 79.973989, 6.45574 ], [ 79.97374, 6.456093 ], [ 79.973638, 6.456432 ], [ 79.973704, 6.456867 ], [ 79.973902, 6.45716 ], [ 79.974362, 6.457442 ], [ 79.974705, 6.45751 ], [ 79.975127, 6.457405 ], [ 79.975452, 6.457115 ] ] ] } },
{ "type": "Feature", "properties": { "element": "way", "id": 707555461 }, "geometry": { "type": "Polygon", "coordinates": [ [ [ 79.974051, 6.456915 ], [ 79.974314, 6.457201 ], [ 79.97472, 6.457357 ], [ 79.975068, 6.457332 ], [ 79.975501, 6.457115 ], [ 79.975738, 6.456835 ], [ 79.975844, 6.456483 ], [ 79.97579, 6.455993 ], [ 79.97563, 6.455695 ], [ 79.975333, 6.455429 ], [ 79.97501, 6.45529 ], [ 79.974659, 6.455284 ], [ 79.97426, 6.455464 ], [ 79.974031, 6.455731 ], [ 79.973849, 6.456235 ], [ 79.973879, 6.45659 ], [ 79.974051, 6.456915 ] ] ] } },
{ "type": "Feature", "properties": { "element": "way", "id": 707555463 }, "geometry": { "type": "Polygon", "coordinates": [ [ [ 79.975177, 6.457492 ], [ 79.975627, 6.457598 ], [ 79.975893, 6.457554 ], [ 79.976133, 6.457434 ], [ 79.976328, 6.457248 ], [ 79.97646, 6.457014 ], [ 79.976532, 6.456471 ], [ 79.976494, 6.455975 ], [ 79.976259, 6.455513 ], [ 79.97582, 6.455113 ], [ 79.975227, 6.454955 ], [ 79.974872, 6.455016 ], [ 79.974568, 6.455211 ], [ 79.974365, 6.455508 ], [ 79.974294, 6.455862 ], [ 79.974375, 6.456322 ], [ 79.974704, 6.457055 ], [ 79.974935, 6.457348 ], [ 79.975177, 6.457492 ] ] ] } },
{ "type": "Feature", "properties": { "element": "way", "id": 707555464 }, "geometry": { "type": "Polygon", "coordinates": [ [ [ 79.977489, 6.453294 ], [ 79.977584, 6.452923 ], [ 79.977534, 6.45257 ], [ 79.977352, 6.452264 ], [ 79.977066, 6.452053 ], [ 79.976734, 6.451965 ], [ 79.976374, 6.451987 ], [ 79.97605, 6.452148 ], [ 79.975816, 6.452422 ], [ 79.975681, 6.452846 ], [ 79.97571, 6.453196 ], [ 79.975871, 6.453508 ], [ 79.976199, 6.45377 ], [ 79.976613, 6.453885 ], [ 79.976954, 6.453829 ], [ 79.977249, 6.45365 ], [ 79.977489, 6.453294 ] ] ] } },
{ "type": "Feature", "properties": { "element": "way", "id": 707555465 }, "geometry": { "type": "Polygon", "coordinates": [ [ [ 79.975633, 6.454817 ], [ 79.975979, 6.454599 ], [ 79.976217, 6.454215 ], [ 79.976254, 6.4537 ], [ 79.976116, 6.453298 ], [ 79.975809, 6.453004 ], [ 79.975286, 6.452842 ], [ 79.974915, 6.452867 ], [ 79.974519, 6.453058 ], [ 79.974269, 6.453301 ], [ 79.97413, 6.45362 ], [ 79.974122, 6.453968 ], [ 79.974246, 6.454293 ], [ 79.974632, 6.454685 ], [ 79.974939, 6.454863 ], [ 79.97529, 6.454909 ], [ 79.975633, 6.454817 ] ] ] } },
{ "type": "Feature", "properties": { "element": "way", "id": 707555466 }, "geometry": { "type": "Polygon", "coordinates": [ [ [ 79.975963, 6.455528 ], [ 79.976392, 6.455411 ], [ 79.976669, 6.455174 ], [ 79.977631, 6.453402 ], [ 79.977675, 6.453057 ], [ 79.977586, 6.452722 ], [ 79.977378, 6.452445 ], [ 79.97708, 6.452266 ], [ 79.976467, 6.45221 ], [ 79.976217, 6.452281 ], [ 79.975998, 6.45242 ], [ 79.975503, 6.452954 ], [ 79.975196, 6.453617 ], [ 79.97498, 6.453848 ], [ 79.97485, 6.454075 ], [ 79.974791, 6.45433 ], [ 79.974807, 6.454591 ], [ 79.974994, 6.454982 ], [ 79.975236, 6.455269 ], [ 79.975449, 6.455426 ], [ 79.975699, 6.455515 ], [ 79.975963, 6.455528 ] ] ] } },
{ "type": "Feature", "properties": { "element": "way", "id": 707555467 }, "geometry": { "type": "Polygon", "coordinates": [ [ [ 79.976586, 6.453484 ], [ 79.976816, 6.453117 ], [ 79.976862, 6.452767 ], [ 79.976771, 6.452427 ], [ 79.976459, 6.452021 ], [ 79.976144, 6.451843 ], [ 79.975693, 6.451816 ], [ 79.975359, 6.451955 ], [ 79.975077, 6.452223 ], [ 79.974915, 6.452537 ], [ 79.974884, 6.452889 ], [ 79.974991, 6.453225 ], [ 79.975218, 6.453495 ], [ 79.975564, 6.453725 ], [ 79.9759, 6.453792 ], [ 79.976316, 6.453694 ], [ 79.976586, 6.453484 ] ] ] } },
{ "type": "Feature", "properties": { "element": "way", "id": 707555468 }, "geometry": { "type": "Polygon", "coordinates": [ [ [ 79.977954, 6.453323 ], [ 79.978113, 6.452934 ], [ 79.978101, 6.452584 ], [ 79.977958, 6.452265 ], [ 79.977704, 6.452024 ], [ 79.977257, 6.451877 ], [ 79.976901, 6.451885 ], [ 79.976575, 6.452031 ], [ 79.976331, 6.452291 ], [ 79.976207, 6.452625 ], [ 79.976222, 6.453041 ], [ 79.976363, 6.453354 ], [ 79.976609, 6.453592 ], [ 79.977007, 6.453737 ], [ 79.977371, 6.453735 ], [ 79.977705, 6.453589 ], [ 79.977954, 6.453323 ] ] ] } },
{ "type": "Feature", "properties": { "element": "way", "id": 707555469 }, "geometry": { "type": "Polygon", "coordinates": [ [ [ 79.977111, 6.452515 ], [ 79.977297, 6.452191 ], [ 79.977339, 6.451772 ], [ 79.977175, 6.451324 ], [ 79.976956, 6.451063 ], [ 79.976572, 6.45088 ], [ 79.976179, 6.450874 ], [ 79.975829, 6.450975 ], [ 79.975547, 6.451206 ], [ 79.975335, 6.451616 ], [ 79.975307, 6.451974 ], [ 79.97542, 6.452316 ], [ 79.975658, 6.452585 ], [ 79.976065, 6.452842 ], [ 79.976421, 6.452895 ], [ 79.976849, 6.452761 ], [ 79.977111, 6.452515 ] ] ] } },
{ "type": "Feature", "properties": { "element": "way", "id": 707555470 }, "geometry": { "type": "Polygon", "coordinates": [ [ [ 79.977384, 6.450821 ], [ 79.977281, 6.450412 ], [ 79.977058, 6.450134 ], [ 79.976745, 6.449963 ], [ 79.976351, 6.449913 ], [ 79.976012, 6.450015 ], [ 79.975737, 6.450238 ], [ 79.97557, 6.45055 ], [ 79.975523, 6.450948 ], [ 79.975619, 6.45128 ], [ 79.975833, 6.451552 ], [ 79.976193, 6.451751 ], [ 79.976546, 6.451796 ], [ 79.976889, 6.451702 ], [ 79.977169, 6.451484 ], [ 79.977343, 6.451174 ], [ 79.977384, 6.450821 ] ] ] } },
{ "type": "Feature", "properties": { "element": "way", "id": 707555471 }, "geometry": { "type": "Polygon", "coordinates": [ [ [ 79.977366, 6.450921 ], [ 79.977268, 6.450534 ], [ 79.977045, 6.450251 ], [ 79.976729, 6.450078 ], [ 79.976319, 6.450042 ], [ 79.975991, 6.450138 ], [ 79.975722, 6.450349 ], [ 79.975551, 6.450646 ], [ 79.975497, 6.451028 ], [ 79.975585, 6.451371 ], [ 79.975797, 6.451654 ], [ 79.976102, 6.451833 ], [ 79.976517, 6.451885 ], [ 79.97686, 6.451795 ], [ 79.977143, 6.45158 ], [ 79.97732, 6.451273 ], [ 79.977366, 6.450921 ] ] ] } },
{ "type": "Feature", "properties": { "element": "way", "id": 707555472 }, "geometry": { "type": "Polygon", "coordinates": [ [ [ 79.977649, 6.451406 ], [ 79.977744, 6.451022 ], [ 79.977678, 6.450663 ], [ 79.977461, 6.450309 ], [ 79.97714, 6.450009 ], [ 79.976813, 6.449875 ], [ 79.976459, 6.449878 ], [ 79.976133, 6.450016 ], [ 79.975885, 6.450268 ], [ 79.975728, 6.450682 ], [ 79.975735, 6.451046 ], [ 79.975886, 6.451378 ], [ 79.976269, 6.451758 ], [ 79.976682, 6.451923 ], [ 79.977041, 6.451908 ], [ 79.977367, 6.451755 ], [ 79.977649, 6.451406 ] ] ] } },
{ "type": "Feature", "properties": { "element": "way", "id": 707555473 }, "geometry": { "type": "Polygon", "coordinates": [ [ [ 79.977499, 6.45143 ], [ 79.977598, 6.451047 ], [ 79.97755, 6.450701 ], [ 79.977375, 6.450399 ], [ 79.977018, 6.450151 ], [ 79.976612, 6.450053 ], [ 79.976173, 6.450133 ], [ 79.975883, 6.450344 ], [ 79.975657, 6.450739 ], [ 79.975611, 6.451164 ], [ 79.97572, 6.451491 ], [ 79.975943, 6.451752 ], [ 79.976312, 6.45196 ], [ 79.976666, 6.452025 ], [ 79.977018, 6.451947 ], [ 79.977311, 6.451737 ], [ 79.977499, 6.45143 ] ] ] } },
{ "type": "Feature", "properties": { "element": "way", "id": 707555474 }, "geometry": { "type": "Polygon", "coordinates": [ [ [ 79.97414, 6.450139 ], [ 79.974038, 6.450489 ], [ 79.974073, 6.450841 ], [ 79.974241, 6.451153 ], [ 79.974579, 6.451427 ], [ 79.974928, 6.451527 ], [ 79.975289, 6.451481 ], [ 79.975602, 6.451297 ], [ 79.975867, 6.45095 ], [ 79.975949, 6.450595 ], [ 79.975885, 6.450236 ], [ 79.975616, 6.449848 ], [ 79.975323, 6.449651 ], [ 79.974977, 6.449582 ], [ 79.974631, 6.44965 ], [ 79.974337, 6.449846 ], [ 79.97414, 6.450139 ] ] ] } },
{ "type": "Feature", "properties": { "element": "way", "id": 707555475 }, "geometry": { "type": "Polygon", "coordinates": [ [ [ 79.974884, 6.449594 ], [ 79.974688, 6.449859 ], [ 79.974585, 6.450197 ], [ 79.974632, 6.450679 ], [ 79.974788, 6.450981 ], [ 79.975112, 6.451253 ], [ 79.975437, 6.451365 ], [ 79.97578, 6.451349 ], [ 79.976092, 6.451205 ], [ 79.976415, 6.450844 ], [ 79.976572, 6.450404 ], [ 79.976593, 6.450054 ], [ 79.976431, 6.449648 ], [ 79.976098, 6.449366 ], [ 79.975644, 6.449267 ], [ 79.975224, 6.449338 ], [ 79.974884, 6.449594 ] ] ] } },
{ "type": "Feature", "properties": { "element": "way", "id": 707555476 }, "geometry": { "type": "Polygon", "coordinates": [ [ [ 79.976009, 6.449209 ], [ 79.975238, 6.449545 ], [ 79.974981, 6.449891 ], [ 79.974914, 6.450318 ], [ 79.975052, 6.450726 ], [ 79.975308, 6.451033 ], [ 79.975615, 6.451206 ], [ 79.976238, 6.451311 ], [ 79.976661, 6.451198 ], [ 79.976929, 6.450971 ], [ 79.97715, 6.450569 ], [ 79.977181, 6.450219 ], [ 79.977029, 6.449754 ], [ 79.976801, 6.449472 ], [ 79.976367, 6.449241 ], [ 79.976009, 6.449209 ] ] ] } },
{ "type": "Feature", "properties": { "element": "way", "id": 707555477 }, "geometry": { "type": "Polygon", "coordinates": [ [ [ 79.978592, 6.450318 ], [ 79.978928, 6.450181 ], [ 79.979188, 6.449925 ], [ 79.979379, 6.44949 ], [ 79.979379, 6.449139 ], [ 79.979244, 6.448814 ], [ 79.978996, 6.448565 ], [ 79.978521, 6.448384 ], [ 79.978154, 6.448387 ], [ 79.977818, 6.448535 ], [ 79.977515, 6.448862 ], [ 79.977393, 6.449191 ], [ 79.977405, 6.449541 ], [ 79.977616, 6.449975 ], [ 79.977884, 6.450222 ], [ 79.978228, 6.450343 ], [ 79.978592, 6.450318 ] ] ] } },
{ "type": "Feature", "properties": { "element": "way", "id": 707555478 }, "geometry": { "type": "Polygon", "coordinates": [ [ [ 79.977054, 6.450594 ], [ 79.976785, 6.450908 ], [ 79.97659, 6.451275 ], [ 79.97614, 6.451757 ], [ 79.975847, 6.452519 ], [ 79.97591, 6.452964 ], [ 79.976112, 6.453263 ], [ 79.976414, 6.45346 ], [ 79.976834, 6.453582 ], [ 79.97719, 6.453537 ], [ 79.977431, 6.453413 ], [ 79.978029, 6.452743 ], [ 79.978533, 6.452341 ], [ 79.978683, 6.452103 ], [ 79.978771, 6.451839 ], [ 79.979418, 6.451009 ], [ 79.98021, 6.449788 ], [ 79.980541, 6.448552 ], [ 79.980598, 6.448155 ], [ 79.980892, 6.447874 ], [ 79.981038, 6.447469 ], [ 79.981028, 6.44721 ], [ 79.980938, 6.446933 ], [ 79.980673, 6.446567 ], [ 79.980352, 6.446397 ], [ 79.979901, 6.446381 ], [ 79.979316, 6.446668 ], [ 79.979097, 6.446845 ], [ 79.978942, 6.44708 ], [ 79.978728, 6.447576 ], [ 79.978564, 6.448158 ], [ 79.978211, 6.448789 ], [ 79.977677, 6.449512 ], [ 79.977535, 6.449863 ], [ 79.977182, 6.450259 ], [ 79.977054, 6.450594 ] ] ] } },
{ "type": "Feature", "properties": { "element": "way", "id": 707555479 }, "geometry": { "type": "Polygon", "coordinates": [ [ [ 79.977241, 6.44811 ], [ 79.976978, 6.44841 ], [ 79.976865, 6.448748 ], [ 79.976891, 6.449102 ], [ 79.977121, 6.449529 ], [ 79.977391, 6.449759 ], [ 79.977728, 6.449868 ], [ 79.978168, 6.449851 ], [ 79.97848, 6.449693 ], [ 79.978709, 6.449429 ], [ 79.978874, 6.448934 ], [ 79.978848, 6.448578 ], [ 79.978686, 6.448259 ], [ 79.978414, 6.448029 ], [ 79.977963, 6.447871 ], [ 79.977617, 6.447898 ], [ 79.977241, 6.44811 ] ] ] } },
{ "type": "Feature", "properties": { "element": "way", "id": 707555480 }, "geometry": { "type": "Polygon", "coordinates": [ [ [ 79.979123, 6.447706 ], [ 79.978825, 6.447412 ], [ 79.978492, 6.447292 ], [ 79.978033, 6.447313 ], [ 79.977652, 6.447511 ], [ 79.977371, 6.447887 ], [ 79.977241, 6.448236 ], [ 79.977262, 6.448607 ], [ 79.977469, 6.449049 ], [ 79.977732, 6.449279 ], [ 79.97816, 6.449435 ], [ 79.978513, 6.449411 ], [ 79.97883, 6.449254 ], [ 79.979063, 6.448986 ], [ 79.979305, 6.448489 ], [ 79.979303, 6.448064 ], [ 79.979123, 6.447706 ] ] ] } },
{ "type": "Feature", "properties": { "element": "way", "id": 707555481 }, "geometry": { "type": "Polygon", "coordinates": [ [ [ 79.978332, 6.446782 ], [ 79.977796, 6.447084 ], [ 79.977521, 6.447438 ], [ 79.977446, 6.44779 ], [ 79.977501, 6.448266 ], [ 79.977666, 6.44858 ], [ 79.97808, 6.448952 ], [ 79.978408, 6.449057 ], [ 79.978752, 6.449033 ], [ 79.979128, 6.448825 ], [ 79.979612, 6.448224 ], [ 79.979783, 6.447708 ], [ 79.979758, 6.447354 ], [ 79.97954, 6.446969 ], [ 79.979329, 6.446806 ], [ 79.979079, 6.446711 ], [ 79.978596, 6.446684 ], [ 79.978332, 6.446782 ] ] ] } },
{ "type": "Feature", "properties": { "element": "way", "id": 707555482 }, "geometry": { "type": "Polygon", "coordinates": [ [ [ 79.978111, 6.446833 ], [ 79.977919, 6.447184 ], [ 79.977881, 6.447532 ], [ 79.977977, 6.447868 ], [ 79.978193, 6.448142 ], [ 79.978624, 6.448371 ], [ 79.978976, 6.448414 ], [ 79.979317, 6.448318 ], [ 79.979596, 6.448099 ], [ 79.979813, 6.447763 ], [ 79.979889, 6.447424 ], [ 79.979831, 6.44708 ], [ 79.979585, 6.446723 ], [ 79.979156, 6.446487 ], [ 79.978798, 6.446439 ], [ 79.978449, 6.446535 ], [ 79.978111, 6.446833 ] ] ] } },
{ "type": "Feature", "properties": { "element": "way", "id": 707555483 }, "geometry": { "type": "Polygon", "coordinates": [ [ [ 79.980561, 6.445948 ], [ 79.980336, 6.445714 ], [ 79.980022, 6.445556 ], [ 79.979671, 6.445529 ], [ 79.979337, 6.445638 ], [ 79.979021, 6.445928 ], [ 79.978859, 6.446251 ], [ 79.978835, 6.446611 ], [ 79.978954, 6.446951 ], [ 79.979264, 6.447309 ], [ 79.979592, 6.44746 ], [ 79.979953, 6.44747 ], [ 79.980367, 6.447298 ], [ 79.980625, 6.447046 ], [ 79.980763, 6.446712 ], [ 79.98076, 6.446351 ], [ 79.980561, 6.445948 ] ] ] } },
{ "type": "Feature", "properties": { "element": "way", "id": 707555484 }, "geometry": { "type": "Polygon", "coordinates": [ [ [ 79.978049, 6.447929 ], [ 79.978775, 6.448171 ], [ 79.979217, 6.448107 ], [ 79.97953, 6.447891 ], [ 79.979896, 6.447743 ], [ 79.980181, 6.4475 ], [ 79.980336, 6.447283 ], [ 79.980434, 6.446854 ], [ 79.980318, 6.446429 ], [ 79.980088, 6.44616 ], [ 79.979529, 6.445744 ], [ 79.979095, 6.445648 ], [ 79.978138, 6.445735 ], [ 79.977736, 6.445943 ], [ 79.977519, 6.446234 ], [ 79.977398, 6.446865 ], [ 79.977484, 6.447284 ], [ 79.977821, 6.44778 ], [ 79.978049, 6.447929 ] ] ] } },
{ "type": "Feature", "properties": { "element": "way", "id": 778304927 }, "geometry": { "type": "Polygon", "coordinates": [ [ [ 79.822536, 6.942649 ], [ 79.822255, 6.943063 ], [ 79.821865, 6.944026 ], [ 79.821678, 6.944666 ], [ 79.821572, 6.945304 ], [ 79.821545, 6.948174 ], [ 79.821607, 6.956702 ], [ 79.821765, 6.957531 ], [ 79.821975, 6.958057 ], [ 79.822392, 6.958689 ], [ 79.830202, 6.966575 ], [ 79.830418, 6.966735 ], [ 79.830671, 6.966825 ], [ 79.831088, 6.96684 ], [ 79.831359, 6.966797 ], [ 79.831742, 6.966554 ], [ 79.831954, 6.966321 ], [ 79.832082, 6.966094 ], [ 79.832137, 6.965667 ], [ 79.832094, 6.965329 ], [ 79.832005, 6.965087 ], [ 79.831787, 6.964821 ], [ 79.831444, 6.964588 ], [ 79.831163, 6.96449 ], [ 79.830664, 6.964005 ], [ 79.83065, 6.963551 ], [ 79.830582, 6.963293 ], [ 79.830442, 6.963066 ], [ 79.830223, 6.962877 ], [ 79.829974, 6.961892 ], [ 79.829445, 6.961136 ], [ 79.827954, 6.960068 ], [ 79.827758, 6.959871 ], [ 79.827947, 6.959587 ], [ 79.828016, 6.959241 ], [ 79.828026, 6.946561 ], [ 79.828193, 6.946431 ], [ 79.828351, 6.946218 ], [ 79.828459, 6.945792 ], [ 79.828456, 6.945335 ], [ 79.828363, 6.945012 ], [ 79.828151, 6.944736 ], [ 79.82785, 6.944556 ], [ 79.827596, 6.944502 ], [ 79.826741, 6.944522 ], [ 79.826403, 6.944598 ], [ 79.826182, 6.944736 ], [ 79.826009, 6.944932 ], [ 79.825866, 6.945339 ], [ 79.82588, 6.946675 ], [ 79.826017, 6.947004 ], [ 79.826215, 6.947213 ], [ 79.826207, 6.958336 ], [ 79.825914, 6.958353 ], [ 79.825585, 6.958491 ], [ 79.825335, 6.958744 ], [ 79.825221, 6.958994 ], [ 79.823764, 6.957505 ], [ 79.823593, 6.957237 ], [ 79.823483, 6.956953 ], [ 79.823417, 6.956607 ], [ 79.823355, 6.948168 ], [ 79.823381, 6.945406 ], [ 79.823558, 6.944669 ], [ 79.823859, 6.943916 ], [ 79.824082, 6.943595 ], [ 79.824532, 6.943128 ], [ 79.82464, 6.942886 ], [ 79.824672, 6.942622 ], [ 79.824595, 6.942278 ], [ 79.823333, 6.939431 ], [ 79.823419, 6.938691 ], [ 79.823311, 6.938263 ], [ 79.823152, 6.938049 ], [ 79.822864, 6.937818 ], [ 79.822614, 6.937729 ], [ 79.822235, 6.937716 ], [ 79.821988, 6.937775 ], [ 79.821767, 6.9379 ], [ 79.821422, 6.938321 ], [ 79.821337, 6.93865 ], [ 79.821367, 6.939732 ], [ 79.821438, 6.940055 ], [ 79.822536, 6.942649 ] ] ] } },
{ "type": "Feature", "properties": { "element": "way", "id": 778304929 }, "geometry": { "type": "Polygon", "coordinates": [ [ [ 79.839033, 6.925888 ], [ 79.839478, 6.925846 ], [ 79.839699, 6.925896 ], [ 79.83998, 6.926037 ], [ 79.84008, 6.92615 ], [ 79.840078, 6.926556 ], [ 79.840525, 6.928455 ], [ 79.840709, 6.928766 ], [ 79.840919, 6.928938 ], [ 79.841351, 6.929064 ], [ 79.842394, 6.928952 ], [ 79.842965, 6.928791 ], [ 79.843435, 6.928517 ], [ 79.843833, 6.92815 ], [ 79.844019, 6.927797 ], [ 79.845078, 6.924588 ], [ 79.846208, 6.920758 ], [ 79.846206, 6.920405 ], [ 79.846016, 6.920009 ], [ 79.845662, 6.919749 ], [ 79.845227, 6.919686 ], [ 79.844813, 6.919836 ], [ 79.844519, 6.920163 ], [ 79.842964, 6.925268 ], [ 79.842322, 6.927087 ], [ 79.842077, 6.927166 ], [ 79.841967, 6.926695 ], [ 79.842053, 6.926391 ], [ 79.842056, 6.926119 ], [ 79.841872, 6.925542 ], [ 79.84175, 6.92531 ], [ 79.841092, 6.924589 ], [ 79.840311, 6.924187 ], [ 79.839619, 6.924036 ], [ 79.83905, 6.92405 ], [ 79.838572, 6.924133 ], [ 79.837899, 6.924445 ], [ 79.837627, 6.92467 ], [ 79.837462, 6.924982 ], [ 79.83743, 6.925334 ], [ 79.837534, 6.925671 ], [ 79.83776, 6.925942 ], [ 79.838072, 6.926107 ], [ 79.838335, 6.926144 ], [ 79.838681, 6.926074 ], [ 79.839033, 6.925888 ] ] ] } },
{ "type": "Feature", "properties": { "element": "way", "id": 778304930 }, "geometry": { "type": "Polygon", "coordinates": [ [ [ 79.836785, 6.926405 ], [ 79.836944, 6.927123 ], [ 79.837184, 6.927526 ], [ 79.837543, 6.927793 ], [ 79.837947, 6.927914 ], [ 79.838353, 6.927883 ], [ 79.838672, 6.927755 ], [ 79.83903, 6.92742 ], [ 79.839292, 6.926841 ], [ 79.839493, 6.926922 ], [ 79.839901, 6.928667 ], [ 79.840104, 6.928956 ], [ 79.840402, 6.929145 ], [ 79.84075, 6.929206 ], [ 79.841094, 6.929129 ], [ 79.841383, 6.928926 ], [ 79.841572, 6.928628 ], [ 79.841627, 6.928192 ], [ 79.841322, 6.926809 ], [ 79.841415, 6.926524 ], [ 79.841424, 6.926261 ], [ 79.841271, 6.925851 ], [ 79.840944, 6.925561 ], [ 79.839134, 6.924826 ], [ 79.838939, 6.924571 ], [ 79.838637, 6.924389 ], [ 79.838288, 6.924337 ], [ 79.837945, 6.924421 ], [ 79.837724, 6.924568 ], [ 79.837279, 6.925055 ], [ 79.836927, 6.925621 ], [ 79.836805, 6.926005 ], [ 79.836785, 6.926405 ] ] ] } },
{ "type": "Feature", "properties": { "element": "way", "id": 1467829593 }, "geometry": { "type": "Polygon", "coordinates": [ [ [ 79.827951, 7.206666 ], [ 79.827473, 7.207714 ], [ 79.827407, 7.208249 ], [ 79.827451, 7.208521 ], [ 79.827574, 7.208766 ], [ 79.827766, 7.208964 ], [ 79.827993, 7.209089 ], [ 79.827758, 7.209365 ], [ 79.827648, 7.209782 ], [ 79.827708, 7.210123 ], [ 79.827953, 7.210534 ], [ 79.828243, 7.210738 ], [ 79.828589, 7.210816 ], [ 79.828938, 7.210754 ], [ 79.829445, 7.210502 ], [ 79.829904, 7.211019 ], [ 79.830286, 7.211669 ], [ 79.830633, 7.212122 ], [ 79.830677, 7.212355 ], [ 79.830797, 7.212599 ], [ 79.831027, 7.212864 ], [ 79.831341, 7.213022 ], [ 79.831691, 7.213049 ], [ 79.832029, 7.212943 ], [ 79.832494, 7.212691 ], [ 79.832829, 7.212902 ], [ 79.833627, 7.213797 ], [ 79.834205, 7.214842 ], [ 79.83488, 7.215728 ], [ 79.835196, 7.215887 ], [ 79.835549, 7.215912 ], [ 79.835884, 7.215801 ], [ 79.836093, 7.215637 ], [ 79.836309, 7.215254 ], [ 79.836342, 7.214991 ], [ 79.836296, 7.21473 ], [ 79.835708, 7.213831 ], [ 79.835055, 7.212678 ], [ 79.834042, 7.211547 ], [ 79.833015, 7.210877 ], [ 79.832775, 7.21077 ], [ 79.832513, 7.210736 ], [ 79.832253, 7.210778 ], [ 79.831981, 7.210908 ], [ 79.831319, 7.209886 ], [ 79.830396, 7.208889 ], [ 79.829932, 7.208633 ], [ 79.829473, 7.207984 ], [ 79.829727, 7.207784 ], [ 79.829905, 7.207523 ], [ 79.830027, 7.207538 ], [ 79.830683, 7.208036 ], [ 79.831394, 7.208421 ], [ 79.831341, 7.208694 ], [ 79.831369, 7.208954 ], [ 79.831471, 7.209195 ], [ 79.831694, 7.209461 ], [ 79.832059, 7.209664 ], [ 79.832533, 7.209709 ], [ 79.832909, 7.209591 ], [ 79.833139, 7.209433 ], [ 79.83347, 7.208912 ], [ 79.833969, 7.208895 ], [ 79.83421, 7.208782 ], [ 79.834407, 7.208605 ], [ 79.834545, 7.208378 ], [ 79.834616, 7.208033 ], [ 79.834549, 7.207686 ], [ 79.834355, 7.207392 ], [ 79.834062, 7.207194 ], [ 79.833377, 7.207017 ], [ 79.832943, 7.206995 ], [ 79.83266, 7.207037 ], [ 79.832285, 7.2068 ], [ 79.831627, 7.206491 ], [ 79.830968, 7.205927 ], [ 79.830437, 7.205655 ], [ 79.830107, 7.205565 ], [ 79.829818, 7.205583 ], [ 79.829502, 7.205702 ], [ 79.82898, 7.205687 ], [ 79.828625, 7.205838 ], [ 79.828369, 7.206104 ], [ 79.828245, 7.20638 ], [ 79.827951, 7.206666 ] ] ] } },
{ "type": "Feature", "properties": { "element": "way", "id": 1467829595 }, "geometry": { "type": "Polygon", "coordinates": [ [ [ 79.833318, 7.208843 ], [ 79.834565, 7.209135 ], [ 79.834955, 7.209126 ], [ 79.835324, 7.209192 ], [ 79.83559, 7.209176 ], [ 79.835839, 7.209084 ], [ 79.83611, 7.208858 ], [ 79.836274, 7.208545 ], [ 79.836305, 7.208194 ], [ 79.8362, 7.207857 ], [ 79.835973, 7.207586 ], [ 79.835573, 7.207402 ], [ 79.833761, 7.207125 ], [ 79.833497, 7.207149 ], [ 79.833251, 7.207249 ], [ 79.832987, 7.207484 ], [ 79.832834, 7.207802 ], [ 79.832814, 7.208154 ], [ 79.832889, 7.208409 ], [ 79.833098, 7.208693 ], [ 79.833318, 7.208843 ] ] ] } },
{ "type": "Feature", "properties": { "element": "way", "id": 1467829596 }, "geometry": { "type": "Polygon", "coordinates": [ [ [ 79.835539, 7.209214 ], [ 79.835869, 7.209211 ], [ 79.836278, 7.209094 ], [ 79.836591, 7.20889 ], [ 79.836792, 7.2086 ], [ 79.836867, 7.208255 ], [ 79.836804, 7.207908 ], [ 79.836612, 7.207611 ], [ 79.836322, 7.20741 ], [ 79.835976, 7.207336 ], [ 79.835147, 7.207424 ], [ 79.834768, 7.207648 ], [ 79.83457, 7.20794 ], [ 79.834504, 7.208197 ], [ 79.834516, 7.208462 ], [ 79.834702, 7.208861 ], [ 79.835054, 7.209124 ], [ 79.835539, 7.209214 ] ] ] } }
]
}
